"Date","Price","Open","High","Low","Change %"
"Aug 29, 2018","14,655.0","14,625.0","14,658.0","14,625.0","0.23%"
"Aug 28, 2018","14,622.0","14,585.0","14,630.0","14,585.0","0.01%"
"Aug 27, 2018","14,620.0","14,605.0","14,630.0","14,585.0","-0.15%"
"Aug 24, 2018","14,642.0","14,650.0","14,665.0","14,640.0","0.08%"
"Aug 23, 2018","14,630.0","14,600.0","14,642.0","14,600.0","0.34%"
"Aug 22, 2018","14,580.0","14,580.0","14,580.0","14,580.0","0.00%"
"Aug 21, 2018","14,580.0","14,550.0","14,590.0","14,550.0","-0.07%"
"Aug 20, 2018","14,590.0","14,560.0","14,595.0","14,555.0","-0.14%"
"Aug 17, 2018","14,610.0","14,610.0","14,610.0","14,610.0","0.00%"
"Aug 16, 2018","14,610.0","14,635.0","14,635.0","14,580.0","0.07%"
"Aug 15, 2018","14,600.0","14,600.0","14,651.0","14,570.0","0.14%"
"Aug 14, 2018","14,580.0","14,602.0","14,635.0","14,575.0","-0.10%"
"Aug 13, 2018","14,595.0","14,495.0","14,630.0","14,495.0","0.83%"
"Aug 10, 2018","14,475.0","14,425.0","14,482.0","14,425.0","0.45%"
"Aug 09, 2018","14,410.0","14,430.0","14,440.0","14,395.0","-0.17%"
"Aug 08, 2018","14,435.0","14,438.0","14,450.0","14,430.0","-0.03%"
"Aug 07, 2018","14,440.0","14,486.0","14,493.0","14,434.0","-0.21%"
"Aug 06, 2018","14,470.0","14,495.0","14,495.0","14,465.0","-0.16%"
"Aug 03, 2018","14,492.5","14,487.5","14,517.5","14,487.5","0.12%"
"Aug 02, 2018","14,475.0","14,440.0","14,480.0","14,440.0","0.24%"
"Aug 01, 2018","14,440.0","14,430.0","14,455.0","14,430.0","0.14%"
"Jul 31, 2018","14,420.0","14,405.0","14,427.0","14,402.0","0.07%"
"Jul 30, 2018","14,410.0","14,385.0","14,420.0","14,385.0","-0.05%"
"Jul 27, 2018","14,417.5","14,457.5","14,492.5","14,372.5","-0.29%"
"Jul 26, 2018","14,460.0","14,425.0","14,475.0","14,415.0","0.00%"
"Jul 25, 2018","14,460.0","14,500.0","14,530.0","14,460.0","-0.48%"
"Jul 24, 2018","14,530.0","14,510.0","14,565.0","14,510.0","0.28%"
"Jul 23, 2018","14,490.0","14,430.0","14,498.0","14,425.0","0.07%"
"Jul 20, 2018","14,480.0","14,485.0","14,545.0","14,475.0","0.03%"
"Jul 19, 2018","14,475.0","14,405.0","14,480.0","14,405.0","0.49%"
"Jul 18, 2018","14,405.0","14,390.0","14,422.0","14,390.0","0.24%"
"Jul 17, 2018","14,370.0","14,385.0","14,400.0","14,362.0","-0.03%"
"Jul 16, 2018","14,375.0","14,390.0","14,420.0","14,375.0","-0.03%"
"Jul 13, 2018","14,380.0","14,340.0","14,386.0","14,340.0","0.00%"
"Jul 12, 2018","14,380.0","14,405.0","14,445.0","14,380.0","-0.03%"
"Jul 11, 2018","14,385.0","14,375.0","14,395.0","14,375.0","0.17%"
"Jul 10, 2018","14,360.0","14,305.0","14,375.0","14,305.0","0.24%"
"Jul 09, 2018","14,325.0","14,330.0","14,345.0","14,320.0","-0.31%"
"Jul 06, 2018","14,370.0","14,375.0","14,422.0","14,358.0","-0.10%"
"Jul 05, 2018","14,385.0","14,365.0","14,425.0","14,365.0","0.23%"
"Jul 04, 2018","14,352.0","14,330.0","14,370.0","14,310.0","-0.19%"
"Jul 03, 2018","14,380.0","14,370.0","14,460.0","14,370.0","0.00%"
"Jul 02, 2018","14,380.0","14,255.0","14,410.0","14,255.0","0.35%"
"Jun 29, 2018","14,330.0","14,365.0","14,415.0","14,305.0","-0.42%"
"Jun 28, 2018","14,390.0","14,220.0","14,400.0","14,195.0","1.50%"
"Jun 27, 2018","14,178.0","14,178.0","14,178.0","14,178.0","0.00%"
"Jun 26, 2018","14,178.0","14,130.0","14,185.0","14,130.0","0.16%"
"Jun 25, 2018","14,155.0","14,103.0","14,165.0","14,103.0","0.53%"
"Jun 22, 2018","14,080.0","14,095.0","14,110.0","14,058.0","-0.16%"
"Jun 21, 2018","14,103.0","13,975.0","14,111.0","13,975.0","1.24%"
"Jun 20, 2018","13,930.0","13,930.0","13,930.0","13,930.0","0.00%"
"Jun 19, 2018","13,930.0","13,930.0","13,930.0","13,930.0","0.00%"
"Jun 18, 2018","13,930.0","13,930.0","13,930.0","13,930.0","0.00%"
"Jun 15, 2018","13,930.0","13,930.0","13,930.0","13,930.0","0.00%"
"Jun 14, 2018","13,930.0","13,930.0","13,930.0","13,930.0","0.00%"
"Jun 13, 2018","13,930.0","13,930.0","13,930.0","13,930.0","0.00%"
"Jun 12, 2018","13,930.0","13,930.0","13,930.0","13,930.0","0.00%"
"Jun 11, 2018","13,930.0","13,930.0","13,930.0","13,930.0","0.00%"
"Jun 08, 2018","13,930.0","13,906.0","13,947.0","13,895.0","0.43%"
"Jun 07, 2018","13,870.0","13,860.0","13,887.0","13,850.0","0.13%"
"Jun 06, 2018","13,852.5","13,882.5","13,885.5","13,832.5","-0.19%"
"Jun 05, 2018","13,879.0","13,865.0","13,900.0","13,865.0","0.05%"
"Jun 04, 2018","13,872.0","13,855.0","13,901.0","13,850.0","-0.17%"
"Jun 01, 2018","13,895.0","13,895.0","13,895.0","13,895.0","0.00%"
"May 31, 2018","13,895.0","13,945.0","13,961.0","13,875.0","-0.68%"
"May 30, 2018","13,990.0","14,025.0","14,045.0","13,970.0","0.00%"
"May 29, 2018","13,990.0","13,990.0","13,990.0","13,990.0","0.00%"
"May 28, 2018","13,990.0","14,085.0","14,085.0","13,975.0","-0.92%"
"May 25, 2018","14,120.0","14,145.0","14,175.0","14,120.0","-0.11%"
"May 24, 2018","14,135.0","14,180.0","14,215.0","14,130.0","-0.51%"
"May 23, 2018","14,207.0","14,155.0","14,215.0","14,155.0","0.49%"
"May 22, 2018","14,138.0","14,155.0","14,192.0","14,125.0","-0.33%"
"May 21, 2018","14,185.0","14,155.0","14,205.0","14,155.0","0.23%"
"May 18, 2018","14,152.5","14,042.5","14,157.5","14,042.5","0.72%"
"May 17, 2018","14,052.0","14,065.0","14,082.0","14,045.0","-0.29%"
"May 16, 2018","14,093.0","14,070.0","14,115.0","14,070.0","0.40%"
"May 15, 2018","14,037.0","13,984.0","14,040.0","13,984.0","0.48%"
"May 14, 2018","13,970.0","13,955.0","13,990.0","13,945.0","0.14%"
"May 11, 2018","13,950.0","14,075.0","14,075.0","13,950.0","-0.92%"
"May 10, 2018","14,080.0","14,080.0","14,080.0","14,080.0","0.00%"
"May 09, 2018","14,080.0","14,060.0","14,090.0","14,060.0","0.21%"
"May 08, 2018","14,050.0","14,000.0","14,055.0","14,000.0","0.36%"
"May 07, 2018","14,000.0","13,940.0","14,005.0","13,940.0","0.43%"
"May 04, 2018","13,940.0","13,930.0","13,952.0","13,930.0","0.02%"
"May 03, 2018","13,937.5","13,952.5","13,975.5","13,936.5","-0.05%"
"May 02, 2018","13,945.0","13,920.0","13,965.0","13,920.0","0.23%"
"May 01, 2018","13,912.5","13,912.5","13,912.5","13,912.5","0.00%"
"Apr 30, 2018","13,912.5","13,862.5","13,912.5","13,862.5","0.16%"
"Apr 27, 2018","13,890.0","13,875.0","13,901.0","13,874.0","0.02%"
"Apr 26, 2018","13,887.5","13,912.5","13,932.5","13,881.5","-0.23%"
"Apr 25, 2018","13,920.0","13,877.0","13,925.0","13,875.0","0.23%"
"Apr 24, 2018","13,887.5","13,897.5","13,901.5","13,882.5","-0.05%"
"Apr 23, 2018","13,895.0","13,900.0","13,900.0","13,894.0","0.13%"
"Apr 20, 2018","13,877.5","13,792.5","13,877.5","13,787.5","0.70%"
"Apr 19, 2018","13,781.0","13,771.0","13,785.0","13,769.0","0.05%"
"Apr 18, 2018","13,774.5","13,766.5","13,776.5","13,766.5","0.06%"
"Apr 17, 2018","13,766.0","13,761.0","13,773.0","13,751.0","-0.06%"
"Apr 16, 2018","13,774.5","13,752.5","13,779.5","13,752.5","0.16%"
"Apr 13, 2018","13,752.5","13,742.5","13,760.5","13,740.5","-0.12%"
"Apr 12, 2018","13,769.5","13,755.5","13,770.5","13,750.5","0.08%"
"Apr 11, 2018","13,758.5","13,744.5","13,761.5","13,741.5","0.07%"
"Apr 10, 2018","13,749.0","13,761.0","13,762.0","13,736.0","-0.11%"
"Apr 09, 2018","13,764.5","13,764.5","13,775.5","13,759.5","-0.07%"
"Apr 06, 2018","13,773.5","13,773.5","13,783.5","13,773.5","0.05%"
"Apr 05, 2018","13,766.5","13,762.5","13,772.5","13,762.5","0.00%"
"Apr 04, 2018","13,766.5","13,763.5","13,768.5","13,753.5","0.01%"
"Apr 03, 2018","13,764.5","13,761.5","13,767.5","13,751.5","0.08%"
"Apr 02, 2018","13,754.0","13,741.0","13,761.0","13,741.0","-0.08%"
"Mar 30, 2018","13,765.0","13,765.0","13,765.0","13,765.0","0.00%"
"Mar 29, 2018","13,765.0","13,767.0","13,775.0","13,749.0","0.01%"
"Mar 28, 2018","13,763.0","13,748.0","13,768.0","13,733.0","0.15%"
"Mar 27, 2018","13,742.0","13,717.0","13,747.0","13,697.0","0.01%"
"Mar 26, 2018","13,740.0","13,780.0","13,785.0","13,740.0","-0.31%"
"Mar 23, 2018","13,782.5","13,762.5","13,796.5","13,762.5","0.22%"
"Mar 22, 2018","13,752.5","13,727.5","13,753.5","13,727.5","-0.07%"
"Mar 21, 2018","13,762.5","13,757.5","13,766.5","13,752.5","0.09%"
"Mar 20, 2018","13,750.0","13,766.0","13,768.0","13,750.0","-0.11%"
"Mar 19, 2018","13,764.5","13,765.5","13,765.5","13,755.5","0.11%"
"Mar 16, 2018","13,749.0","13,764.0","13,770.0","13,744.0","0.01%"
"Mar 15, 2018","13,747.5","13,737.5","13,752.5","13,737.5","0.08%"
"Mar 14, 2018","13,736.5","13,741.5","13,742.5","13,726.5","-0.10%"
"Mar 13, 2018","13,750.5","13,764.5","13,764.5","13,749.5","-0.14%"
"Mar 12, 2018","13,770.0","13,770.0","13,780.0","13,770.0","-0.08%"
"Mar 09, 2018","13,781.0","13,794.0","13,799.0","13,774.0","-0.03%"
"Mar 08, 2018","13,785.0","13,760.0","13,785.0","13,760.0","0.14%"
"Mar 07, 2018","13,766.0","13,754.0","13,776.0","13,754.0","-0.07%"
"Mar 06, 2018","13,775.0","13,750.0","13,785.0","13,745.0","0.09%"
"Mar 05, 2018","13,762.5","13,737.5","13,775.5","13,737.5","0.04%"
"Mar 02, 2018","13,757.5","13,722.5","13,762.5","13,722.5","0.07%"
"Mar 01, 2018","13,747.5","13,782.5","13,802.5","13,742.5","0.02%"
"Feb 28, 2018","13,745.0","13,705.0","13,755.0","13,705.0","0.51%"
"Feb 27, 2018","13,675.0","13,652.0","13,685.0","13,650.0","0.11%"
"Feb 26, 2018","13,660.0","13,660.0","13,665.0","13,645.0","-0.05%"
"Feb 23, 2018","13,667.5","13,667.5","13,684.5","13,662.5","-0.11%"
"Feb 22, 2018","13,682.5","13,652.5","13,690.5","13,652.5","0.47%"
"Feb 21, 2018","13,618.5","13,575.5","13,618.5","13,570.5","0.04%"
"Feb 20, 2018","13,612.5","13,562.5","13,615.5","13,562.5","0.38%"
"Feb 19, 2018","13,560.5","13,552.5","13,562.5","13,532.5","0.01%"
"Feb 16, 2018","13,558.5","13,558.5","13,558.5","13,558.5","0.00%"
"Feb 15, 2018","13,558.5","13,591.5","13,591.5","13,541.5","-0.51%"
"Feb 14, 2018","13,628.5","13,647.5","13,662.5","13,612.5","-0.21%"
"Feb 13, 2018","13,657.5","13,632.5","13,657.5","13,632.5","0.00%"
"Feb 12, 2018","13,657.5","13,607.5","13,657.5","13,597.5","0.22%"
"Feb 09, 2018","13,627.5","13,642.5","13,650.5","13,617.5","0.17%"
"Feb 08, 2018","13,605.0","13,605.0","13,627.0","13,595.0","0.38%"
"Feb 07, 2018","13,553.0","13,526.0","13,561.0","13,523.0","0.00%"
"Feb 06, 2018","13,552.5","13,567.5","13,607.5","13,552.5","0.20%"
"Feb 05, 2018","13,525.0","13,495.0","13,530.0","13,495.0","0.55%"
"Feb 02, 2018","13,451.5","13,413.5","13,453.5","13,413.5","0.18%"
"Feb 01, 2018","13,427.0","13,387.0","13,432.0","13,387.0","0.29%"
"Jan 31, 2018","13,388.5","13,421.5","13,426.5","13,376.5","-0.33%"
"Jan 30, 2018","13,432.5","13,382.5","13,442.5","13,382.5","0.52%"
"Jan 29, 2018","13,363.5","13,311.5","13,363.5","13,311.5","0.42%"
"Jan 26, 2018","13,307.0","13,296.0","13,311.0","13,296.0","0.14%"
"Jan 25, 2018","13,288.5","13,291.5","13,296.5","13,266.5","-0.19%"
"Jan 24, 2018","13,313.5","13,317.5","13,330.5","13,309.5","-0.09%"
"Jan 23, 2018","13,325.0","13,335.0","13,336.0","13,310.0","-0.17%"
"Jan 22, 2018","13,347.5","13,320.5","13,350.5","13,320.5","0.26%"
"Jan 19, 2018","13,313.5","13,338.5","13,343.5","13,286.5","-0.24%"
"Jan 18, 2018","13,346.0","13,361.0","13,371.0","13,341.0","-0.09%"
"Jan 17, 2018","13,357.5","13,317.5","13,362.5","13,317.5","0.15%"
"Jan 16, 2018","13,337.5","13,330.5","13,340.5","13,325.5","0.02%"
"Jan 15, 2018","13,334.5","13,325.5","13,338.5","13,315.5","-0.14%"
"Jan 12, 2018","13,353.5","13,368.5","13,371.5","13,353.5","-0.34%"
"Jan 11, 2018","13,399.5","13,428.5","13,430.5","13,399.5","-0.28%"
"Jan 10, 2018","13,436.5","13,435.5","13,455.5","13,427.5","-0.01%"
"Jan 09, 2018","13,437.5","13,429.5","13,440.5","13,407.5","0.08%"
"Jan 08, 2018","13,426.5","13,405.5","13,426.5","13,390.5","0.08%"
"Jan 05, 2018","13,415.5","13,413.5","13,435.5","13,392.5","-0.06%"
"Jan 04, 2018","13,423.5","13,466.5","13,481.5","13,411.5","-0.40%"
"Jan 03, 2018","13,478.0","13,500.0","13,509.0","13,476.0","-0.29%"
"Jan 02, 2018","13,517.5","13,537.5","13,555.5","13,514.5","-0.37%"
"Jan 01, 2018","13,567.5","13,567.5","13,567.5","13,567.5","0.00%"
"Dec 29, 2017","13,567.5","13,542.5","13,567.5","13,542.5","0.04%"
"Dec 28, 2017","13,562.0","13,554.0","13,566.0","13,554.0","0.01%"
"Dec 27, 2017","13,560.5","13,551.5","13,565.5","13,551.5","-0.00%"
"Dec 26, 2017","13,561.0","13,561.0","13,561.0","13,561.0","0.00%"
"Dec 25, 2017","13,561.0","13,561.0","13,561.0","13,561.0","0.00%"
"Dec 22, 2017","13,561.0","13,556.0","13,562.0","13,546.0","0.03%"
"Dec 21, 2017","13,557.5","13,542.5","13,567.5","13,537.5","-0.15%"
"Dec 20, 2017","13,577.5","13,577.5","13,584.5","13,577.5","0.01%"
"Dec 19, 2017","13,576.5","13,576.5","13,588.5","13,574.5","-0.04%"
"Dec 18, 2017","13,581.5","13,571.5","13,588.5","13,571.5","0.02%"
"Dec 15, 2017","13,578.5","13,566.5","13,578.5","13,563.5","0.01%"
"Dec 14, 2017","13,577.5","13,562.5","13,580.5","13,560.5","-0.06%"
"Dec 13, 2017","13,585.0","13,595.0","13,596.0","13,585.0","0.12%"
"Dec 12, 2017","13,568.5","13,549.5","13,571.5","13,546.5","0.12%"
"Dec 11, 2017","13,552.5","13,542.5","13,552.5","13,542.5","0.04%"
"Dec 08, 2017","13,547.5","13,557.5","13,560.5","13,539.5","-0.04%"
"Dec 07, 2017","13,553.5","13,548.5","13,558.5","13,547.5","0.11%"
"Dec 06, 2017","13,539.0","13,521.0","13,539.0","13,516.0","0.15%"
"Dec 05, 2017","13,519.0","13,511.0","13,520.0","13,511.0","-0.05%"
"Dec 04, 2017","13,526.0","13,531.0","13,533.0","13,516.0","0.00%"
"Dec 01, 2017","13,526.0","13,526.0","13,526.0","13,526.0","0.00%"
"Nov 30, 2017","13,526.0","13,512.0","13,526.0","13,512.0","0.17%"
"Nov 29, 2017","13,502.5","13,510.5","13,517.5","13,495.5","-0.04%"
"Nov 28, 2017","13,508.5","13,528.5","13,530.5","13,503.5","-0.07%"
"Nov 27, 2017","13,518.5","13,504.5","13,521.5","13,504.5","0.12%"
"Nov 24, 2017","13,502.5","13,507.5","13,513.5","13,500.5","-0.08%"
"Nov 23, 2017","13,513.0","13,507.0","13,517.0","13,492.0","-0.10%"
"Nov 22, 2017","13,526.0","13,518.0","13,527.0","13,511.0","-0.06%"
"Nov 21, 2017","13,533.5","13,531.5","13,546.5","13,531.5","-0.01%"
"Nov 20, 2017","13,535.0","13,522.0","13,537.0","13,517.0","0.06%"
"Nov 17, 2017","13,527.5","13,522.5","13,530.5","13,512.5","-0.11%"
"Nov 16, 2017","13,542.0","13,542.0","13,549.0","13,532.0","0.05%"
"Nov 15, 2017","13,535.0","13,542.0","13,547.0","13,527.0","-0.14%"
"Nov 14, 2017","13,553.5","13,546.5","13,555.5","13,528.5","0.01%"
"Nov 13, 2017","13,551.5","13,551.5","13,558.5","13,545.5","0.14%"
"Nov 10, 2017","13,532.5","13,507.5","13,537.5","13,507.5","0.13%"
"Nov 09, 2017","13,515.0","13,518.0","13,520.0","13,509.0","-0.01%"
"Nov 08, 2017","13,517.0","13,522.0","13,530.0","13,515.0","0.03%"
"Nov 07, 2017","13,513.5","13,496.5","13,514.5","13,491.5","-0.08%"
"Nov 06, 2017","13,524.5","13,531.5","13,539.5","13,516.5","0.20%"
"Nov 03, 2017","13,497.5","13,517.5","13,517.5","13,467.5","-0.39%"
"Nov 02, 2017","13,551.0","13,571.0","13,576.0","13,541.0","-0.21%"
"Nov 01, 2017","13,580.0","13,585.0","13,600.0","13,575.0","0.13%"
"Oct 31, 2017","13,562.5","13,562.5","13,578.5","13,552.5","-0.16%"
"Oct 30, 2017","13,584.0","13,589.0","13,609.0","13,574.0","-0.24%"
"Oct 27, 2017","13,616.5","13,633.5","13,643.5","13,608.5","0.26%"
"Oct 26, 2017","13,581.5","13,561.5","13,601.5","13,551.5","0.03%"
"Oct 25, 2017","13,577.5","13,562.5","13,577.5","13,562.5","0.33%"
"Oct 24, 2017","13,532.5","13,529.5","13,536.5","13,522.5","-0.07%"
"Oct 23, 2017","13,542.5","13,532.5","13,543.5","13,527.5","0.18%"
"Oct 20, 2017","13,518.5","13,511.5","13,526.5","13,501.5","-0.03%"
"Oct 19, 2017","13,523.0","13,512.0","13,532.0","13,510.0","0.05%"
"Oct 18, 2017","13,516.0","13,504.0","13,516.0","13,501.0","0.07%"
"Oct 17, 2017","13,506.5","13,486.5","13,513.5","13,481.5","0.18%"
"Oct 16, 2017","13,482.5","13,482.5","13,489.5","13,467.5","-0.12%"
"Oct 13, 2017","13,499.0","13,503.0","13,518.0","13,491.0","-0.04%"
"Oct 12, 2017","13,504.5","13,508.5","13,525.5","13,490.5","-0.09%"
"Oct 11, 2017","13,517.0","13,492.0","13,527.0","13,492.0","0.03%"
"Oct 10, 2017","13,513.0","13,501.0","13,513.0","13,481.0","-0.03%"
"Oct 09, 2017","13,516.5","13,501.5","13,516.5","13,495.5","0.09%"
"Oct 06, 2017","13,504.0","13,486.0","13,506.0","13,476.0","0.35%"
"Oct 05, 2017","13,457.5","13,482.5","13,492.5","13,457.5","-0.14%"
"Oct 04, 2017","13,476.5","13,496.5","13,496.5","13,456.5","-0.49%"
"Oct 03, 2017","13,542.5","13,587.5","13,587.5","13,535.5","0.04%"
"Oct 02, 2017","13,537.5","13,477.5","13,577.5","13,477.5","0.49%"
"Sep 29, 2017","13,471.5","13,476.5","13,496.5","13,446.5","-0.32%"
"Sep 28, 2017","13,515.0","13,427.0","13,555.0","13,427.0","0.56%"
"Sep 27, 2017","13,440.0","13,385.0","13,440.0","13,370.0","0.47%"
"Sep 26, 2017","13,376.5","13,341.5","13,381.5","13,341.5","0.38%"
"Sep 25, 2017","13,326.0","13,296.0","13,326.0","13,296.0","0.10%"
"Sep 22, 2017","13,312.5","13,327.5","13,342.5","13,307.5","0.23%"
"Sep 21, 2017","13,281.5","13,281.5","13,281.5","13,281.5","0.00%"
"Sep 20, 2017","13,281.5","13,277.5","13,284.5","13,265.5","0.02%"
"Sep 19, 2017","13,278.5","13,258.5","13,278.5","13,253.5","0.18%"
"Sep 18, 2017","13,255.0","13,245.0","13,257.0","13,235.0","0.11%"
"Sep 15, 2017","13,240.0","13,262.0","13,269.0","13,230.0","-0.07%"
"Sep 14, 2017","13,249.5","13,230.5","13,249.5","13,230.5","0.36%"
"Sep 13, 2017","13,202.5","13,206.5","13,214.5","13,198.5","0.06%"
"Sep 12, 2017","13,195.0","13,195.0","13,227.0","13,180.0","0.25%"
"Sep 11, 2017","13,162.5","13,187.5","13,187.5","13,137.5","-0.31%"
"Sep 08, 2017","13,204.0","13,294.0","13,294.0","13,204.0","-0.77%"
"Sep 07, 2017","13,306.5","13,333.5","13,333.5","13,305.5","-0.23%"
"Sep 06, 2017","13,337.5","13,334.5","13,340.5","13,334.5","0.00%"
"Sep 05, 2017","13,337.5","13,335.5","13,340.5","13,330.5","-0.04%"
"Sep 04, 2017","13,342.5","13,341.5","13,346.5","13,336.5","-0.00%"
"Sep 01, 2017","13,343.0","13,343.0","13,343.0","13,343.0","0.00%"
"Aug 31, 2017","13,343.0","13,346.0","13,353.0","13,337.0","-0.03%"
"Aug 30, 2017","13,346.5","13,339.5","13,348.5","13,339.5","0.05%"
"Aug 29, 2017","13,339.5","13,341.5","13,349.5","13,335.5","-0.00%"
"Aug 28, 2017","13,340.0","13,333.0","13,341.0","13,331.0","-0.04%"
"Aug 25, 2017","13,345.5","13,335.5","13,348.5","13,335.5","-0.01%"
"Aug 24, 2017","13,346.5","13,347.5","13,355.5","13,340.5","-0.09%"
"Aug 23, 2017","13,358.5","13,333.5","13,362.5","13,333.5","0.12%"
"Aug 22, 2017","13,343.0","13,341.0","13,347.0","13,334.0","-0.06%"
"Aug 21, 2017","13,350.5","13,354.5","13,359.5","13,347.5","-0.09%"
"Aug 18, 2017","13,362.0","13,361.0","13,370.0","13,356.0","-0.12%"
"Aug 17, 2017","13,378.5","13,378.5","13,378.5","13,378.5","0.00%"
"Aug 16, 2017","13,378.5","13,356.5","13,381.5","13,356.5","0.13%"
"Aug 15, 2017","13,361.0","13,348.0","13,361.0","13,341.0","0.09%"
"Aug 14, 2017","13,349.0","13,347.0","13,352.0","13,337.0","-0.06%"
"Aug 11, 2017","13,357.5","13,362.5","13,377.5","13,352.5","0.18%"
"Aug 10, 2017","13,334.0","13,339.0","13,351.0","13,334.0","0.01%"
"Aug 09, 2017","13,332.5","13,320.5","13,333.5","13,318.5","0.15%"
"Aug 08, 2017","13,313.0","13,320.0","13,320.0","13,301.0","-0.06%"
"Aug 07, 2017","13,321.0","13,319.0","13,322.0","13,316.0","0.04%"
"Aug 04, 2017","13,316.0","13,322.0","13,325.0","13,313.0","-0.07%"
"Aug 03, 2017","13,325.5","13,328.5","13,331.5","13,325.5","0.01%"
"Aug 02, 2017","13,324.0","13,323.0","13,334.0","13,321.0","0.00%"
"Aug 01, 2017","13,324.0","13,316.0","13,324.0","13,311.0","-0.01%"
"Jul 31, 2017","13,325.0","13,323.0","13,327.0","13,321.0","-0.01%"
"Jul 28, 2017","13,326.5","13,315.5","13,330.5","13,315.5","0.06%"
"Jul 27, 2017","13,318.0","13,311.0","13,321.0","13,310.0","-0.13%"
"Jul 26, 2017","13,336.0","13,331.0","13,341.0","13,329.0","0.08%"
"Jul 25, 2017","13,326.0","13,312.0","13,326.0","13,311.0","0.12%"
"Jul 24, 2017","13,310.0","13,315.0","13,321.0","13,306.0","-0.02%"
"Jul 21, 2017","13,312.5","13,319.5","13,325.5","13,309.5","-0.16%"
"Jul 20, 2017","13,334.5","13,314.5","13,337.5","13,312.5","0.12%"
"Jul 19, 2017","13,318.0","13,296.0","13,321.0","13,296.0","0.07%"
"Jul 18, 2017","13,309.0","13,316.0","13,319.0","13,301.0","-0.14%"
"Jul 17, 2017","13,327.5","13,302.5","13,331.5","13,302.5","-0.08%"
"Jul 14, 2017","13,338.5","13,336.5","13,349.5","13,336.5","-0.07%"
"Jul 13, 2017","13,347.5","13,349.5","13,349.5","13,329.5","-0.16%"
"Jul 12, 2017","13,369.5","13,370.5","13,372.5","13,358.5","-0.16%"
"Jul 11, 2017","13,391.0","13,386.0","13,401.0","13,381.0","-0.06%"
"Jul 10, 2017","13,399.0","13,398.0","13,413.0","13,393.0","-0.03%"
"Jul 07, 2017","13,403.0","13,381.0","13,411.0","13,376.0","0.11%"
"Jul 06, 2017","13,388.0","13,366.0","13,388.0","13,360.0","0.18%"
"Jul 05, 2017","13,364.0","13,351.0","13,364.0","13,341.0","0.00%"
"Jul 04, 2017","13,363.5","13,386.5","13,391.5","13,356.5","-0.03%"
"Jul 03, 2017","13,367.5","13,302.5","13,375.5","13,302.5","0.30%"
"Jun 30, 2017","13,327.5","13,327.5","13,327.5","13,327.5","0.00%"
"Jun 29, 2017","13,327.5","13,327.5","13,327.5","13,327.5","0.00%"
"Jun 28, 2017","13,327.5","13,327.5","13,327.5","13,327.5","0.00%"
"Jun 27, 2017","13,327.5","13,327.5","13,327.5","13,327.5","0.00%"
"Jun 26, 2017","13,327.5","13,327.5","13,327.5","13,327.5","0.00%"
"Jun 23, 2017","13,327.5","13,327.5","13,327.5","13,327.5","0.00%"
"Jun 22, 2017","13,327.5","13,310.5","13,327.5","13,307.5","0.07%"
"Jun 21, 2017","13,318.5","13,306.5","13,321.5","13,293.5","0.23%"
"Jun 20, 2017","13,288.5","13,295.5","13,301.5","13,288.5","-0.00%"
"Jun 19, 2017","13,289.0","13,291.0","13,291.0","13,281.0","-0.06%"
"Jun 16, 2017","13,297.5","13,297.5","13,302.5","13,281.5","0.09%"
"Jun 15, 2017","13,286.0","13,277.0","13,286.0","13,272.0","0.03%"
"Jun 14, 2017","13,282.5","13,287.5","13,290.5","13,282.5","-0.07%"
"Jun 13, 2017","13,291.5","13,296.5","13,296.5","13,288.5","-0.05%"
"Jun 12, 2017","13,298.0","13,281.0","13,299.0","13,281.0","0.05%"
"Jun 09, 2017","13,291.5","13,301.5","13,306.5","13,284.5","-0.05%"
"Jun 08, 2017","13,298.0","13,317.0","13,322.0","13,292.0","-0.05%"
"Jun 07, 2017","13,304.0","13,306.0","13,311.0","13,301.0","0.05%"
"Jun 06, 2017","13,298.0","13,286.0","13,298.0","13,276.0","0.09%"
"Jun 05, 2017","13,286.0","13,291.0","13,291.0","13,276.0","-0.14%"
"Jun 02, 2017","13,304.0","13,301.0","13,314.0","13,301.0","-0.14%"
"Jun 01, 2017","13,322.5","13,322.5","13,322.5","13,322.5","0.00%"
"May 31, 2017","13,322.5","13,311.5","13,323.5","13,310.5","-0.01%"
"May 30, 2017","13,323.5","13,320.5","13,338.5","13,319.5","0.02%"
"May 29, 2017","13,321.5","13,296.5","13,322.5","13,296.5","0.20%"
"May 26, 2017","13,294.5","13,300.5","13,300.5","13,288.5","-0.11%"
"May 25, 2017","13,308.5","13,308.5","13,308.5","13,308.5","0.00%"
"May 24, 2017","13,308.5","13,306.5","13,321.5","13,306.5","0.05%"
"May 23, 2017","13,302.5","13,288.5","13,310.5","13,287.5","0.00%"
"May 22, 2017","13,302.5","13,292.5","13,308.5","13,282.5","-0.24%"
"May 19, 2017","13,335.0","13,395.0","13,420.0","13,315.0","-0.15%"
"May 18, 2017","13,355.5","13,337.5","13,357.5","13,327.5","0.24%"
"May 17, 2017","13,323.5","13,286.5","13,323.5","13,281.5","0.17%"
"May 16, 2017","13,300.5","13,294.5","13,308.5","13,294.5","-0.03%"
"May 15, 2017","13,304.0","13,316.0","13,321.0","13,298.0","-0.19%"
"May 12, 2017","13,329.5","13,337.5","13,347.5","13,319.5","-0.21%"
"May 11, 2017","13,357.5","13,357.5","13,357.5","13,357.5","0.00%"
"May 10, 2017","13,357.5","13,341.5","13,364.5","13,341.5","0.06%"
"May 09, 2017","13,350.0","13,315.0","13,353.0","13,315.0","0.30%"
"May 08, 2017","13,309.5","13,327.5","13,332.5","13,302.5","-0.15%"
"May 05, 2017","13,330.0","13,333.0","13,348.0","13,328.0","0.02%"
"May 04, 2017","13,327.5","13,316.5","13,333.5","13,316.5","0.17%"
"May 03, 2017","13,305.5","13,292.5","13,312.5","13,291.5","-0.05%"
"May 02, 2017","13,311.5","13,326.5","13,326.5","13,296.5","-0.13%"
"May 01, 2017","13,329.0","13,329.0","13,329.0","13,329.0","0.00%"
"Apr 28, 2017","13,329.0","13,317.0","13,340.0","13,317.0","0.11%"
"Apr 27, 2017","13,314.0","13,286.0","13,317.0","13,286.0","0.22%"
"Apr 26, 2017","13,285.0","13,279.0","13,287.0","13,272.0","0.06%"
"Apr 25, 2017","13,277.5","13,302.5","13,305.5","13,277.5","-0.32%"
"Apr 24, 2017","13,320.0","13,320.0","13,320.0","13,320.0","0.00%"
"Apr 21, 2017","13,320.0","13,321.0","13,324.0","13,312.0","-0.03%"
"Apr 20, 2017","13,323.5","13,321.5","13,336.5","13,315.5","0.20%"
"Apr 19, 2017","13,296.5","13,296.5","13,296.5","13,296.5","0.00%"
"Apr 18, 2017","13,296.5","13,276.5","13,301.5","13,276.5","0.08%"
"Apr 17, 2017","13,285.5","13,252.5","13,285.5","13,252.5","0.22%"
"Apr 14, 2017","13,256.5","13,256.5","13,256.5","13,256.5","0.00%"
"Apr 13, 2017","13,256.5","13,251.5","13,267.5","13,246.5","-0.14%"
"Apr 12, 2017","13,275.0","13,286.0","13,301.0","13,266.0","-0.05%"
"Apr 11, 2017","13,281.5","13,271.5","13,291.5","13,271.5","-0.04%"
"Apr 10, 2017","13,286.5","13,326.5","13,329.5","13,276.5","-0.23%"
"Apr 07, 2017","13,317.5","13,332.5","13,347.5","13,317.5","-0.13%"
"Apr 06, 2017","13,335.5","13,317.5","13,339.5","13,317.5","0.11%"
"Apr 05, 2017","13,321.0","13,326.0","13,331.0","13,316.0","-0.05%"
"Apr 04, 2017","13,328.0","13,326.0","13,330.0","13,319.0","0.04%"
"Apr 03, 2017","13,322.5","13,317.5","13,327.5","13,317.5","-0.02%"
"Mar 31, 2017","13,325.5","13,317.5","13,327.5","13,312.5","0.07%"
"Mar 30, 2017","13,316.0","13,308.0","13,328.0","13,303.0","0.02%"
"Mar 29, 2017","13,313.5","13,311.5","13,333.5","13,306.5","0.02%"
"Mar 28, 2017","13,310.5","13,310.5","13,310.5","13,310.5","0.00%"
"Mar 27, 2017","13,310.5","13,301.5","13,319.5","13,301.5","-0.12%"
"Mar 24, 2017","13,326.5","13,320.5","13,335.5","13,320.5","0.02%"
"Mar 23, 2017","13,324.5","13,325.5","13,331.5","13,320.5","-0.03%"
"Mar 22, 2017","13,329.0","13,326.0","13,339.0","13,316.0","0.08%"
"Mar 21, 2017","13,319.0","13,301.0","13,324.0","13,296.0","0.04%"
"Mar 20, 2017","13,313.5","13,331.5","13,336.5","13,306.5","-0.24%"
"Mar 17, 2017","13,345.0","13,333.0","13,356.0","13,323.0","-0.03%"
"Mar 16, 2017","13,348.5","13,323.5","13,353.5","13,323.5","-0.12%"
"Mar 15, 2017","13,365.0","13,365.0","13,380.0","13,365.0","-0.05%"
"Mar 14, 2017","13,371.5","13,356.5","13,373.5","13,356.5","0.12%"
"Mar 13, 2017","13,356.0","13,351.0","13,366.0","13,351.0","-0.17%"
"Mar 10, 2017","13,379.0","13,386.0","13,396.0","13,379.0","-0.06%"
"Mar 09, 2017","13,386.5","13,366.5","13,386.5","13,366.5","0.27%"
"Mar 08, 2017","13,350.0","13,350.0","13,353.0","13,338.0","0.02%"
"Mar 07, 2017","13,347.0","13,339.0","13,351.0","13,339.0","-0.02%"
"Mar 06, 2017","13,350.0","13,362.0","13,372.0","13,342.0","-0.24%"
"Mar 03, 2017","13,382.5","13,362.5","13,382.5","13,362.5","0.18%"
"Mar 02, 2017","13,358.5","13,361.5","13,366.5","13,351.5","-0.03%"
"Mar 01, 2017","13,362.0","13,356.0","13,366.0","13,351.0","0.19%"
"Feb 28, 2017","13,336.0","13,350.0","13,355.0","13,336.0","-0.05%"
"Feb 27, 2017","13,342.5","13,331.5","13,349.5","13,331.5","0.09%"
"Feb 24, 2017","13,330.5","13,326.5","13,337.5","13,326.5","-0.15%"
"Feb 23, 2017","13,351.0","13,356.0","13,363.0","13,344.0","-0.12%"
"Feb 22, 2017","13,367.0","13,360.0","13,368.0","13,350.0","-0.04%"
"Feb 21, 2017","13,372.5","13,367.5","13,377.5","13,360.5","0.14%"
"Feb 20, 2017","13,354.0","13,331.0","13,359.0","13,326.0","0.16%"
"Feb 17, 2017","13,332.5","13,327.5","13,337.5","13,322.5","0.09%"
"Feb 16, 2017","13,320.0","13,315.0","13,336.0","13,315.0","-0.08%"
"Feb 15, 2017","13,330.5","13,330.5","13,330.5","13,330.5","0.00%"
"Feb 14, 2017","13,330.5","13,322.5","13,334.5","13,315.5","0.03%"
"Feb 13, 2017","13,326.5","13,326.5","13,331.5","13,316.5","0.08%"
"Feb 10, 2017","13,315.5","13,315.5","13,322.5","13,303.5","0.10%"
"Feb 09, 2017","13,302.5","13,312.5","13,317.5","13,282.5","-0.17%"
"Feb 08, 2017","13,325.0","13,338.0","13,345.0","13,324.0","-0.03%"
"Feb 07, 2017","13,328.5","13,324.5","13,339.5","13,319.5","0.05%"
"Feb 06, 2017","13,322.5","13,317.5","13,334.5","13,316.5","-0.17%"
"Feb 03, 2017","13,345.0","13,365.0","13,375.0","13,340.0","-0.06%"
"Feb 02, 2017","13,352.5","13,362.5","13,377.5","13,347.5","-0.15%"
"Feb 01, 2017","13,372.5","13,342.5","13,387.5","13,337.5","0.15%"
"Jan 31, 2017","13,352.0","13,340.0","13,360.0","13,335.0","0.05%"
"Jan 30, 2017","13,345.0","13,335.0","13,358.0","13,335.0","-0.10%"
"Jan 27, 2017","13,358.5","13,356.5","13,366.5","13,346.5","0.17%"
"Jan 26, 2017","13,336.0","13,311.0","13,342.0","13,311.0","-0.18%"
"Jan 25, 2017","13,360.5","13,339.5","13,364.5","13,334.5","0.22%"
"Jan 24, 2017","13,331.0","13,339.0","13,341.0","13,304.0","-0.22%"
"Jan 23, 2017","13,360.0","13,380.0","13,385.0","13,345.0","-0.37%"
"Jan 20, 2017","13,410.0","13,395.0","13,410.0","13,375.0","0.28%"
"Jan 19, 2017","13,373.0","13,375.0","13,385.0","13,355.0","0.23%"
"Jan 18, 2017","13,342.5","13,322.5","13,342.5","13,317.5","-0.07%"
"Jan 17, 2017","13,351.5","13,351.5","13,381.5","13,331.5","-0.11%"
"Jan 16, 2017","13,366.5","13,303.5","13,368.5","13,303.5","0.26%"
"Jan 13, 2017","13,331.5","13,295.5","13,333.5","13,293.5","0.31%"
"Jan 12, 2017","13,290.0","13,285.0","13,310.0","13,265.0","-0.29%"
"Jan 11, 2017","13,329.0","13,311.0","13,331.0","13,301.0","0.11%"
"Jan 10, 2017","13,315.0","13,325.0","13,335.0","13,285.0","-0.37%"
"Jan 09, 2017","13,365.0","13,390.0","13,398.0","13,365.0","0.00%"
"Jan 06, 2017","13,365.0","13,340.0","13,365.0","13,334.0","-0.07%"
"Jan 05, 2017","13,375.0","13,405.0","13,405.0","13,315.0","-0.48%"
"Jan 04, 2017","13,440.0","13,470.0","13,485.0","13,435.0","-0.29%"
"Jan 03, 2017","13,479.5","13,461.5","13,486.5","13,461.5","0.05%"
"Jan 02, 2017","13,472.5","13,472.5","13,472.5","13,472.5","0.00%"
"Dec 30, 2016","13,472.5","13,447.5","13,472.5","13,422.5","0.07%"
"Dec 29, 2016","13,462.5","13,447.5","13,482.5","13,447.5","0.15%"
"Dec 28, 2016","13,442.5","13,412.5","13,462.5","13,412.5","-0.04%"
"Dec 27, 2016","13,447.5","13,432.5","13,447.5","13,422.5","-0.02%"
"Dec 26, 2016","13,450.0","13,450.0","13,450.0","13,450.0","0.00%"
"Dec 23, 2016","13,450.0","13,455.0","13,479.0","13,435.0","-0.02%"
"Dec 22, 2016","13,452.5","13,452.5","13,452.5","13,427.5","-0.12%"
"Dec 21, 2016","13,469.0","13,431.0","13,486.0","13,431.0","0.31%"
"Dec 20, 2016","13,427.5","13,372.5","13,427.5","13,372.5","0.33%"
"Dec 19, 2016","13,384.0","13,384.0","13,389.0","13,374.0","-0.04%"
"Dec 16, 2016","13,390.0","13,405.0","13,435.0","13,365.0","-0.06%"
"Dec 15, 2016","13,397.5","13,302.5","13,397.5","13,302.5","0.76%"
"Dec 14, 2016","13,296.0","13,284.0","13,296.0","13,274.0","-0.09%"
"Dec 13, 2016","13,307.5","13,302.5","13,315.5","13,297.5","-0.15%"
"Dec 12, 2016","13,327.5","13,327.5","13,327.5","13,327.5","0.00%"
"Dec 09, 2016","13,327.5","13,322.5","13,342.5","13,317.5","0.31%"
"Dec 08, 2016","13,286.5","13,291.5","13,311.5","13,271.5","-0.29%"
"Dec 07, 2016","13,325.0","13,355.0","13,360.0","13,315.0","-0.43%"
"Dec 06, 2016","13,382.5","13,387.5","13,419.5","13,357.5","-0.37%"
"Dec 05, 2016","13,432.5","13,512.5","13,522.5","13,402.5","-0.68%"
"Dec 02, 2016","13,525.0","13,505.0","13,535.0","13,465.0","-0.15%"
"Dec 01, 2016","13,545.0","13,575.0","13,590.0","13,545.0","-0.06%"
"Nov 30, 2016","13,552.5","13,532.5","13,572.5","13,515.5","-0.15%"
"Nov 29, 2016","13,572.5","13,502.5","13,576.5","13,502.5","0.31%"
"Nov 28, 2016","13,530.0","13,480.0","13,545.0","13,458.0","0.09%"
"Nov 25, 2016","13,517.5","13,562.5","13,577.5","13,492.5","-0.30%"
"Nov 24, 2016","13,557.5","13,502.5","13,559.5","13,501.5","0.56%"
"Nov 23, 2016","13,482.5","13,447.5","13,487.5","13,447.5","0.30%"
"Nov 22, 2016","13,442.5","13,402.5","13,450.5","13,402.5","0.13%"
"Nov 21, 2016","13,425.0","13,430.0","13,450.0","13,425.0","-0.02%"
"Nov 18, 2016","13,427.5","13,377.5","13,431.5","13,372.5","0.41%"
"Nov 17, 2016","13,372.5","13,382.5","13,399.5","13,367.5","-0.04%"
"Nov 16, 2016","13,377.5","13,352.5","13,382.5","13,332.5","0.11%"
"Nov 15, 2016","13,362.5","13,332.5","13,392.5","13,302.5","0.04%"
"Nov 14, 2016","13,357.5","13,302.5","13,377.5","13,302.5","0.53%"
"Nov 11, 2016","13,287.5","13,177.5","13,492.5","13,177.5","1.14%"
"Nov 10, 2016","13,137.5","13,112.5","13,137.5","13,107.5","0.29%"
"Nov 09, 2016","13,099.0","13,051.0","13,176.0","13,050.0","0.11%"
"Nov 08, 2016","13,084.0","13,070.0","13,091.0","13,066.0","-0.03%"
"Nov 07, 2016","13,088.0","13,072.0","13,088.0","13,071.0","0.14%"
"Nov 04, 2016","13,070.0","13,080.0","13,115.0","13,065.0","-0.04%"
"Nov 03, 2016","13,075.0","13,045.0","13,075.0","13,045.0","0.15%"
"Nov 02, 2016","13,056.0","13,041.0","13,066.0","13,040.0","0.11%"
"Nov 01, 2016","13,041.5","13,026.5","13,041.5","13,026.5","-0.05%"
"Oct 31, 2016","13,048.0","13,051.0","13,053.0","13,040.0","-0.02%"
"Oct 28, 2016","13,050.5","13,027.5","13,052.5","13,027.5","0.13%"
"Oct 27, 2016","13,033.0","13,011.0","13,033.0","13,011.0","0.20%"
"Oct 26, 2016","13,007.5","12,992.5","13,009.5","12,982.5","0.01%"
"Oct 25, 2016","13,006.0","13,019.0","13,029.0","13,004.0","-0.05%"
"Oct 24, 2016","13,013.0","13,031.0","13,051.0","13,006.0","-0.25%"
"Oct 21, 2016","13,045.0","13,015.0","13,045.0","13,010.0","0.29%"
"Oct 20, 2016","13,007.5","12,982.5","13,010.5","12,982.5","0.00%"
"Oct 19, 2016","13,007.5","13,017.5","13,017.5","12,997.5","-0.19%"
"Oct 18, 2016","13,032.0","13,022.0","13,054.0","13,022.0","-0.28%"
"Oct 17, 2016","13,068.5","13,036.5","13,071.5","13,036.5","0.18%"
"Oct 14, 2016","13,044.5","13,052.5","13,072.5","13,032.5","-0.25%"
"Oct 13, 2016","13,077.5","13,022.5","13,077.5","13,017.5","0.45%"
"Oct 12, 2016","13,018.5","13,001.5","13,026.5","13,001.5","0.05%"
"Oct 11, 2016","13,012.5","12,977.5","13,017.5","12,977.5","0.27%"
"Oct 10, 2016","12,977.5","12,952.5","12,982.5","12,952.5","-0.06%"
"Oct 07, 2016","12,985.0","13,002.0","13,007.0","12,980.0","-0.02%"
"Oct 06, 2016","12,987.0","12,991.0","12,996.0","12,981.0","-0.08%"
"Oct 05, 2016","12,997.5","13,002.5","13,013.5","12,982.5","0.12%"
"Oct 04, 2016","12,981.5","12,981.5","12,999.5","12,971.5","-0.01%"
"Oct 03, 2016","12,982.5","13,022.5","13,022.5","12,967.5","-0.52%"
"Sep 30, 2016","13,051.0","12,984.0","13,054.0","12,984.0","0.59%"
"Sep 29, 2016","12,975.0","12,940.0","12,985.0","12,930.0","0.21%"
"Sep 28, 2016","12,947.5","12,932.5","12,957.5","12,917.5","-0.06%"
"Sep 27, 2016","12,955.0","13,023.0","13,050.0","12,935.0","-0.58%"
"Sep 26, 2016","13,030.0","13,075.0","13,085.0","13,030.0","-0.36%"
"Sep 23, 2016","13,076.5","13,061.5","13,101.5","13,051.5","-0.10%"
"Sep 22, 2016","13,090.0","13,090.0","13,110.0","13,080.0","-0.35%"
"Sep 21, 2016","13,135.5","13,131.5","13,161.5","13,131.5","-0.13%"
"Sep 20, 2016","13,152.5","13,142.5","13,157.5","13,137.5","-0.03%"
"Sep 19, 2016","13,156.0","13,161.0","13,176.0","13,151.0","-0.01%"
"Sep 16, 2016","13,157.5","13,132.5","13,160.5","13,117.5","-0.13%"
"Sep 15, 2016","13,175.0","13,185.0","13,200.0","13,160.0","-0.22%"
"Sep 14, 2016","13,204.5","13,207.5","13,240.5","13,197.5","0.26%"
"Sep 13, 2016","13,170.0","13,130.0","13,193.0","13,130.0","0.54%"
"Sep 12, 2016","13,099.5","13,099.5","13,099.5","13,099.5","0.00%"
"Sep 09, 2016","13,099.5","13,082.5","13,107.5","13,071.5","0.28%"
"Sep 08, 2016","13,062.5","13,062.5","13,105.5","13,057.5","-0.17%"
"Sep 07, 2016","13,085.0","13,080.0","13,095.0","13,075.0","-0.32%"
"Sep 06, 2016","13,126.5","13,151.5","13,166.5","13,121.5","-0.20%"
"Sep 05, 2016","13,152.5","13,217.5","13,217.5","13,147.5","-0.71%"
"Sep 02, 2016","13,247.0","13,247.0","13,265.0","13,235.0","-0.16%"
"Sep 01, 2016","13,268.0","13,262.0","13,280.0","13,257.0","0.00%"
"Aug 31, 2016","13,267.5","13,282.5","13,308.5","13,256.5","-0.08%"
"Aug 30, 2016","13,277.5","13,242.5","13,277.5","13,242.5","0.09%"
"Aug 29, 2016","13,265.0","13,235.0","13,285.0","13,235.0","0.45%"
"Aug 26, 2016","13,206.0","13,226.0","13,244.0","13,206.0","-0.27%"
"Aug 25, 2016","13,241.5","13,241.5","13,271.5","13,239.5","-0.05%"
"Aug 24, 2016","13,247.5","13,232.5","13,272.5","13,232.5","0.22%"
"Aug 23, 2016","13,219.0","13,201.0","13,231.0","13,201.0","0.06%"
"Aug 22, 2016","13,211.5","13,161.5","13,236.5","13,161.5","0.41%"
"Aug 19, 2016","13,157.5","13,112.5","13,157.5","13,112.5","0.31%"
"Aug 18, 2016","13,116.5","13,100.5","13,116.5","13,090.5","0.16%"
"Aug 17, 2016","13,096.0","13,096.0","13,096.0","13,096.0","0.00%"
"Aug 16, 2016","13,096.0","13,081.0","13,104.0","13,081.0","-0.13%"
"Aug 15, 2016","13,112.5","13,117.5","13,124.5","13,102.5","-0.06%"
"Aug 12, 2016","13,121.0","13,111.0","13,123.0","13,111.0","0.03%"
"Aug 11, 2016","13,117.0","13,101.0","13,124.0","13,101.0","0.03%"
"Aug 10, 2016","13,113.5","13,111.5","13,124.5","13,111.5","-0.14%"
"Aug 09, 2016","13,132.5","13,122.5","13,135.5","13,117.5","0.02%"
"Aug 08, 2016","13,130.0","13,131.0","13,151.0","13,124.0","0.01%"
"Aug 05, 2016","13,128.5","13,118.5","13,131.5","13,114.5","-0.07%"
"Aug 04, 2016","13,137.5","13,132.5","13,149.5","13,132.5","0.10%"
"Aug 03, 2016","13,125.0","13,115.0","13,142.0","13,090.0","0.21%"
"Aug 02, 2016","13,097.5","13,062.5","13,102.5","13,062.5","0.20%"
"Aug 01, 2016","13,071.0","13,081.0","13,081.0","13,066.0","-0.21%"
"Jul 29, 2016","13,098.5","13,091.5","13,112.5","13,081.5","-0.02%"
"Jul 28, 2016","13,101.0","13,101.0","13,118.0","13,093.0","-0.30%"
"Jul 27, 2016","13,140.0","13,145.0","13,150.0","13,106.0","-0.21%"
"Jul 26, 2016","13,167.5","13,141.5","13,167.5","13,119.5","0.21%"
"Jul 25, 2016","13,140.0","13,120.0","13,145.0","13,120.0","0.24%"
"Jul 22, 2016","13,108.5","13,081.5","13,109.5","13,081.5","0.06%"
"Jul 21, 2016","13,100.0","13,125.0","13,130.0","13,090.0","-0.10%"
"Jul 20, 2016","13,112.5","13,092.5","13,122.5","13,082.5","0.18%"
"Jul 19, 2016","13,089.0","13,081.0","13,091.0","13,081.0","0.01%"
"Jul 18, 2016","13,087.5","13,102.5","13,117.5","13,087.5","-0.03%"
"Jul 15, 2016","13,091.5","13,061.5","13,094.5","13,061.5","0.07%"
"Jul 14, 2016","13,082.5","13,072.5","13,092.5","13,071.5","-0.10%"
"Jul 13, 2016","13,095.0","13,095.0","13,120.0","13,084.0","-0.19%"
"Jul 12, 2016","13,120.0","13,125.0","13,165.0","13,105.0","0.23%"
"Jul 11, 2016","13,090.0","13,115.0","13,125.0","13,090.0","-0.29%"
"Jul 08, 2016","13,127.5","13,127.5","13,127.5","13,127.5","0.00%"
"Jul 07, 2016","13,127.5","13,127.5","13,127.5","13,127.5","0.00%"
"Jul 06, 2016","13,127.5","13,127.5","13,127.5","13,127.5","0.00%"
"Jul 05, 2016","13,127.5","13,127.5","13,127.5","13,127.5","0.00%"
"Jul 04, 2016","13,127.5","13,127.5","13,127.5","13,127.5","-0.10%"
"Jul 01, 2016","13,140.0","13,160.0","13,185.0","13,125.0","-0.55%"
"Jun 30, 2016","13,212.5","13,172.5","13,217.5","13,157.5","0.39%"
"Jun 29, 2016","13,161.5","13,161.5","13,201.5","13,131.5","-0.12%"
"Jun 28, 2016","13,177.5","13,307.5","13,307.5","13,157.5","-1.22%"
"Jun 27, 2016","13,340.0","13,385.0","13,520.0","13,293.0","-0.30%"
"Jun 24, 2016","13,380.0","13,244.0","13,435.0","13,244.0","0.92%"
"Jun 23, 2016","13,257.5","13,267.5","13,270.5","13,242.5","-0.20%"
"Jun 22, 2016","13,284.0","13,274.0","13,309.0","13,274.0","0.16%"
"Jun 21, 2016","13,262.5","13,252.5","13,302.5","13,252.5","-0.02%"
"Jun 20, 2016","13,265.0","13,285.0","13,285.0","13,245.0","-0.54%"
"Jun 17, 2016","13,337.5","13,352.5","13,369.5","13,332.5","-0.22%"
"Jun 16, 2016","13,367.5","13,322.5","13,367.5","13,302.5","-0.04%"
"Jun 15, 2016","13,372.5","13,382.5","13,417.5","13,357.5","0.06%"
"Jun 14, 2016","13,365.0","13,270.0","13,390.0","13,265.0","0.65%"
"Jun 13, 2016","13,278.5","13,326.5","13,341.5","13,266.5","-0.14%"
"Jun 10, 2016","13,297.5","13,282.5","13,317.5","13,282.5","0.25%"
"Jun 09, 2016","13,265.0","13,215.0","13,270.0","13,205.0","0.00%"
"Jun 08, 2016","13,265.0","13,245.0","13,275.0","13,205.0","-0.04%"
"Jun 07, 2016","13,270.0","13,375.0","13,385.0","13,260.0","-0.80%"
"Jun 06, 2016","13,377.5","13,502.5","13,502.5","13,367.5","-1.57%"
"Jun 03, 2016","13,591.5","13,621.5","13,641.5","13,586.5","-0.41%"
"Jun 02, 2016","13,647.5","13,671.5","13,700.5","13,642.5","-0.09%"
"Jun 01, 2016","13,660.0","13,655.0","13,695.0","13,645.0","0.00%"
"May 31, 2016","13,660.0","13,625.0","13,660.0","13,595.0","0.11%"
"May 30, 2016","13,645.0","13,610.0","13,655.0","13,610.0","0.46%"
"May 27, 2016","13,583.0","13,557.0","13,587.0","13,557.0","-0.15%"
"May 26, 2016","13,603.5","13,616.5","13,636.5","13,591.5","-0.38%"
"May 25, 2016","13,655.0","13,655.0","13,685.0","13,615.0","-0.26%"
"May 24, 2016","13,690.0","13,565.0","13,695.0","13,565.0","0.79%"
"May 23, 2016","13,582.5","13,587.5","13,617.5","13,557.5","-0.18%"
"May 20, 2016","13,607.5","13,542.5","13,652.5","13,532.5","0.39%"
"May 19, 2016","13,555.0","13,445.0","13,560.0","13,430.0","1.24%"
"May 18, 2016","13,389.0","13,315.0","13,389.0","13,310.0","0.68%"
"May 17, 2016","13,298.5","13,293.5","13,308.5","13,267.5","-0.03%"
"May 16, 2016","13,302.5","13,317.5","13,332.5","13,302.5","-0.11%"
"May 13, 2016","13,317.5","13,302.5","13,324.5","13,297.5","0.15%"
"May 12, 2016","13,297.5","13,302.5","13,312.5","13,282.5","-0.06%"
"May 11, 2016","13,305.0","13,265.0","13,305.0","13,255.0","0.13%"
"May 10, 2016","13,287.5","13,322.5","13,337.5","13,262.5","-0.02%"
"May 09, 2016","13,290.0","13,305.0","13,305.0","13,275.0","0.37%"
"May 06, 2016","13,241.5","13,241.5","13,241.5","13,241.5","0.00%"
"May 05, 2016","13,241.5","13,241.5","13,241.5","13,241.5","0.00%"
"May 04, 2016","13,241.5","13,211.5","13,251.5","13,141.5","0.36%"
"May 03, 2016","13,194.5","13,144.5","13,196.5","13,134.5","0.11%"
"May 02, 2016","13,180.0","13,175.0","13,195.0","13,175.0","-0.04%"
"Apr 29, 2016","13,185.0","13,174.0","13,230.0","13,118.0","-0.01%"
"Apr 28, 2016","13,186.5","13,161.5","13,211.5","13,151.5","-0.06%"
"Apr 27, 2016","13,194.5","13,182.5","13,207.5","13,152.5","-0.04%"
"Apr 26, 2016","13,200.0","13,205.0","13,230.0","13,190.0","0.02%"
"Apr 25, 2016","13,197.5","13,202.5","13,242.5","13,192.5","0.00%"
"Apr 22, 2016","13,197.5","13,152.5","13,207.5","13,152.5","0.30%"
"Apr 21, 2016","13,157.5","13,152.5","13,187.5","13,147.5","0.13%"
"Apr 20, 2016","13,141.0","13,105.0","13,151.0","13,105.0","-0.05%"
"Apr 19, 2016","13,147.5","13,132.5","13,157.5","13,132.5","-0.21%"
"Apr 18, 2016","13,175.0","13,185.0","13,220.0","13,175.0","0.00%"
"Apr 15, 2016","13,175.0","13,175.0","13,180.0","13,145.0","-0.02%"
"Apr 14, 2016","13,177.5","13,217.5","13,252.5","13,177.5","0.13%"
"Apr 13, 2016","13,160.0","13,085.0","13,190.0","13,085.0","0.35%"
"Apr 12, 2016","13,113.5","13,116.5","13,126.5","13,106.5","-0.11%"
"Apr 11, 2016","13,127.5","13,102.5","13,139.5","13,102.5","-0.11%"
"Apr 08, 2016","13,142.5","13,162.5","13,187.5","13,137.5","-0.13%"
"Apr 07, 2016","13,160.0","13,175.0","13,212.0","13,155.0","-0.47%"
"Apr 06, 2016","13,222.5","13,212.5","13,232.5","13,172.5","0.03%"
"Apr 05, 2016","13,219.0","13,194.0","13,234.0","13,179.0","0.40%"
"Apr 04, 2016","13,166.5","13,121.5","13,176.5","13,121.5","0.05%"
"Apr 01, 2016","13,160.0","13,175.0","13,210.0","13,155.0","-0.75%"
"Mar 31, 2016","13,260.0","13,255.0","13,296.0","13,240.0","-0.06%"
"Mar 30, 2016","13,267.5","13,302.5","13,377.5","13,255.5","-0.97%"
"Mar 29, 2016","13,397.5","13,327.5","13,432.5","13,317.5","0.22%"
"Mar 28, 2016","13,367.5","13,277.5","13,367.5","13,277.5","0.87%"
"Mar 25, 2016","13,252.5","13,252.5","13,252.5","13,252.5","0.00%"
"Mar 24, 2016","13,252.5","13,202.5","13,262.5","13,152.5","0.57%"
"Mar 23, 2016","13,177.5","13,152.5","13,202.5","13,141.5","-0.02%"
"Mar 22, 2016","13,180.0","13,155.0","13,190.0","13,135.0","0.34%"
"Mar 21, 2016","13,135.0","13,125.0","13,180.0","13,125.0","0.13%"
"Mar 18, 2016","13,117.5","13,027.5","13,127.5","13,002.5","0.17%"
"Mar 17, 2016","13,095.0","13,205.0","13,205.0","13,080.0","-1.30%"
"Mar 16, 2016","13,267.5","13,162.5","13,282.5","13,132.5","0.68%"
"Mar 15, 2016","13,177.5","13,057.5","13,177.5","13,056.5","0.90%"
"Mar 14, 2016","13,060.0","12,975.0","13,060.0","12,975.0","-0.08%"
"Mar 11, 2016","13,070.0","13,105.0","13,105.0","13,065.0","-0.02%"
"Mar 10, 2016","13,072.5","13,127.5","13,162.5","13,062.5","-0.54%"
"Mar 09, 2016","13,143.0","13,143.0","13,143.0","13,143.0","0.00%"
"Mar 08, 2016","13,143.0","13,095.0","13,160.0","13,085.0","0.40%"
"Mar 07, 2016","13,090.0","13,005.0","13,090.0","12,955.0","-0.34%"
"Mar 04, 2016","13,135.0","13,155.0","13,175.0","13,110.0","-0.76%"
"Mar 03, 2016","13,235.0","13,290.0","13,290.0","13,235.0","-0.41%"
"Mar 02, 2016","13,290.0","13,295.0","13,325.0","13,255.0","-0.45%"
"Mar 01, 2016","13,350.0","13,330.0","13,380.0","13,330.0","-0.16%"
"Feb 29, 2016","13,372.0","13,380.0","13,410.0","13,371.0","0.01%"
"Feb 26, 2016","13,370.0","13,380.0","13,406.0","13,360.0","-0.30%"
"Feb 25, 2016","13,410.5","13,384.5","13,434.5","13,384.5","-0.01%"
"Feb 24, 2016","13,412.5","13,427.5","13,457.5","13,407.5","-0.09%"
"Feb 23, 2016","13,425.0","13,405.0","13,435.0","13,380.0","-0.09%"
"Feb 22, 2016","13,437.5","13,482.5","13,490.5","13,422.5","-0.43%"
"Feb 19, 2016","13,495.0","13,505.0","13,565.0","13,495.0","0.00%"
"Feb 18, 2016","13,495.0","13,455.0","13,505.0","13,435.0","-0.11%"
"Feb 17, 2016","13,510.0","13,445.0","13,515.0","13,445.0","0.82%"
"Feb 16, 2016","13,400.0","13,305.0","13,415.0","13,295.0","0.19%"
"Feb 15, 2016","13,375.0","13,460.0","13,490.0","13,375.0","-0.85%"
"Feb 12, 2016","13,490.0","13,455.0","13,525.0","13,424.0","0.20%"
"Feb 11, 2016","13,462.5","13,372.5","13,462.5","13,327.5","0.00%"
"Feb 10, 2016","13,462.5","13,582.5","13,602.5","13,402.5","-1.05%"
"Feb 09, 2016","13,605.0","13,663.0","13,713.0","13,603.0","-0.15%"
"Feb 08, 2016","13,625.0","13,625.0","13,625.0","13,625.0","0.00%"
"Feb 05, 2016","13,625.0","13,625.0","13,670.0","13,595.0","-0.09%"
"Feb 04, 2016","13,637.5","13,672.5","13,682.5","13,632.5","-0.93%"
"Feb 03, 2016","13,765.0","13,715.0","13,835.0","13,695.0","0.57%"
"Feb 02, 2016","13,687.5","13,622.5","13,702.5","13,607.5","0.37%"
"Feb 01, 2016","13,637.5","13,752.5","13,777.5","13,572.5","-1.00%"
"Jan 29, 2016","13,775.0","13,805.0","13,855.0","13,755.0","-0.72%"
"Jan 28, 2016","13,874.5","13,889.5","13,909.5","13,864.5","-0.03%"
"Jan 27, 2016","13,878.5","13,851.5","13,891.5","13,846.5","-0.15%"
"Jan 26, 2016","13,900.0","13,880.0","13,925.0","13,880.0","0.20%"
"Jan 25, 2016","13,872.5","13,812.5","13,872.5","13,812.5","0.16%"
"Jan 22, 2016","13,850.0","13,855.0","13,888.0","13,844.0","-0.43%"
"Jan 21, 2016","13,910.0","13,908.0","13,928.0","13,863.0","-0.36%"
"Jan 20, 2016","13,960.0","13,870.0","13,960.0","13,870.0","0.58%"
"Jan 19, 2016","13,880.0","13,905.0","13,927.0","13,845.0","-0.38%"
"Jan 18, 2016","13,932.5","13,902.5","13,952.5","13,902.5","0.27%"
"Jan 15, 2016","13,894.5","13,814.5","13,914.5","13,814.5","-0.11%"
"Jan 14, 2016","13,910.0","13,835.0","13,965.0","13,815.0","0.60%"
"Jan 13, 2016","13,827.5","13,862.5","13,882.5","13,827.5","-0.59%"
"Jan 12, 2016","13,910.0","13,855.0","13,910.0","13,810.0","0.25%"
"Jan 11, 2016","13,875.0","13,915.0","13,955.0","13,870.0","-0.34%"
"Jan 08, 2016","13,922.5","13,907.5","13,922.5","13,852.5","-0.04%"
"Jan 07, 2016","13,927.5","13,922.5","13,977.5","13,862.5","-0.14%"
"Jan 06, 2016","13,947.5","13,817.5","13,947.5","13,802.5","0.61%"
"Jan 05, 2016","13,862.5","13,947.5","13,962.5","13,787.5","-0.38%"
"Jan 04, 2016","13,915.0","13,805.0","13,920.0","13,805.0","0.92%"
"Jan 01, 2016","13,787.5","13,787.5","13,787.5","13,787.5","0.00%"
"Dec 31, 2015","13,787.5","13,772.5","13,817.5","13,772.5","0.04%"
"Dec 30, 2015","13,782.5","13,722.5","13,822.5","13,722.5","0.27%"
"Dec 29, 2015","13,745.0","13,635.0","13,753.0","13,635.0","0.70%"
"Dec 28, 2015","13,650.0","13,605.0","13,665.0","13,605.0","0.05%"
"Dec 25, 2015","13,642.5","13,642.5","13,642.5","13,642.5","0.00%"
"Dec 24, 2015","13,642.5","13,642.5","13,642.5","13,642.5","0.00%"
"Dec 23, 2015","13,642.5","13,602.5","13,672.5","13,602.5","-0.24%"
"Dec 22, 2015","13,675.0","13,635.0","13,695.0","13,535.0","-0.71%"
"Dec 21, 2015","13,772.5","13,862.5","13,922.5","13,732.5","-1.04%"
"Dec 18, 2015","13,917.5","14,007.5","14,036.5","13,902.5","-0.64%"
"Dec 17, 2015","14,006.5","14,011.5","14,056.5","14,001.5","-0.45%"
"Dec 16, 2015","14,069.5","14,034.5","14,074.5","14,033.5","0.09%"
"Dec 15, 2015","14,056.5","14,051.5","14,073.5","14,026.5","-0.15%"
"Dec 14, 2015","14,077.5","14,022.5","14,092.5","14,002.5","0.93%"
"Dec 11, 2015","13,947.5","13,912.5","13,950.5","13,902.5","0.09%"
"Dec 10, 2015","13,935.0","13,930.0","13,979.0","13,845.0","0.45%"
"Dec 09, 2015","13,872.5","13,872.5","13,872.5","13,872.5","0.00%"
"Dec 08, 2015","13,872.5","13,842.5","13,875.5","13,837.5","0.22%"
"Dec 07, 2015","13,842.5","13,802.5","13,852.5","13,802.5","0.08%"
"Dec 04, 2015","13,832.0","13,832.0","13,842.0","13,821.0","-0.08%"
"Dec 03, 2015","13,843.5","13,801.5","13,851.5","13,801.5","0.33%"
"Dec 02, 2015","13,797.5","13,752.5","13,805.5","13,737.5","0.11%"
"Dec 01, 2015","13,782.5","13,827.5","13,837.5","13,781.5","-0.38%"
"Nov 30, 2015","13,835.0","13,780.0","13,850.0","13,780.0","0.40%"
"Nov 27, 2015","13,780.0","13,735.0","13,780.0","13,735.0","0.38%"
"Nov 26, 2015","13,728.5","13,708.5","13,738.5","13,708.5","0.30%"
"Nov 25, 2015","13,687.5","13,652.5","13,707.5","13,642.5","-0.15%"
"Nov 24, 2015","13,707.5","13,677.5","13,732.5","13,677.5","-0.11%"
"Nov 23, 2015","13,723.0","13,647.0","13,723.0","13,647.0","0.50%"
"Nov 20, 2015","13,655.0","13,705.0","13,745.0","13,605.0","-0.89%"
"Nov 19, 2015","13,777.5","13,752.5","13,797.5","13,727.5","-0.16%"
"Nov 18, 2015","13,799.5","13,710.5","13,800.5","13,670.5","0.38%"
"Nov 17, 2015","13,747.5","13,682.5","13,747.5","13,682.5","0.15%"
"Nov 16, 2015","13,727.5","13,692.5","13,742.5","13,662.5","0.46%"
"Nov 13, 2015","13,665.0","13,595.0","13,688.0","13,595.0","0.46%"
"Nov 12, 2015","13,602.5","13,602.5","13,632.5","13,552.5","0.00%"
"Nov 11, 2015","13,602.5","13,532.5","13,607.5","13,532.5","-0.05%"
"Nov 10, 2015","13,609.5","13,627.5","13,642.5","13,592.5","-0.28%"
"Nov 09, 2015","13,647.5","13,662.5","13,703.5","13,627.5","0.65%"
"Nov 06, 2015","13,560.0","13,555.0","13,565.0","13,525.0","-0.04%"
"Nov 05, 2015","13,565.0","13,545.0","13,645.0","13,545.0","0.07%"
"Nov 04, 2015","13,555.0","13,465.0","13,555.0","13,425.0","0.00%"
"Nov 03, 2015","13,555.0","13,580.0","13,615.0","13,535.0","-0.82%"
"Nov 02, 2015","13,667.5","13,652.5","13,687.5","13,632.5","-0.15%"
"Oct 30, 2015","13,687.5","13,562.5","13,707.5","13,562.5","0.39%"
"Oct 29, 2015","13,635.0","13,560.0","13,650.0","13,515.0","1.17%"
"Oct 28, 2015","13,477.5","13,627.5","13,640.5","13,472.5","-1.06%"
"Oct 27, 2015","13,622.5","13,647.5","13,647.5","13,572.5","-0.16%"
"Oct 26, 2015","13,645.0","13,605.0","13,680.0","13,545.0","0.07%"
"Oct 23, 2015","13,635.0","13,555.0","13,650.0","13,405.0","-0.16%"
"Oct 22, 2015","13,657.5","13,727.5","13,732.5","13,482.5","-0.43%"
"Oct 21, 2015","13,717.0","13,680.0","13,750.0","13,665.0","0.53%"
"Oct 20, 2015","13,645.0","13,585.0","13,655.0","13,585.0","0.84%"
"Oct 19, 2015","13,531.5","13,501.5","13,571.5","13,501.5","0.01%"
"Oct 16, 2015","13,530.0","13,480.0","13,580.0","13,450.0","0.56%"
"Oct 15, 2015","13,455.0","13,515.0","13,515.0","13,215.0","-1.21%"
"Oct 14, 2015","13,619.5","13,619.5","13,619.5","13,619.5","0.00%"
"Oct 13, 2015","13,619.5","13,435.5","13,630.5","13,435.5","1.60%"
"Oct 12, 2015","13,405.0","13,305.0","13,485.0","13,305.0","-0.11%"
"Oct 09, 2015","13,420.0","13,710.0","13,820.0","13,270.0","-3.23%"
"Oct 08, 2015","13,867.5","13,777.5","13,882.5","13,707.5","0.31%"
"Oct 07, 2015","13,825.0","14,185.0","14,185.0","13,725.0","-2.95%"
"Oct 06, 2015","14,245.5","14,464.5","14,474.5","14,144.5","-1.72%"
"Oct 05, 2015","14,495.0","14,630.0","14,630.0","14,485.0","-1.01%"
"Oct 02, 2015","14,642.5","14,692.5","14,707.5","14,642.5","-0.19%"
"Oct 01, 2015","14,670.0","14,625.0","14,683.0","14,625.0","0.14%"
"Sep 30, 2015","14,650.0","14,645.0","14,675.0","14,635.0","-0.22%"
"Sep 29, 2015","14,682.5","14,702.5","14,732.5","14,662.5","-0.10%"
"Sep 28, 2015","14,697.5","14,682.5","14,707.5","14,657.5","0.09%"
"Sep 25, 2015","14,685.0","14,665.0","14,705.0","14,665.0","0.26%"
"Sep 24, 2015","14,647.5","14,647.5","14,647.5","14,647.5","0.00%"
"Sep 23, 2015","14,647.5","14,552.5","14,652.5","14,552.5","1.03%"
"Sep 22, 2015","14,497.5","14,462.5","14,502.5","14,462.5","0.29%"
"Sep 21, 2015","14,455.0","14,420.0","14,463.0","14,420.0","0.56%"
"Sep 18, 2015","14,375.0","14,445.0","14,485.0","14,365.0","-0.57%"
"Sep 17, 2015","14,457.5","14,442.5","14,460.5","14,437.5","0.02%"
"Sep 16, 2015","14,455.0","14,395.0","14,465.0","14,395.0","0.33%"
"Sep 15, 2015","14,407.5","14,341.5","14,412.5","14,341.5","0.42%"
"Sep 14, 2015","14,347.5","14,307.5","14,347.5","14,306.5","0.12%"
"Sep 11, 2015","14,330.0","14,295.0","14,335.0","14,280.0","-0.02%"
"Sep 10, 2015","14,332.5","14,282.5","14,337.5","14,257.5","0.50%"
"Sep 09, 2015","14,261.5","14,281.5","14,281.5","14,216.5","-0.13%"
"Sep 08, 2015","14,280.0","14,240.0","14,298.0","14,240.0","0.23%"
"Sep 07, 2015","14,247.5","14,212.5","14,251.5","14,202.5","0.58%"
"Sep 04, 2015","14,165.0","14,155.0","14,193.0","14,155.0","-0.03%"
"Sep 03, 2015","14,169.0","14,126.0","14,169.0","14,126.0","0.28%"
"Sep 02, 2015","14,130.0","14,085.0","14,140.0","14,085.0","0.23%"
"Sep 01, 2015","14,097.5","14,047.5","14,099.5","14,042.5","0.34%"
"Aug 31, 2015","14,050.0","13,975.0","14,055.0","13,975.0","0.48%"