27-Jun-18,"6,154.90"
26-Jun-18,"6,082.10"
25-Jun-18,"6,256.60"
24-Jun-18,"6,154.60"
23-Jun-18,"6,167.30"
22-Jun-18,"6,055.70"
21-Jun-18,"6,728.00"
20-Jun-18,"6,765.40"
19-Jun-18,"6,752.40"
18-Jun-18,"6,719.80"
17-Jun-18,"6,460.30"
16-Jun-18,"6,505.80"
15-Jun-18,"6,410.30"
14-Jun-18,"6,647.10"
13-Jun-18,"6,312.30"
12-Jun-18,"6,558.20"
11-Jun-18,"6,885.90"
10-Jun-18,"6,775.10"
9-Jun-18,"7,515.80"
8-Jun-18,"7,622.10"
7-Jun-18,"7,697.80"
6-Jun-18,"7,661.00"
5-Jun-18,"7,631.50"
4-Jun-18,"7,504.30"
3-Jun-18,"7,729.30"
2-Jun-18,"7,646.60"
1-Jun-18,"7,530.80"
31-May-18,"7,502.60"
30-May-18,"7,400.10"
29-May-18,"7,467.70"
28-May-18,"7,119.30"
27-May-18,"7,366.70"
26-May-18,"7,361.30"
25-May-18,"7,477.70"
24-May-18,"7,592.90"
23-May-18,"7,512.30"
22-May-18,"8,006.00"
21-May-18,"8,403.30"
20-May-18,"8,529.00"
19-May-18,"8,245.10"
18-May-18,"8,245.70"
17-May-18,"8,063.00"
16-May-18,"8,344.40"
15-May-18,"8,477.00"
14-May-18,"8,674.10"
13-May-18,"8,693.50"
12-May-18,"8,459.50"
11-May-18,"8,408.30"
10-May-18,"9,025.70"
9-May-18,"9,319.10"
8-May-18,"9,196.40"
7-May-18,"9,431.60"
6-May-18,"9,656.40"
5-May-18,"9,853.50"
4-May-18,"9,708.60"
3-May-18,"9,749.70"
2-May-18,"9,243.20"
1-May-18,"9,074.90"
30-Apr-18,"9,245.10"
29-Apr-18,"9,415.10"
28-Apr-18,"9,352.40"
27-Apr-18,"8,940.90"
26-Apr-18,"9,287.00"
25-Apr-18,"8,873.10"
24-Apr-18,"9,645.30"
23-Apr-18,"8,952.80"
22-Apr-18,"8,806.70"
21-Apr-18,"8,923.10"
20-Apr-18,"8,867.00"
19-Apr-18,"8,290.80"
18-Apr-18,"8,178.40"
17-Apr-18,"7,908.60"
16-Apr-18,"8,070.00"
15-Apr-18,"8,363.60"
14-Apr-18,"8,004.40"
13-Apr-18,"7,887.40"
12-Apr-18,"7,926.60"
11-Apr-18,"6,962.10"
10-Apr-18,"6,854.80"
9-Apr-18,"6,781.90"
8-Apr-18,"7,030.50"
7-Apr-18,"6,905.70"
6-Apr-18,"6,624.30"
5-Apr-18,"6,782.00"
4-Apr-18,"6,808.90"
3-Apr-18,"7,424.20"
2-Apr-18,"7,068.40"
1-Apr-18,"6,825.20"
31-Mar-18,"6,938.20"
30-Mar-18,"6,853.70"
29-Mar-18,"7,129.20"
28-Mar-18,"7,954.90"
27-Mar-18,"7,801.70"
26-Mar-18,"8,143.50"
25-Mar-18,"8,473.20"
24-Mar-18,"8,547.40"
23-Mar-18,"8,916.80"
22-Mar-18,"8,726.20"
21-Mar-18,"8,905.90"
20-Mar-18,"8,912.60"
19-Mar-18,"8,616.80"
18-Mar-18,"8,201.20"
17-Mar-18,"7,874.90"
16-Mar-18,"8,289.20"
15-Mar-18,"8,264.40"
14-Mar-18,"8,210.60"
13-Mar-18,"9,154.90"
12-Mar-18,"9,137.40"
11-Mar-18,"9,529.60"
10-Mar-18,"8,762.00"
9-Mar-18,"9,217.00"
8-Mar-18,"9,300.00"
7-Mar-18,"9,902.90"
6-Mar-18,"10,675.10"
5-Mar-18,"11,330.60"
4-Mar-18,"11,416.50"
3-Mar-18,"11,402.30"
2-Mar-18,"10,827.70"
1-Mar-18,"10,904.50"
28-Feb-18,"10,333.90"
27-Feb-18,"10,594.40"
26-Feb-18,"10,285.10"
25-Feb-18,"9,585.20"
24-Feb-18,"9,704.30"
23-Feb-18,"10,170.40"
22-Feb-18,"9,841.70"
21-Feb-18,"10,473.00"
20-Feb-18,"11,238.70"
19-Feb-18,"11,169.40"
18-Feb-18,"10,398.80"
17-Feb-18,"11,073.50"
16-Feb-18,"10,178.70"
15-Feb-18,"10,037.30"
14-Feb-18,"9,476.30"
13-Feb-18,"8,539.20"
12-Feb-18,"8,903.50"
11-Feb-18,"8,081.90"
10-Feb-18,"8,559.60"
9-Feb-18,"8,699.80"
8-Feb-18,"8,164.20"
7-Feb-18,"7,594.70"
6-Feb-18,"7,701.20"
5-Feb-18,"6,938.50"
4-Feb-18,"8,222.20"
3-Feb-18,"9,241.10"
2-Feb-18,"8,893.20"
1-Feb-18,"9,181.10"
31-Jan-18,"10,265.40"
30-Jan-18,"10,166.00"
29-Jan-18,"11,244.80"
28-Jan-18,"11,795.10"
27-Jan-18,"11,467.50"
26-Jan-18,"11,118.10"
25-Jan-18,"11,203.00"
24-Jan-18,"11,452.30"
23-Jan-18,"10,903.20"
22-Jan-18,"10,864.80"
21-Jan-18,"11,594.90"
20-Jan-18,"12,858.90"
19-Jan-18,"11,580.20"
18-Jan-18,"11,245.40"
17-Jan-18,"11,192.30"
16-Jan-18,"11,362.00"
15-Jan-18,"13,697.50"
14-Jan-18,"13,695.20"
13-Jan-18,"14,292.20"
12-Jan-18,"13,886.70"
11-Jan-18,"13,535.40"
10-Jan-18,"15,043.00"
9-Jan-18,"14,778.50"
8-Jan-18,"14,976.20"
7-Jan-18,"16,228.20"
6-Jan-18,"17,172.30"
5-Jan-18,"16,954.80"
4-Jan-18,"15,180.10"
3-Jan-18,"15,156.60"
2-Jan-18,"14,754.10"
1-Jan-18,"13,444.90"
31-Dec-17,"13,850.40"
30-Dec-17,"12,531.50"
29-Dec-17,"14,392.60"
28-Dec-17,"14,398.70"
27-Dec-17,"15,416.60"
26-Dec-17,"15,756.60"
25-Dec-17,"13,833.50"
24-Dec-17,"13,790.00"
23-Dec-17,"14,396.50"
22-Dec-17,"13,665.00"
21-Dec-17,"15,632.10"
20-Dec-17,"16,462.00"
19-Dec-17,"17,523.70"
18-Dec-17,"18,972.30"
17-Dec-17,"19,065.70"
16-Dec-17,"19,345.50"
15-Dec-17,"17,604.80"
14-Dec-17,"16,467.90"
13-Dec-17,"16,286.80"
12-Dec-17,"17,083.90"
11-Dec-17,"16,732.50"
10-Dec-17,"15,059.60"
9-Dec-17,"14,843.40"
8-Dec-17,"16,047.60"
7-Dec-17,"16,850.30"
6-Dec-17,"13,749.60"
5-Dec-17,"11,667.10"
4-Dec-17,"11,623.90"
3-Dec-17,"11,246.20"
2-Dec-17,"10,912.70"
1-Dec-17,"10,861.50"
30-Nov-17,"9,946.80"
29-Nov-17,"9,837.90"
28-Nov-17,"9,906.00"
27-Nov-17,"9,733.20"
26-Nov-17,"9,318.40"
25-Nov-17,"8,754.70"
24-Nov-17,"8,200.80"
23-Nov-17,"8,013.40"
22-Nov-17,"8,234.50"
21-Nov-17,"8,100.00"
20-Nov-17,"8,244.70"
19-Nov-17,"8,042.60"
18-Nov-17,"7,780.90"
17-Nov-17,"7,700.00"
16-Nov-17,"7,853.70"
15-Nov-17,"7,283.20"
14-Nov-17,"6,597.10"
13-Nov-17,"6,522.50"
12-Nov-17,"5,878.10"
11-Nov-17,"6,339.90"
10-Nov-17,"6,565.80"
9-Nov-17,"7,129.60"
8-Nov-17,"7,444.40"
7-Nov-17,"7,102.80"
6-Nov-17,"6,959.20"
5-Nov-17,"7,389.50"
4-Nov-17,"7,363.80"
3-Nov-17,"7,152.10"
2-Nov-17,"7,024.80"
1-Nov-17,"6,737.80"
31-Oct-17,"6,451.20"
30-Oct-17,"6,124.30"
29-Oct-17,"6,147.50"
28-Oct-17,"5,726.60"
27-Oct-17,"5,764.60"
26-Oct-17,"5,887.60"
25-Oct-17,"5,734.00"
24-Oct-17,"5,513.10"
23-Oct-17,"5,903.60"
22-Oct-17,"5,982.90"
21-Oct-17,"6,006.60"
20-Oct-17,"5,993.10"
19-Oct-17,"5,698.60"
18-Oct-17,"5,575.80"
17-Oct-17,"5,598.60"
16-Oct-17,"5,759.30"
15-Oct-17,"5,688.10"
14-Oct-17,"5,824.70"
13-Oct-17,"5,637.30"
12-Oct-17,"5,432.60"
11-Oct-17,"4,824.20"
10-Oct-17,"4,763.40"
9-Oct-17,"4,777.50"
8-Oct-17,"4,611.70"
7-Oct-17,"4,435.80"
6-Oct-17,"4,371.90"
5-Oct-17,"4,321.40"
4-Oct-17,"4,218.70"
3-Oct-17,"4,314.20"
2-Oct-17,"4,401.30"
1-Oct-17,"4,403.10"
30-Sep-17,"4,360.60"
29-Sep-17,"4,172.80"
28-Sep-17,"4,195.60"
27-Sep-17,"4,212.20"
26-Sep-17,"3,892.70"
25-Sep-17,"3,932.80"
24-Sep-17,"3,667.50"
23-Sep-17,"3,788.00"
22-Sep-17,"3,600.80"
21-Sep-17,"3,617.30"
20-Sep-17,"3,882.20"
19-Sep-17,"3,908.00"
18-Sep-17,"4,100.30"
17-Sep-17,"3,689.60"
16-Sep-17,"3,698.90"
15-Sep-17,"3,713.80"
14-Sep-17,"3,243.10"
13-Sep-17,"3,870.30"
12-Sep-17,"4,158.90"
11-Sep-17,"4,217.90"
10-Sep-17,"4,245.90"
9-Sep-17,"4,335.10"
8-Sep-17,"4,326.50"
7-Sep-17,"4,635.60"
6-Sep-17,"4,618.70"
5-Sep-17,"4,409.10"
4-Sep-17,"4,267.50"
3-Sep-17,"4,612.90"
2-Sep-17,"4,573.80"
1-Sep-17,"4,921.90"
31-Aug-17,"4,735.10"
30-Aug-17,"4,583.00"
29-Aug-17,"4,597.30"
28-Aug-17,"4,390.30"
27-Aug-17,"4,345.80"
26-Aug-17,"4,352.30"
25-Aug-17,"4,364.40"
24-Aug-17,"4,318.40"
23-Aug-17,"4,141.10"
22-Aug-17,"4,089.70"
21-Aug-17,"4,005.10"
20-Aug-17,"4,066.60"
19-Aug-17,"4,150.50"
18-Aug-17,"4,105.40"
17-Aug-17,"4,278.90"
16-Aug-17,"4,387.40"
15-Aug-17,"4,161.70"
14-Aug-17,"4,327.90"
13-Aug-17,"4,062.60"
12-Aug-17,"3,871.60"
11-Aug-17,"3,654.40"
10-Aug-17,"3,425.70"
9-Aug-17,"3,348.80"
8-Aug-17,"3,429.40"
7-Aug-17,"3,401.90"
6-Aug-17,"3,232.00"
5-Aug-17,"3,262.80"
4-Aug-17,"2,878.50"
3-Aug-17,"2,810.00"
2-Aug-17,"2,720.50"
1-Aug-17,"2,747.00"
31-Jul-17,"2,883.30"
30-Jul-17,"2,766.50"
29-Jul-17,"2,733.50"
28-Jul-17,"2,806.80"
27-Jul-17,"2,691.90"
26-Jul-17,"2,559.20"
25-Jul-17,"2,582.60"
24-Jul-17,"2,763.40"
23-Jul-17,"2,756.60"
22-Jul-17,"2,836.50"
21-Jul-17,"2,675.10"
20-Jul-17,"2,866.00"
19-Jul-17,"2,282.60"
18-Jul-17,"2,320.20"
17-Jul-17,"2,233.40"
16-Jul-17,"1,914.10"
15-Jul-17,"1,975.10"
14-Jul-17,"2,234.20"
13-Jul-17,"2,362.40"
12-Jul-17,"2,403.10"
11-Jul-17,"2,324.30"
10-Jul-17,"2,344.00"
9-Jul-17,"2,511.40"
8-Jul-17,"2,564.90"
7-Jul-17,"2,513.90"
6-Jul-17,"2,614.20"
5-Jul-17,"2,627.90"
4-Jul-17,"2,617.30"
3-Jul-17,"2,572.50"
2-Jul-17,"2,536.50"
1-Jul-17,"2,424.60"
30-Jun-17,"2,480.60"
29-Jun-17,"2,558.40"
28-Jun-17,"2,577.70"
27-Jun-17,"2,583.80"
26-Jun-17,"2,446.10"
25-Jun-17,"2,541.60"
24-Jun-17,"2,590.10"
23-Jun-17,"2,710.40"
22-Jun-17,"2,722.80"
21-Jun-17,"2,677.60"
20-Jun-17,"2,754.40"
19-Jun-17,"2,616.80"
18-Jun-17,"2,539.60"
17-Jun-17,"2,655.10"
16-Jun-17,"2,508.60"
15-Jun-17,"2,442.50"
14-Jun-17,"2,467.30"
13-Jun-17,"2,713.00"
12-Jun-17,"2,656.80"
11-Jun-17,"2,973.40"
10-Jun-17,"2,900.30"
9-Jun-17,"2,811.40"
8-Jun-17,"2,798.80"
7-Jun-17,"2,691.50"
6-Jun-17,"2,870.50"
5-Jun-17,"2,705.00"
4-Jun-17,"2,524.10"
3-Jun-17,"2,545.40"
2-Jun-17,"2,492.60"
1-Jun-17,"2,412.60"
31-May-17,"2,303.30"
30-May-17,"2,192.60"
29-May-17,"2,278.20"
28-May-17,"2,189.00"
27-May-17,"2,052.40"
26-May-17,"2,244.90"
25-May-17,"2,307.20"
24-May-17,"2,445.30"
23-May-17,"2,272.60"
22-May-17,"2,124.40"
21-May-17,"2,044.20"
20-May-17,"2,040.20"
19-May-17,"1,962.00"
18-May-17,"1,881.00"
17-May-17,"1,801.30"
16-May-17,"1,729.30"
15-May-17,"1,708.90"
14-May-17,"1,772.60"
13-May-17,"1,763.70"
12-May-17,"1,686.40"
11-May-17,"1,819.30"
10-May-17,"1,752.30"
9-May-17,"1,697.50"
8-May-17,"1,664.50"
7-May-17,"1,554.40"
6-May-17,"1,545.30"
5-May-17,"1,507.80"
4-May-17,"1,516.80"
3-May-17,"1,485.60"
2-May-17,"1,445.90"
1-May-17,"1,415.80"
30-Apr-17,"1,351.90"
29-Apr-17,"1,336.30"
28-Apr-17,"1,329.60"
27-Apr-17,"1,332.90"
26-Apr-17,"1,286.60"
25-Apr-17,"1,264.30"
24-Apr-17,"1,248.20"
23-Apr-17,"1,249.10"
22-Apr-17,"1,240.90"
21-Apr-17,"1,249.60"
20-Apr-17,"1,238.10"
19-Apr-17,"1,215.20"
18-Apr-17,"1,206.10"
17-Apr-17,"1,194.00"
16-Apr-17,"1,176.80"
15-Apr-17,"1,177.00"
14-Apr-17,"1,177.30"
13-Apr-17,"1,176.20"
12-Apr-17,"1,212.50"
11-Apr-17,"1,220.70"
10-Apr-17,"1,206.70"
9-Apr-17,"1,204.30"
8-Apr-17,"1,180.80"
7-Apr-17,"1,190.50"
6-Apr-17,"1,188.70"
5-Apr-17,"1,129.90"
4-Apr-17,"1,141.80"
3-Apr-17,"1,147.60"
2-Apr-17,"1,097.40"
1-Apr-17,"1,086.10"
31-Mar-17,"1,079.10"
30-Mar-17,"1,037.90"
29-Mar-17,"1,041.90"
28-Mar-17,"1,044.40"
27-Mar-17,"1,045.10"
26-Mar-17,969.4
25-Mar-17,966.3
24-Mar-17,939.7
23-Mar-17,"1,035.00"
22-Mar-17,"1,044.70"
21-Mar-17,"1,121.30"
20-Mar-17,"1,047.50"
19-Mar-17,"1,022.60"
18-Mar-17,971.4
17-Mar-17,"1,071.70"
16-Mar-17,"1,172.90"
15-Mar-17,"1,253.40"
14-Mar-17,"1,243.10"
13-Mar-17,"1,238.20"
12-Mar-17,"1,225.10"
11-Mar-17,"1,179.20"
10-Mar-17,"1,112.40"
9-Mar-17,"1,191.30"
8-Mar-17,"1,147.00"
7-Mar-17,"1,232.70"
6-Mar-17,"1,277.00"
5-Mar-17,"1,271.20"
4-Mar-17,"1,264.30"
3-Mar-17,"1,283.30"
2-Mar-17,"1,255.50"
1-Mar-17,"1,222.70"
28-Feb-17,"1,189.30"
27-Feb-17,"1,188.80"
26-Feb-17,"1,171.60"
25-Feb-17,"1,149.10"
24-Feb-17,"1,176.50"
23-Feb-17,"1,171.90"
22-Feb-17,"1,120.50"
21-Feb-17,"1,119.00"
20-Feb-17,"1,077.60"
19-Feb-17,"1,048.90"
18-Feb-17,"1,052.30"
17-Feb-17,"1,049.40"
16-Feb-17,"1,031.90"
15-Feb-17,"1,008.20"
14-Feb-17,"1,008.30"
13-Feb-17,995.4
12-Feb-17,996.5
11-Feb-17,"1,008.30"
10-Feb-17,997.6
9-Feb-17,979
8-Feb-17,"1,055.50"
7-Feb-17,"1,049.60"
6-Feb-17,"1,024.70"
5-Feb-17,"1,016.10"
4-Feb-17,"1,031.80"
3-Feb-17,"1,013.00"
2-Feb-17,"1,004.00"
1-Feb-17,982.4
31-Jan-17,965.5
30-Jan-17,920.7
29-Jan-17,914.5
28-Jan-17,918.5
27-Jan-17,918
26-Jan-17,915.6
25-Jan-17,894.4
24-Jan-17,893.8
23-Jan-17,921.5
22-Jan-17,918.8
21-Jan-17,919.8
20-Jan-17,892.9
19-Jan-17,895.2
18-Jan-17,872
17-Jan-17,899.7
16-Jan-17,827.3
15-Jan-17,821.2
14-Jan-17,819.6
13-Jan-17,824.8
12-Jan-17,810.1
11-Jan-17,785.4
10-Jan-17,904.4
9-Jan-17,899.8
8-Jan-17,900.9
7-Jan-17,888.9
6-Jan-17,886.2
5-Jan-17,989.3
4-Jan-17,"1,135.40"
3-Jan-17,"1,033.30"
2-Jan-17,"1,017.00"
1-Jan-17,995.4
31-Dec-16,963.4
30-Dec-16,959
29-Dec-16,971.1
28-Dec-16,972.2
27-Dec-16,925.8
26-Dec-16,898.4
25-Dec-16,891.1
24-Dec-16,891.1
23-Dec-16,917.2
22-Dec-16,860.2
21-Dec-16,829.2
20-Dec-16,799.1
19-Dec-16,789.8
18-Dec-16,789
17-Dec-16,787.2
16-Dec-16,782
15-Dec-16,775.2
14-Dec-16,776.5
13-Dec-16,778.7
12-Dec-16,778.5
11-Dec-16,767.9
10-Dec-16,774
9-Dec-16,770.5
8-Dec-16,768.5
7-Dec-16,765.6
6-Dec-16,758.2
5-Dec-16,754.3
4-Dec-16,766.4
3-Dec-16,764.2
2-Dec-16,770.9
1-Dec-16,752.6
30-Nov-16,742.5
29-Nov-16,732.6
28-Nov-16,733.3
27-Nov-16,729.4
26-Nov-16,734.1
25-Nov-16,740.4
24-Nov-16,735.3
23-Nov-16,741.1
22-Nov-16,749.3
21-Nov-16,736.2
20-Nov-16,728.5
19-Nov-16,747.9
18-Nov-16,747
17-Nov-16,737.5
16-Nov-16,740.3
15-Nov-16,711.1
14-Nov-16,704.6
13-Nov-16,702
12-Nov-16,704.3
11-Nov-16,715
10-Nov-16,714.6
9-Nov-16,721.4
8-Nov-16,710.9
7-Nov-16,705.4
6-Nov-16,709.9
5-Nov-16,702.1
4-Nov-16,702.1
3-Nov-16,684.9
2-Nov-16,733.5
1-Nov-16,726.8
31-Oct-16,698.7
30-Oct-16,697.3
29-Oct-16,715
28-Oct-16,686.2
27-Oct-16,682.3
26-Oct-16,674.7
25-Oct-16,651
24-Oct-16,650.5
23-Oct-16,653
22-Oct-16,655.5
21-Oct-16,630.5
20-Oct-16,628.3
19-Oct-16,629.1
18-Oct-16,635.3
17-Oct-16,637.4
16-Oct-16,640.1
15-Oct-16,637
14-Oct-16,637.9
13-Oct-16,635.6
12-Oct-16,636
11-Oct-16,640.5
10-Oct-16,617.3
9-Oct-16,615.8
8-Oct-16,617.7
7-Oct-16,616
6-Oct-16,611
5-Oct-16,611.8
4-Oct-16,609
3-Oct-16,611.6
2-Oct-16,610.7
1-Oct-16,613.4
30-Sep-16,608.1
29-Sep-16,604.7
28-Sep-16,604.7
27-Sep-16,605.5
26-Sep-16,606.5
25-Sep-16,601.5
24-Sep-16,602.6
23-Sep-16,602.9
22-Sep-16,595.6
21-Sep-16,597.2
20-Sep-16,609.2
19-Sep-16,609.8
18-Sep-16,610.7
17-Sep-16,607.1
16-Sep-16,607.8
15-Sep-16,608.1
14-Sep-16,609.5
13-Sep-16,608.6
12-Sep-16,608
11-Sep-16,605.6
10-Sep-16,624.5
9-Sep-16,623.2
8-Sep-16,625.6
7-Sep-16,613.2
6-Sep-16,610.4
5-Sep-16,605.8
4-Sep-16,609.5
3-Sep-16,598.8
2-Sep-16,575.3
1-Sep-16,572
31-Aug-16,573.9
30-Aug-16,577.3
29-Aug-16,574.2
28-Aug-16,575
27-Aug-16,570.3
26-Aug-16,579.4
25-Aug-16,578
24-Aug-16,579.7
23-Aug-16,583.6
22-Aug-16,587.5
21-Aug-16,580.7
20-Aug-16,582.6
19-Aug-16,574.6
18-Aug-16,573.4
17-Aug-16,572.3
16-Aug-16,580.2
15-Aug-16,567
14-Aug-16,569.1
13-Aug-16,584.6
12-Aug-16,587.1
11-Aug-16,587.8
10-Aug-16,590.9
9-Aug-16,585.3
8-Aug-16,589.2
7-Aug-16,590.8
6-Aug-16,586.5
5-Aug-16,574.7
4-Aug-16,576.2
3-Aug-16,566.4
2-Aug-16,513.4
1-Aug-16,607
31-Jul-16,621.9
30-Jul-16,654.7
29-Jul-16,655.4
28-Jul-16,654.1
27-Jul-16,654.5
26-Jul-16,654.4
25-Jul-16,654
24-Jul-16,659.3
23-Jul-16,655.2
22-Jul-16,651.1
21-Jul-16,664.6
20-Jul-16,664.4
19-Jul-16,671.1
18-Jul-16,670.4
17-Jul-16,676.3
16-Jul-16,660.7
15-Jul-16,664.2
14-Jul-16,657.3
13-Jul-16,661.2
12-Jul-16,670.6
11-Jul-16,646.7
10-Jul-16,647.1
9-Jul-16,651.8
8-Jul-16,662.8
7-Jul-16,635.3
6-Jul-16,672.7
5-Jul-16,663.7
4-Jul-16,675.2
3-Jul-16,661.6
2-Jul-16,698.1
1-Jul-16,674.6
30-Jun-16,670
29-Jun-16,636.5
28-Jun-16,644.9
27-Jun-16,644.7
26-Jun-16,625.4
25-Jun-16,663.5
24-Jun-16,656.9
23-Jun-16,620.8
22-Jun-16,590.6
21-Jun-16,667.4
20-Jun-16,734
19-Jun-16,761
18-Jun-16,753.8
17-Jun-16,743.9
16-Jun-16,761.2
15-Jun-16,690.8
14-Jun-16,685.1
13-Jun-16,700.1
12-Jun-16,666.5
11-Jun-16,591.6
10-Jun-16,577.9
9-Jun-16,574.7
8-Jun-16,580.5
7-Jun-16,575.6
6-Jun-16,583.6
5-Jun-16,574.9
4-Jun-16,572
3-Jun-16,567
2-Jun-16,537.1
1-Jun-16,537.4
31-May-16,528.9
30-May-16,532.3
29-May-16,516
28-May-16,524.2
27-May-16,474
26-May-16,453.3
25-May-16,449.8
24-May-16,446.1
23-May-16,443.7
22-May-16,439.6
21-May-16,443.6
20-May-16,442.1
19-May-16,442.7
18-May-16,454.2
17-May-16,453.3
16-May-16,454.9
15-May-16,458.1
14-May-16,456.4
13-May-16,455.4
12-May-16,454.4
11-May-16,452.5
10-May-16,449.4
9-May-16,460.4
8-May-16,457.9
7-May-16,458.5
6-May-16,459.6
5-May-16,448.1
4-May-16,445.8
3-May-16,450.3
2-May-16,444.2
1-May-16,452.2
30-Apr-16,448.5
29-Apr-16,455
28-Apr-16,448.5
27-Apr-16,447
26-Apr-16,466
25-Apr-16,461.7
24-Apr-16,457.6
23-Apr-16,450.1
22-Apr-16,445.3
21-Apr-16,449.3
20-Apr-16,441.2
19-Apr-16,434.9
18-Apr-16,427.7
17-Apr-16,426.3
16-Apr-16,430
15-Apr-16,428.7
14-Apr-16,424
13-Apr-16,423.5
12-Apr-16,424.7
11-Apr-16,421.4
10-Apr-16,420.3
9-Apr-16,418
8-Apr-16,417.7
7-Apr-16,420.1
6-Apr-16,421.3
5-Apr-16,422.1
4-Apr-16,419.3
3-Apr-16,419.1
2-Apr-16,418.5
1-Apr-16,415.6
31-Mar-16,415.7
30-Mar-16,412.4
29-Mar-16,415
28-Mar-16,422.2
27-Mar-16,424.6
26-Mar-16,416.5
25-Mar-16,415.7
24-Mar-16,414.7
23-Mar-16,417
22-Mar-16,416.2
21-Mar-16,411.1
20-Mar-16,411.5
19-Mar-16,408.7
18-Mar-16,408.2
17-Mar-16,418.2
16-Mar-16,415.9
15-Mar-16,415.1
14-Mar-16,414.3
13-Mar-16,412.4
12-Mar-16,410.4
11-Mar-16,419.1
10-Mar-16,415.8
9-Mar-16,412.8
8-Mar-16,411.9
7-Mar-16,414.9
6-Mar-16,406
5-Mar-16,399
4-Mar-16,409.5
3-Mar-16,419.6
2-Mar-16,425.4
1-Mar-16,434
29-Feb-16,436.2
28-Feb-16,432.5
27-Feb-16,431.3
26-Feb-16,427.3
25-Feb-16,423.5
24-Feb-16,422.7
23-Feb-16,419.9
22-Feb-16,437.8
21-Feb-16,437.9
20-Feb-16,440.1
19-Feb-16,420
18-Feb-16,421.4
17-Feb-16,417.1
16-Feb-16,406.4
15-Feb-16,401.1
14-Feb-16,405.5
13-Feb-16,390.1
12-Feb-16,384
11-Feb-16,379.5
10-Feb-16,381.9
9-Feb-16,375.3
8-Feb-16,372.6
7-Feb-16,377.9
6-Feb-16,376.7
5-Feb-16,386.5
4-Feb-16,390.6
3-Feb-16,368
2-Feb-16,373.9
1-Feb-16,372.2
31-Jan-16,369.8
30-Jan-16,377.8
29-Jan-16,380.3
28-Jan-16,379.7
27-Jan-16,395
26-Jan-16,389.8
25-Jan-16,392.8
24-Jan-16,402.1
23-Jan-16,388.6
22-Jan-16,382.6
21-Jan-16,410.2
20-Jan-16,414.6
19-Jan-16,379.5
18-Jan-16,384.4
17-Jan-16,382.5
16-Jan-16,385
15-Jan-16,372.3
14-Jan-16,429.1
13-Jan-16,432.2
12-Jan-16,445
11-Jan-16,447.7
10-Jan-16,446.2
9-Jan-16,448.3
8-Jan-16,452.9
7-Jan-16,457
6-Jan-16,430.8
5-Jan-16,431.2
4-Jan-16,433.3
3-Jan-16,430.7
2-Jan-16,433.7
1-Jan-16,434
31-Dec-15,430
30-Dec-15,427.1
29-Dec-15,431.9
28-Dec-15,421.8
27-Dec-15,422.4
26-Dec-15,415.4
25-Dec-15,454
24-Dec-15,453
23-Dec-15,442.4
22-Dec-15,437
21-Dec-15,437.6
20-Dec-15,441.8
19-Dec-15,461.2
18-Dec-15,463.2
17-Dec-15,455.5
16-Dec-15,454
15-Dec-15,462.6
14-Dec-15,442
13-Dec-15,434.7
12-Dec-15,432.3
11-Dec-15,449.8
10-Dec-15,415.5
9-Dec-15,416
8-Dec-15,410.7
7-Dec-15,394.3
6-Dec-15,393.4
5-Dec-15,386.7
4-Dec-15,361.7
3-Dec-15,360.3
2-Dec-15,360
1-Dec-15,361.8
30-Nov-15,378
29-Nov-15,370.8
28-Nov-15,355.8
27-Nov-15,359.5
26-Nov-15,353.7
25-Nov-15,327.5
24-Nov-15,318.4
23-Nov-15,322.1
22-Nov-15,322.8
21-Nov-15,324.7
20-Nov-15,321.1
19-Nov-15,325
18-Nov-15,335.9
17-Nov-15,333.9
16-Nov-15,330.2
15-Nov-15,317.5
14-Nov-15,331.8
13-Nov-15,333.8
12-Nov-15,333.9
11-Nov-15,304.7
10-Nov-15,336.7
9-Nov-15,380.2
8-Nov-15,371.6
7-Nov-15,385.1
6-Nov-15,369.8
5-Nov-15,382.7
4-Nov-15,400.9
3-Nov-15,396.5
2-Nov-15,359.3
1-Nov-15,323
31-Oct-15,311.2
30-Oct-15,327.1
29-Oct-15,313.6
28-Oct-15,303.5
27-Oct-15,294.7
26-Oct-15,285.1
25-Oct-15,287.9
24-Oct-15,282.6
23-Oct-15,276.9
22-Oct-15,274.4
21-Oct-15,267.1
20-Oct-15,269.8
19-Oct-15,263.8
18-Oct-15,261.7
17-Oct-15,269.6
16-Oct-15,262.9
15-Oct-15,254.4
14-Oct-15,252.3
13-Oct-15,248.8
12-Oct-15,245.4
11-Oct-15,247.6
10-Oct-15,245.4
9-Oct-15,244
8-Oct-15,242.6
7-Oct-15,243
6-Oct-15,246.1
5-Oct-15,240.1
4-Oct-15,238.3
3-Oct-15,238.6
2-Oct-15,236.7
1-Oct-15,237.1
30-Sep-15,235.9
29-Sep-15,236.7
28-Sep-15,238.9
27-Sep-15,232.5
26-Sep-15,234.3
25-Sep-15,235
24-Sep-15,233.8
23-Sep-15,229.9
22-Sep-15,230
21-Sep-15,226.3
20-Sep-15,231.1
19-Sep-15,231.1
18-Sep-15,232.2
17-Sep-15,232.7
16-Sep-15,228.6
15-Sep-15,229.5
14-Sep-15,229.9
13-Sep-15,230.2
12-Sep-15,235.6
11-Sep-15,239.9
10-Sep-15,238.1
9-Sep-15,237.4
8-Sep-15,243.2
7-Sep-15,239.6
6-Sep-15,239.9
5-Sep-15,233.7
4-Sep-15,230.3
3-Sep-15,226.2
2-Sep-15,228.6
1-Sep-15,227.2
31-Aug-15,229.5
30-Aug-15,228.4
29-Aug-15,228.5
28-Aug-15,231.6
27-Aug-15,222.7
26-Aug-15,225
25-Aug-15,220.5
24-Aug-15,211.4
23-Aug-15,226.8
22-Aug-15,229.5
21-Aug-15,232.4
20-Aug-15,234.7
19-Aug-15,226
18-Aug-15,246.7
17-Aug-15,257.1
16-Aug-15,257.1
15-Aug-15,260.5
14-Aug-15,265
13-Aug-15,263.4
12-Aug-15,267.7
11-Aug-15,269
10-Aug-15,263.3
9-Aug-15,263.9
8-Aug-15,258.6
7-Aug-15,277.9
6-Aug-15,278
5-Aug-15,281.7
4-Aug-15,284.3
3-Aug-15,281.6
2-Aug-15,281.4
1-Aug-15,280.5
31-Jul-15,283.7
30-Jul-15,287
29-Jul-15,288.4
28-Jul-15,293.7
27-Jul-15,293
26-Jul-15,291.8
25-Jul-15,288.7
24-Jul-15,288.4
23-Jul-15,275.5
22-Jul-15,276.5
21-Jul-15,275.1
20-Jul-15,277.7
19-Jul-15,273.2
18-Jul-15,274
17-Jul-15,279.6
16-Jul-15,276.6
15-Jul-15,283.4
14-Jul-15,287
13-Jul-15,290.4
12-Jul-15,310.4
11-Jul-15,292
10-Jul-15,283.6
9-Jul-15,269.1
8-Jul-15,268.6
7-Jul-15,266.2
6-Jul-15,269.1
5-Jul-15,270.1
4-Jul-15,260.5
3-Jul-15,255.4
2-Jul-15,254.9
1-Jul-15,257.6
30-Jun-15,264.1
29-Jun-15,257
28-Jun-15,248.9
27-Jun-15,250.7
26-Jun-15,242.9
25-Jun-15,242.6
24-Jun-15,240.6
23-Jun-15,243.8
22-Jun-15,247.5
21-Jun-15,244.1
20-Jun-15,245
19-Jun-15,244.1
18-Jun-15,248.4
17-Jun-15,247.4
16-Jun-15,249.8
15-Jun-15,237
14-Jun-15,233.8
13-Jun-15,232.5
12-Jun-15,230.5
11-Jun-15,229.9
10-Jun-15,228.8
9-Jun-15,229.6
8-Jun-15,228.6
7-Jun-15,223.5
6-Jun-15,224.7
5-Jun-15,225.3
4-Jun-15,224.2
3-Jun-15,225.6
2-Jun-15,225.7
1-Jun-15,223.1
31-May-15,229.8
30-May-15,233.2
29-May-15,237
28-May-15,237.3
27-May-15,237.3
26-May-15,237.8
25-May-15,237.4
24-May-15,241
23-May-15,238.9
22-May-15,240.4
21-May-15,235.4
20-May-15,234
19-May-15,232
18-May-15,232.6
17-May-15,236.3
16-May-15,236.2
15-May-15,237.2
14-May-15,236.9
13-May-15,236.4
12-May-15,241.6
11-May-15,241.8
10-May-15,240
9-May-15,241.4
8-May-15,243.7
7-May-15,237.7
6-May-15,230
5-May-15,235.8
4-May-15,239
3-May-15,240
2-May-15,235.3
1-May-15,233.2
30-Apr-15,235.8
29-Apr-15,225.4
28-Apr-15,225.8
27-Apr-15,229
26-Apr-15,218.7
25-Apr-15,226.1
24-Apr-15,231.1
23-Apr-15,235.4
22-Apr-15,233.8
21-Apr-15,233.7
20-Apr-15,224.2
19-Apr-15,223
18-Apr-15,223.4
17-Apr-15,222.6
16-Apr-15,228
15-Apr-15,223
14-Apr-15,218
13-Apr-15,223.6
12-Apr-15,235.9
11-Apr-15,236.5
10-Apr-15,234.7
9-Apr-15,243.3
8-Apr-15,244.6
7-Apr-15,253
6-Apr-15,255
5-Apr-15,259.6
4-Apr-15,252.9
3-Apr-15,254.5
2-Apr-15,252.6
1-Apr-15,246.2
31-Mar-15,244.1
30-Mar-15,246.8
29-Mar-15,242.1
28-Mar-15,252
27-Mar-15,247.2
26-Mar-15,248
25-Mar-15,246.4
24-Mar-15,246.7
23-Mar-15,265.5
22-Mar-15,268.6
21-Mar-15,259.7
20-Mar-15,261.8
19-Mar-15,260.9
18-Mar-15,255.9
17-Mar-15,285.4
16-Mar-15,290.4
15-Mar-15,284.9
14-Mar-15,281.6
13-Mar-15,287.2
12-Mar-15,293.9
11-Mar-15,295.6
10-Mar-15,291.4
9-Mar-15,290
8-Mar-15,274.5
7-Mar-15,274.9
6-Mar-15,272.6
5-Mar-15,275.2
4-Mar-15,271.9
3-Mar-15,280.6
2-Mar-15,273.8
1-Mar-15,257.9
28-Feb-15,254.1
27-Feb-15,253.5
26-Feb-15,236.5
25-Feb-15,237.3
24-Feb-15,238.9
23-Feb-15,238.8
22-Feb-15,235.7
21-Feb-15,244.4
20-Feb-15,244.5
19-Feb-15,241.9
18-Feb-15,235.2
17-Feb-15,243.2
16-Feb-15,235.8
15-Feb-15,233.3
14-Feb-15,258.6
13-Feb-15,236.2
12-Feb-15,221.8
11-Feb-15,218.8
10-Feb-15,219.7
9-Feb-15,220.3
8-Feb-15,223.7
7-Feb-15,227.7
6-Feb-15,223
5-Feb-15,216.5
4-Feb-15,226.6
3-Feb-15,227.4
2-Feb-15,238.9
1-Feb-15,225.3
31-Jan-15,218.5
30-Jan-15,231.8
29-Jan-15,234
28-Jan-15,236.2
27-Jan-15,263.3
26-Jan-15,269.2
25-Jan-15,252.1
24-Jan-15,248.2
23-Jan-15,232.2
22-Jan-15,232.7
21-Jan-15,228.2
20-Jan-15,210.6
19-Jan-15,215.9
18-Jan-15,210.6
17-Jan-15,199.6
16-Jan-15,206.9
15-Jan-15,209.8
14-Jan-15,164.9
13-Jan-15,221.3
12-Jan-15,269.3
11-Jan-15,264.8
10-Jan-15,273.4
9-Jan-15,288
8-Jan-15,282.7
7-Jan-15,291.3
6-Jan-15,282.3
5-Jan-15,274.8
4-Jan-15,264.7
3-Jan-15,287.1
2-Jan-15,315.2
1-Jan-15,314.9
31-Dec-14,318.2
30-Dec-14,311.3
29-Dec-14,314.1
28-Dec-14,316.5
27-Dec-14,315.3
26-Dec-14,330
25-Dec-14,319
24-Dec-14,322.4
23-Dec-14,335.3
22-Dec-14,330.8
21-Dec-14,322.6
20-Dec-14,330.4
19-Dec-14,317.8
18-Dec-14,310.3
17-Dec-14,320
16-Dec-14,330.2
15-Dec-14,345.4
14-Dec-14,349.4
13-Dec-14,348.2
12-Dec-14,353.4
11-Dec-14,347.7
10-Dec-14,347.9
9-Dec-14,352.2
8-Dec-14,365
7-Dec-14,376.5
6-Dec-14,376.3
5-Dec-14,377.6
4-Dec-14,369.8
3-Dec-14,377
2-Dec-14,380.6
1-Dec-14,378.6
30-Nov-14,374.9
29-Nov-14,376.3
28-Nov-14,377.6
27-Nov-14,368.8
26-Nov-14,365.4
25-Nov-14,376.4
24-Nov-14,378.9
23-Nov-14,365.9
22-Nov-14,352
21-Nov-14,351.8
20-Nov-14,357.3
19-Nov-14,381.4
18-Nov-14,379.2
17-Nov-14,384.7
16-Nov-14,385.6
15-Nov-14,374.9
14-Nov-14,396.5
13-Nov-14,428.7
12-Nov-14,432
11-Nov-14,365.4
10-Nov-14,367.1
9-Nov-14,362
8-Nov-14,343.5
7-Nov-14,341.9
6-Nov-14,347.7
5-Nov-14,338
4-Nov-14,328
3-Nov-14,324.2
2-Nov-14,322.5
1-Nov-14,325.4
31-Oct-14,337.9
30-Oct-14,344.9
29-Oct-14,335.1
28-Oct-14,351.1
27-Oct-14,350.1
26-Oct-14,348.7
25-Oct-14,346.7
24-Oct-14,355.1
23-Oct-14,355.8
22-Oct-14,378.9
21-Oct-14,382.4
20-Oct-14,380.4
19-Oct-14,387.3
18-Oct-14,390.9
17-Oct-14,380.5
16-Oct-14,379.8
15-Oct-14,393.2
14-Oct-14,397.1
13-Oct-14,387.3
12-Oct-14,373.2
11-Oct-14,361.2
10-Oct-14,361.7
9-Oct-14,360.9
8-Oct-14,350.9
7-Oct-14,331.6
6-Oct-14,331.5
5-Oct-14,322.9
4-Oct-14,335.3
3-Oct-14,363.5
2-Oct-14,375.1
1-Oct-14,382.8
30-Sep-14,388.2
29-Sep-14,376.8
28-Sep-14,379.1
27-Sep-14,399
26-Sep-14,404.5
25-Sep-14,412.3
24-Sep-14,423.8
23-Sep-14,436.9
22-Sep-14,404.1
21-Sep-14,401.6
20-Sep-14,411.5
19-Sep-14,397.7
18-Sep-14,424.3
17-Sep-14,461.1
16-Sep-14,466.8
15-Sep-14,477.7
14-Sep-14,477.7
13-Sep-14,478.2
12-Sep-14,477.7
11-Sep-14,478.5
10-Sep-14,479.7
9-Sep-14,474.9
8-Sep-14,475.7
7-Sep-14,485.8
6-Sep-14,484.5
5-Sep-14,483.6
4-Sep-14,491
3-Sep-14,480
2-Sep-14,478.9
1-Sep-14,477.2
31-Aug-14,481.8
30-Aug-14,506
29-Aug-14,512.6
28-Aug-14,510.8
27-Aug-14,515.2
26-Aug-14,512.6
25-Aug-14,502.9
24-Aug-14,509.7
23-Aug-14,497.7
22-Aug-14,516.1
21-Aug-14,517.9
20-Aug-14,516.8
19-Aug-14,485.1
18-Aug-14,462.2
17-Aug-14,485.5
16-Aug-14,522
15-Aug-14,496.5
14-Aug-14,504.8
13-Aug-14,542.1
12-Aug-14,567.7
11-Aug-14,575.9
10-Aug-14,592.1
9-Aug-14,589.5
8-Aug-14,595.8
7-Aug-14,592.8
6-Aug-14,589.8
5-Aug-14,588.8
4-Aug-14,592.8
3-Aug-14,588.9
2-Aug-14,591.7
1-Aug-14,598.8
31-Jul-14,589.5
30-Jul-14,564.6
29-Jul-14,585.8
28-Jul-14,587.9
27-Jul-14,595
26-Jul-14,596
25-Jul-14,600.5
24-Jul-14,601.9
23-Jul-14,621.7
22-Jul-14,622.5
21-Jul-14,625.1
20-Jul-14,621
19-Jul-14,627
18-Jul-14,627.5
17-Jul-14,626.6
16-Jul-14,614.8
15-Jul-14,619.6
14-Jul-14,618.3
13-Jul-14,628
12-Jul-14,635.9
11-Jul-14,632.9
10-Jul-14,618.4
9-Jul-14,623
8-Jul-14,615.3
7-Jul-14,613.6
6-Jul-14,626.7
5-Jul-14,623
4-Jul-14,624
3-Jul-14,638
2-Jul-14,645.7
1-Jul-14,643.2
30-Jun-14,635.1
29-Jun-14,601.1
28-Jun-14,597.6
27-Jun-14,602.2
26-Jun-14,582.7
25-Jun-14,568.5
24-Jun-14,588.8
23-Jun-14,591.2
22-Jun-14,603.6
21-Jun-14,597
20-Jun-14,590.8
19-Jun-14,600.2
18-Jun-14,606.2
17-Jun-14,605.1
16-Jun-14,599.1
15-Jun-14,582.3
14-Jun-14,583.4
13-Jun-14,610.3
12-Jun-14,597.1
11-Jun-14,643
10-Jun-14,655.6
9-Jun-14,644.3
8-Jun-14,651
7-Jun-14,651.7
6-Jun-14,650.4
5-Jun-14,660.2
4-Jun-14,638.9
3-Jun-14,669.4
2-Jun-14,655.5
1-Jun-14,649.8
31-May-14,627.9
30-May-14,612.3
29-May-14,564.4
28-May-14,570.8
27-May-14,570.1
26-May-14,582
25-May-14,570.4
24-May-14,520.5
23-May-14,518.1
22-May-14,515.4
21-May-14,488.8
20-May-14,484.6
19-May-14,443.9
18-May-14,450.1
17-May-14,452.8
16-May-14,453.6
15-May-14,448.1
14-May-14,442.6
13-May-14,433.9
12-May-14,438.2
11-May-14,433.2
10-May-14,451.9
9-May-14,445.5
8-May-14,441.1
7-May-14,446.5
6-May-14,432.2
5-May-14,430.9
4-May-14,436
3-May-14,438.6
2-May-14,453.7
1-May-14,460.1
30-Apr-14,445.6
29-Apr-14,446.1
28-Apr-14,441.9
27-Apr-14,443.2
26-Apr-14,457.9
25-Apr-14,464.5
24-Apr-14,500.3
23-Apr-14,487.3
22-Apr-14,487.9
21-Apr-14,495.2
20-Apr-14,498.5
19-Apr-14,506
18-Apr-14,485.5
17-Apr-14,502
16-Apr-14,537
15-Apr-14,526.4
14-Apr-14,478.4
13-Apr-14,427.6
12-Apr-14,437.6
11-Apr-14,435.1
10-Apr-14,384.6
9-Apr-14,457.3
8-Apr-14,466.6
7-Apr-14,462.4
6-Apr-14,455.7
5-Apr-14,456.6
4-Apr-14,444.4
3-Apr-14,436.3
2-Apr-14,424.4
1-Apr-14,463.5
31-Mar-14,444.7
30-Mar-14,446.9
29-Mar-14,477.1
28-Mar-14,482.6
27-Mar-14,460.5
26-Mar-14,562.5
25-Mar-14,562.9
24-Mar-14,567.6
23-Mar-14,551.2
22-Mar-14,564.3
21-Mar-14,549.6
20-Mar-14,566
19-Mar-14,595
18-Mar-14,598.9
17-Mar-14,606.4
16-Mar-14,619.1
15-Mar-14,624
14-Mar-14,614
13-Mar-14,625
12-Mar-14,619.4
11-Mar-14,608.7
10-Mar-14,613
9-Mar-14,627
8-Mar-14,609.2
7-Mar-14,616.7
6-Mar-14,648.3
5-Mar-14,658.3
4-Mar-14,661.8
3-Mar-14,662.2
2-Mar-14,544.6
1-Mar-14,557.4
28-Feb-14,573.9
27-Feb-14,596.5
26-Feb-14,593.1
25-Feb-14,135.8
24-Feb-14,174
23-Feb-14,310.2
22-Feb-14,255.6
21-Feb-14,111.6
20-Feb-14,111.9
19-Feb-14,261.5
18-Feb-14,294
17-Feb-14,272.3
16-Feb-14,299.8
15-Feb-14,371.1
14-Feb-14,427.7
13-Feb-14,451.4
12-Feb-14,531.1
11-Feb-14,579
10-Feb-14,582.6
9-Feb-14,659.6
8-Feb-14,648.8
7-Feb-14,695.7
6-Feb-14,828.9
5-Feb-14,904.5
4-Feb-14,926.6
3-Feb-14,931.7
2-Feb-14,953.3
1-Feb-14,940.4
31-Jan-14,938.8
30-Jan-14,941.4
29-Jan-14,925.7
28-Jan-14,932.7
27-Jan-14,943.5
26-Jan-14,"1,007.00"
25-Jan-14,961
24-Jan-14,916.5
23-Jan-14,944.2
22-Jan-14,951
21-Jan-14,962.2
20-Jan-14,956
19-Jan-14,954.8
18-Jan-14,905.7
17-Jan-14,894.2
16-Jan-14,913.5
15-Jan-14,941.2
14-Jan-14,919.3
13-Jan-14,922.9
12-Jan-14,939.8
11-Jan-14,"1,005.30"
10-Jan-14,957.8
9-Jan-14,937
8-Jan-14,938.8
7-Jan-14,879.9
6-Jan-14,"1,012.70"
5-Jan-14,"1,014.70"
4-Jan-14,924.7
3-Jan-14,884.3
2-Jan-14,856.9
1-Jan-14,815.9
31-Dec-13,805.9
30-Dec-13,804.8
29-Dec-13,785
28-Dec-13,762
27-Dec-13,803
26-Dec-13,802
25-Dec-13,707.3
24-Dec-13,702.8
23-Dec-13,713.2
22-Dec-13,639.5
21-Dec-13,640.5
20-Dec-13,650
19-Dec-13,732
18-Dec-13,541
17-Dec-13,715
16-Dec-13,759.9
15-Dec-13,919.9
14-Dec-13,908.9
13-Dec-13,936.8
12-Dec-13,900
11-Dec-13,919.9
10-Dec-13,"1,033.70"
9-Dec-13,919
8-Dec-13,804
7-Dec-13,697
6-Dec-13,845
5-Dec-13,"1,106.30"
4-Dec-13,"1,237.60"
3-Dec-13,"1,154.90"
2-Dec-13,"1,096.60"
1-Dec-13,"1,004.40"
30-Nov-13,"1,205.70"
29-Nov-13,"1,206.90"
28-Nov-13,"1,101.40"
27-Nov-13,"1,079.90"
26-Nov-13,970
25-Nov-13,830
24-Nov-13,795
23-Nov-13,832.5
22-Nov-13,802
21-Nov-13,764.9
20-Nov-13,638
19-Nov-13,645.7
18-Nov-13,785.4
17-Nov-13,528.3
16-Nov-13,462
15-Nov-13,433.9
14-Nov-13,433.4
13-Nov-13,434.9
12-Nov-13,380
11-Nov-13,363
10-Nov-13,336.3
9-Nov-13,367.8
8-Nov-13,355
7-Nov-13,309.6
6-Nov-13,264.1
5-Nov-13,251.3
4-Nov-13,238.2
3-Nov-13,224
2-Nov-13,211.7
1-Nov-13,213.4
31-Oct-13,211.2
30-Oct-13,208
29-Oct-13,216
28-Oct-13,206.9
27-Oct-13,206.9
26-Oct-13,188.6
25-Oct-13,197.9
24-Oct-13,207
23-Oct-13,228
22-Oct-13,203
21-Oct-13,192.8
20-Oct-13,186.1
19-Oct-13,183.1
18-Oct-13,168.3
17-Oct-13,157.6
16-Oct-13,152.8
15-Oct-13,158.1
14-Oct-13,151.4
13-Oct-13,147.5
12-Oct-13,142.9
11-Oct-13,140.1
10-Oct-13,140.4
9-Oct-13,139.5
8-Oct-13,136.5
7-Oct-13,135.8
6-Oct-13,137.8
5-Oct-13,136.7
4-Oct-13,136.8
3-Oct-13,131
2-Oct-13,123
1-Oct-13,140.3
30-Sep-13,141.9
29-Sep-13,143.9
28-Sep-13,142.5
27-Sep-13,138.9
26-Sep-13,137.1
25-Sep-13,135
24-Sep-13,134.8
23-Sep-13,133.4
22-Sep-13,134
21-Sep-13,134.4
20-Sep-13,133.8
19-Sep-13,135.1
18-Sep-13,140.4
17-Sep-13,139.1
16-Sep-13,139.4
15-Sep-13,138.3
14-Sep-13,136.7
13-Sep-13,140.7
12-Sep-13,139.4
11-Sep-13,142.1
10-Sep-13,132.6
9-Sep-13,133.1
8-Sep-13,126.3
7-Sep-13,129
6-Sep-13,121.9
5-Sep-13,130.2
4-Sep-13,132.5
3-Sep-13,144
2-Sep-13,144
1-Sep-13,146
31-Aug-13,141
30-Aug-13,138
29-Aug-13,129.3
28-Aug-13,128.8
27-Aug-13,131.3
26-Aug-13,120.1
25-Aug-13,122.1
24-Aug-13,119.6
23-Aug-13,118.5
22-Aug-13,122
21-Aug-13,123.3
20-Aug-13,121.2
19-Aug-13,118.5
18-Aug-13,113.4
17-Aug-13,112.8
16-Aug-13,109
15-Aug-13,110
14-Aug-13,112.6
13-Aug-13,109.6
12-Aug-13,106.8
11-Aug-13,105
10-Aug-13,103
9-Aug-13,102.8
8-Aug-13,103.1
7-Aug-13,106
6-Aug-13,106.6
5-Aug-13,106.7
4-Aug-13,105.1
3-Aug-13,104.9
2-Aug-13,104.5
1-Aug-13,104
31-Jul-13,106.2
30-Jul-13,108
29-Jul-13,101.5
28-Jul-13,98.8
27-Jul-13,94.4
26-Jul-13,96
25-Jul-13,96.9
24-Jul-13,95.1
23-Jul-13,95.6
22-Jul-13,91.6
21-Jul-13,92
20-Jul-13,89.8
19-Jul-13,92
18-Jul-13,90.1
17-Jul-13,98.5
16-Jul-13,97.1
15-Jul-13,98.9
14-Jul-13,94.4
13-Jul-13,98.3
12-Jul-13,94
11-Jul-13,89
10-Jul-13,88
9-Jul-13,76.7
8-Jul-13,76
7-Jul-13,76.5
6-Jul-13,69.7
5-Jul-13,68.5
4-Jul-13,80
3-Jul-13,78.9
2-Jul-13,90.4
1-Jul-13,88.1
30-Jun-13,97.5
29-Jun-13,95
28-Jun-13,94.7
27-Jun-13,101.7
26-Jun-13,104
25-Jun-13,103.3
24-Jun-13,102.1
23-Jun-13,107.9
22-Jun-13,108.2
21-Jun-13,109.5
20-Jun-13,111.3
19-Jun-13,108.3
18-Jun-13,107.3
17-Jun-13,101.9
16-Jun-13,99.9
15-Jun-13,99.8
14-Jun-13,100
13-Jun-13,103.9
12-Jun-13,108.8
11-Jun-13,109
10-Jun-13,106.3
9-Jun-13,100.4
8-Jun-13,107.9
7-Jun-13,111
6-Jun-13,119
5-Jun-13,121.9
4-Jun-13,121.4
3-Jun-13,120.7
2-Jun-13,122.5
1-Jun-13,129.3
31-May-13,128.8
30-May-13,128.8
29-May-13,132.3
28-May-13,129
27-May-13,129.8
26-May-13,133.5
25-May-13,132
24-May-13,133.1
23-May-13,126.3
22-May-13,123.8
21-May-13,122.9
20-May-13,122
19-May-13,122.5
18-May-13,123.2
17-May-13,123.5
16-May-13,118.2
15-May-13,114.2
14-May-13,111.4
13-May-13,118
12-May-13,114.8
11-May-13,115.6
10-May-13,117.7
9-May-13,112.8
8-May-13,113.2
7-May-13,109.6
6-May-13,112.3
5-May-13,116
4-May-13,112.9
3-May-13,98.1
2-May-13,106.3
1-May-13,116.4
30-Apr-13,139.2
29-Apr-13,144
28-Apr-13,134.4
27-Apr-13,128
26-Apr-13,136.9
25-Apr-13,141.7
24-Apr-13,154.2
23-Apr-13,143.5
22-Apr-13,127.4
21-Apr-13,119.2
20-Apr-13,126.6
19-Apr-13,118.5
18-Apr-13,109
17-Apr-13,93.1
16-Apr-13,68.4
15-Apr-13,82.4
14-Apr-13,90
13-Apr-13,93
12-Apr-13,117
11-Apr-13,124.9
10-Apr-13,165
9-Apr-13,230
8-Apr-13,187.5
7-Apr-13,162.3
6-Apr-13,142.6
5-Apr-13,142.3
4-Apr-13,132.1
3-Apr-13,135
2-Apr-13,118
1-Apr-13,104
31-Mar-13,93
30-Mar-13,92.2
29-Mar-13,90.5
28-Mar-13,86.2
27-Mar-13,88.9
26-Mar-13,78.5
25-Mar-13,73.6
24-Mar-13,71.5
23-Mar-13,64.3
22-Mar-13,69.9
21-Mar-13,70.8
20-Mar-13,64.5
19-Mar-13,59.1
18-Mar-13,51.6
17-Mar-13,47.4
16-Mar-13,47
15-Mar-13,47
14-Mar-13,47.2
13-Mar-13,46.9
12-Mar-13,44.3
11-Mar-13,48.4
10-Mar-13,46
9-Mar-13,46.8
8-Mar-13,44.2
7-Mar-13,42
6-Mar-13,41
5-Mar-13,40.3
4-Mar-13,36.2
3-Mar-13,34.5
2-Mar-13,34.3
1-Mar-13,34.5
28-Feb-13,33.4
27-Feb-13,30.9
26-Feb-13,31.1
25-Feb-13,30.4
24-Feb-13,29.9
23-Feb-13,29.8
22-Feb-13,30.3
21-Feb-13,29.8
20-Feb-13,29.6
19-Feb-13,29.4
18-Feb-13,27
17-Feb-13,26.8
16-Feb-13,27.2
15-Feb-13,27.1
14-Feb-13,27.2
13-Feb-13,24.2
12-Feb-13,25.2
11-Feb-13,24.6
10-Feb-13,24
9-Feb-13,23.6
8-Feb-13,22.7
7-Feb-13,22.1
6-Feb-13,21.2
5-Feb-13,20.6
4-Feb-13,20.4
3-Feb-13,20.6
2-Feb-13,19.6
1-Feb-13,20.5
31-Jan-13,20.4
30-Jan-13,19.7
29-Jan-13,19.5
28-Jan-13,18.7
27-Jan-13,17.8
26-Jan-13,17.9
25-Jan-13,17.4
24-Jan-13,16.9
23-Jan-13,17.5
22-Jan-13,17.3
21-Jan-13,16.8
20-Jan-13,15.7
19-Jan-13,15.6
18-Jan-13,15.7
17-Jan-13,15.5
16-Jan-13,14.7
15-Jan-13,14.3
14-Jan-13,14.3
13-Jan-13,14.1
12-Jan-13,14.2
11-Jan-13,14.1
10-Jan-13,14.1
9-Jan-13,13.8
8-Jan-13,13.7
7-Jan-13,13.6
6-Jan-13,13.4
5-Jan-13,13.4
4-Jan-13,13.5
3-Jan-13,13.4
2-Jan-13,13.3
1-Jan-13,13.3
31-Dec-12,13.5
30-Dec-12,13.4
29-Dec-12,13.4
28-Dec-12,13.4
27-Dec-12,13.4
26-Dec-12,13.5
25-Dec-12,13.4
24-Dec-12,13.4
23-Dec-12,13.3
22-Dec-12,13.4
21-Dec-12,13.5
20-Dec-12,13.5
19-Dec-12,13.6
18-Dec-12,13.3
17-Dec-12,13.3
16-Dec-12,13.3
15-Dec-12,13.5
14-Dec-12,13.6
13-Dec-12,13.7
12-Dec-12,13.7
11-Dec-12,13.6
10-Dec-12,13.4
9-Dec-12,13.4
8-Dec-12,13.4
7-Dec-12,13.5
6-Dec-12,13.3
5-Dec-12,13.4
4-Dec-12,13.4
3-Dec-12,12.7
2-Dec-12,12.5
1-Dec-12,12.6
30-Nov-12,12.6
29-Nov-12,12.4
28-Nov-12,12.4
27-Nov-12,12.2
26-Nov-12,12.3
25-Nov-12,12.5
24-Nov-12,12.4
23-Nov-12,12.4
22-Nov-12,12.4
21-Nov-12,11.8
20-Nov-12,11.7
19-Nov-12,11.8
18-Nov-12,11.6
17-Nov-12,11.8
16-Nov-12,11.8
15-Nov-12,11.2
14-Nov-12,10.9
13-Nov-12,10.9
12-Nov-12,11
11-Nov-12,10.9
10-Nov-12,10.9
9-Nov-12,10.8
8-Nov-12,10.9
7-Nov-12,10.9
6-Nov-12,10.9
5-Nov-12,10.8
4-Nov-12,10.8
3-Nov-12,10.6
2-Nov-12,10.5
1-Nov-12,10.6
31-Oct-12,11.2
30-Oct-12,10.9
29-Oct-12,10.6
28-Oct-12,10.7
27-Oct-12,10.3
26-Oct-12,10.2
25-Oct-12,10.9
24-Oct-12,11.6
23-Oct-12,11.6
22-Oct-12,11.7
21-Oct-12,11.6
20-Oct-12,11.7
19-Oct-12,11.7
18-Oct-12,11.9
17-Oct-12,11.8
16-Oct-12,11.9
15-Oct-12,11.8
14-Oct-12,11.7
13-Oct-12,11.9
12-Oct-12,12
11-Oct-12,12
10-Oct-12,12.1
9-Oct-12,11.9
8-Oct-12,11.8
7-Oct-12,11.8
6-Oct-12,12.5
5-Oct-12,12.7
4-Oct-12,12.9
3-Oct-12,12.9
2-Oct-12,12.8
1-Oct-12,12.4
30-Sep-12,12.4
29-Sep-12,12.4
28-Sep-12,12.4
27-Sep-12,12.3
26-Sep-12,12.3
25-Sep-12,12.2
24-Sep-12,12.1
23-Sep-12,12.2
22-Sep-12,12.2
21-Sep-12,12.4
20-Sep-12,12.3
19-Sep-12,12.6
18-Sep-12,12.3
17-Sep-12,11.9
16-Sep-12,11.9
15-Sep-12,11.8
14-Sep-12,11.7
13-Sep-12,11.4
12-Sep-12,11.4
11-Sep-12,11.3
10-Sep-12,11.2
9-Sep-12,11
8-Sep-12,11
7-Sep-12,11
6-Sep-12,11.2
5-Sep-12,11
4-Sep-12,10.4
3-Sep-12,10.5
2-Sep-12,10.2
1-Sep-12,10
31-Aug-12,10.2
30-Aug-12,10.8
29-Aug-12,10.9
28-Aug-12,10.9
27-Aug-12,10.9
26-Aug-12,10.6
25-Aug-12,10.5
24-Aug-12,10.6
23-Aug-12,10.1
22-Aug-12,9.8
21-Aug-12,9.9
20-Aug-12,10.1
19-Aug-12,8
18-Aug-12,11.6
17-Aug-12,11.6
16-Aug-12,13.5
15-Aug-12,13.3
14-Aug-12,12.2
13-Aug-12,12
12-Aug-12,11.6
11-Aug-12,11.5
10-Aug-12,11.4
9-Aug-12,11.1
8-Aug-12,11.1
7-Aug-12,11.1
6-Aug-12,10.9
5-Aug-12,10.9
4-Aug-12,11
3-Aug-12,11
2-Aug-12,10.5
1-Aug-12,9.6
31-Jul-12,9.4
30-Jul-12,9.1
29-Jul-12,8.7
28-Jul-12,8.9
27-Jul-12,8.9
26-Jul-12,8.9
25-Jul-12,8.8
24-Jul-12,8.6
23-Jul-12,8.4
22-Jul-12,8.4
21-Jul-12,8.9
20-Jul-12,8.5
19-Jul-12,8.9
18-Jul-12,9.1
17-Jul-12,8.8
16-Jul-12,8.5
15-Jul-12,7.6
14-Jul-12,7.5
13-Jul-12,7.7
12-Jul-12,7.8
11-Jul-12,7.2
10-Jul-12,7.2
9-Jul-12,7
8-Jul-12,6.8
7-Jul-12,6.8
6-Jul-12,6.7
5-Jul-12,6.7
4-Jul-12,6.5
3-Jul-12,6.4
2-Jul-12,6.8
1-Jul-12,6.6
30-Jun-12,6.7
29-Jun-12,6.7
28-Jun-12,6.6
27-Jun-12,6.7
26-Jun-12,6.4
25-Jun-12,6.3
24-Jun-12,6.3
23-Jun-12,6.4
22-Jun-12,6.6
21-Jun-12,6.7
20-Jun-12,6.7
19-Jun-12,6.5
18-Jun-12,6.3
17-Jun-12,6.2
16-Jun-12,6.4
15-Jun-12,6.5
14-Jun-12,5.9
13-Jun-12,5.9
12-Jun-12,5.7
11-Jun-12,5.6
10-Jun-12,5.5
9-Jun-12,5.6
8-Jun-12,5.6
7-Jun-12,5.6
6-Jun-12,5.5
5-Jun-12,5.4
4-Jun-12,5.3
3-Jun-12,5.2
2-Jun-12,5.3
1-Jun-12,5.3
31-May-12,5.2
30-May-12,5.1
29-May-12,5.2
28-May-12,5.1
27-May-12,5.1
26-May-12,5.1
25-May-12,5.2
24-May-12,5.1
23-May-12,5.1
22-May-12,5.1
21-May-12,5.1
20-May-12,5.1
19-May-12,5.1
18-May-12,5.1
17-May-12,5.1
16-May-12,5.1
15-May-12,5
14-May-12,5
13-May-12,4.9
12-May-12,4.9
11-May-12,5
10-May-12,4.8
9-May-12,5
8-May-12,5.1
7-May-12,5.1
6-May-12,5.1
5-May-12,5.1
4-May-12,5.1
3-May-12,5.1
2-May-12,5.1
1-May-12,5
30-Apr-12,4.9
29-Apr-12,4.9
28-Apr-12,5
27-Apr-12,5.1
26-Apr-12,5.1
25-Apr-12,5.1
24-Apr-12,5.1
23-Apr-12,5
22-Apr-12,5.2
21-Apr-12,5.3
20-Apr-12,5.3
19-Apr-12,5.1
18-Apr-12,5.1
17-Apr-12,5
16-Apr-12,4.9
15-Apr-12,5
14-Apr-12,5
13-Apr-12,4.9
12-Apr-12,4.9
11-Apr-12,4.9
10-Apr-12,4.8
9-Apr-12,4.9
8-Apr-12,4.8
7-Apr-12,4.7
6-Apr-12,4.9
5-Apr-12,4.9
4-Apr-12,4.9
3-Apr-12,4.9
2-Apr-12,5
1-Apr-12,4.8
31-Mar-12,4.9
30-Mar-12,4.9
29-Mar-12,4.8
28-Mar-12,4.8
27-Mar-12,4.8
26-Mar-12,4.6
25-Mar-12,4.6
24-Mar-12,4.7
23-Mar-12,4.7
22-Mar-12,4.7
21-Mar-12,4.8
20-Mar-12,4.8
19-Mar-12,4.7
18-Mar-12,5.3
17-Mar-12,5.2
16-Mar-12,5.3
15-Mar-12,5.3
14-Mar-12,5.4
13-Mar-12,5.3
12-Mar-12,4.9
11-Mar-12,4.9
10-Mar-12,4.8
9-Mar-12,4.9
8-Mar-12,4.9
7-Mar-12,4.9
6-Mar-12,5
5-Mar-12,5
4-Mar-12,4.8
3-Mar-12,4.6
2-Mar-12,4.7
1-Mar-12,4.9
29-Feb-12,4.9
28-Feb-12,4.9
27-Feb-12,5
26-Feb-12,4.9
25-Feb-12,4.8
24-Feb-12,5
23-Feb-12,5
22-Feb-12,4.4
21-Feb-12,4.3
20-Feb-12,4.4
19-Feb-12,4.4
18-Feb-12,4.2
17-Feb-12,4.4
16-Feb-12,4.3
15-Feb-12,4.3
14-Feb-12,4.5
13-Feb-12,5.3
12-Feb-12,5.5
11-Feb-12,5.6
10-Feb-12,5.9
9-Feb-12,5.8
8-Feb-12,5.6
7-Feb-12,5.7
6-Feb-12,5.4
5-Feb-12,5.7
4-Feb-12,5.9
3-Feb-12,6
2-Feb-12,6.1
1-Feb-12,6.1
31-Jan-12,5.5
30-Jan-12,5.5
29-Jan-12,5.4
28-Jan-12,5.6
27-Jan-12,5.3
26-Jan-12,5.3
25-Jan-12,5.8
24-Jan-12,6.3
23-Jan-12,6.4
22-Jan-12,6.3
21-Jan-12,6.2
20-Jan-12,6.5
19-Jan-12,6.4
18-Jan-12,5.9
17-Jan-12,5.6
16-Jan-12,6.7
15-Jan-12,7
14-Jan-12,6.8
13-Jan-12,6.4
12-Jan-12,6.8
