1-Jan-09,"10,900.00"
2-Jan-09,"10,900.00"
5-Jan-09,"10,925.00"
6-Jan-09,"10,950.00"
7-Jan-09,"10,750.00"
8-Jan-09,"10,950.00"
9-Jan-09,"10,900.00"
12-Jan-09,"11,062.50"
13-Jan-09,"11,125.00"
14-Jan-09,"11,100.00"
15-Jan-09,"11,125.00"
16-Jan-09,"11,120.00"
19-Jan-09,"11,137.50"
20-Jan-09,"11,150.00"
21-Jan-09,"11,200.00"
22-Jan-09,"11,225.00"
23-Jan-09,"11,170.00"
26-Jan-09,"11,170.00"
27-Jan-09,"11,300.00"
28-Jan-09,"11,310.00"
29-Jan-09,"11,315.00"
30-Jan-09,"11,380.00"
2-Feb-09,"11,775.00"
3-Feb-09,"11,675.00"
4-Feb-09,"11,745.00"
5-Feb-09,"11,675.00"
6-Feb-09,"11,680.00"
9-Feb-09,"11,675.00"
10-Feb-09,"11,710.00"
11-Feb-09,"11,760.00"
12-Feb-09,"11,780.00"
13-Feb-09,"11,770.00"
16-Feb-09,"11,825.00"
17-Feb-09,"11,900.00"
18-Feb-09,"11,920.00"
19-Feb-09,"11,970.00"
20-Feb-09,"11,960.00"
23-Feb-09,"11,910.00"
24-Feb-09,"11,930.00"
25-Feb-09,"11,945.00"
26-Feb-09,"11,975.00"
27-Feb-09,"11,980.00"
2-Mar-09,"11,992.50"
3-Mar-09,"11,995.00"
4-Mar-09,"12,020.00"
5-Mar-09,"12,020.00"
6-Mar-09,"12,010.00"
9-Mar-09,"12,010.00"
10-Mar-09,"11,980.00"
11-Mar-09,"11,977.50"
12-Mar-09,"11,985.00"
13-Mar-09,"11,980.00"
16-Mar-09,"11,955.00"
17-Mar-09,"11,965.00"
18-Mar-09,"11,970.00"
19-Mar-09,"11,895.00"
20-Mar-09,"11,755.00"
23-Mar-09,"11,565.00"
24-Mar-09,"11,465.00"
25-Mar-09,"11,530.00"
26-Mar-09,"11,530.00"
27-Mar-09,"11,485.00"
30-Mar-09,"11,555.00"
31-Mar-09,"11,555.00"
1-Apr-09,"11,565.00"
2-Apr-09,"11,490.00"
3-Apr-09,"11,465.00"
6-Apr-09,"11,280.00"
7-Apr-09,"11,320.00"
8-Apr-09,"11,320.00"
9-Apr-09,"11,320.00"
10-Apr-09,"11,320.00"
13-Apr-09,"11,110.00"
14-Apr-09,"10,920.00"
15-Apr-09,"10,895.00"
16-Apr-09,"10,725.00"
17-Apr-09,"10,705.00"
20-Apr-09,"10,720.00"
21-Apr-09,"10,825.00"
22-Apr-09,"10,855.00"
23-Apr-09,"10,885.00"
24-Apr-09,"10,790.00"
27-Apr-09,"10,820.00"
28-Apr-09,"10,835.00"
29-Apr-09,"10,825.00"
30-Apr-09,"10,585.00"
1-May-09,"10,610.00"
4-May-09,"10,500.00"
5-May-09,"10,410.00"
6-May-09,"10,435.00"
7-May-09,"10,370.00"
8-May-09,"10,375.00"
11-May-09,"10,330.00"
12-May-09,"10,340.00"
13-May-09,"10,340.00"
14-May-09,"10,375.00"
15-May-09,"10,400.00"
18-May-09,"10,405.00"
19-May-09,"10,320.00"
20-May-09,"10,345.00"
21-May-09,"10,345.00"
22-May-09,"10,270.00"
25-May-09,"10,285.00"
26-May-09,"10,335.00"
27-May-09,"10,310.00"
28-May-09,"10,325.00"
29-May-09,"10,290.00"
1-Jun-09,"10,235.00"
2-Jun-09,"10,260.00"
3-Jun-09,"10,115.00"
4-Jun-09,"10,080.00"
5-Jun-09,"9,940.00"
8-Jun-09,"10,025.00"
9-Jun-09,"10,060.00"
10-Jun-09,"10,022.50"
11-Jun-09,"10,090.00"
12-Jun-09,"10,065.00"
15-Jun-09,"10,120.00"
16-Jun-09,"10,180.00"
17-Jun-09,"10,215.00"
18-Jun-09,"10,280.00"
19-Jun-09,"10,310.00"
22-Jun-09,"10,345.00"
23-Jun-09,"10,365.00"
24-Jun-09,"10,350.00"
25-Jun-09,"10,260.00"
26-Jun-09,"10,230.00"
29-Jun-09,"10,235.00"
30-Jun-09,"10,207.50"
1-Jul-09,"10,190.00"
2-Jul-09,"10,185.00"
3-Jul-09,"10,190.00"
6-Jul-09,"10,212.50"
7-Jul-09,"10,200.00"
8-Jul-09,"10,200.00"
9-Jul-09,"10,142.50"
10-Jul-09,"10,142.50"
13-Jul-09,"10,200.00"
14-Jul-09,"10,185.00"
15-Jul-09,"10,122.00"
16-Jul-09,"10,095.00"
17-Jul-09,"10,155.00"
20-Jul-09,"10,155.00"
21-Jul-09,"10,050.00"
22-Jul-09,"10,070.00"
23-Jul-09,"10,033.00"
24-Jul-09,"9,990.00"
27-Jul-09,"9,965.00"
28-Jul-09,"9,925.00"
29-Jul-09,"9,955.00"
30-Jul-09,"9,990.00"
31-Jul-09,"9,925.00"
3-Aug-09,"9,900.00"
4-Aug-09,"9,865.00"
5-Aug-09,"9,880.00"
6-Aug-09,"9,885.00"
7-Aug-09,"9,900.00"
10-Aug-09,"9,905.00"
11-Aug-09,"9,920.00"
12-Aug-09,"9,955.00"
13-Aug-09,"9,927.50"
14-Aug-09,"9,930.00"
17-Aug-09,"9,930.00"
18-Aug-09,"9,970.00"
19-Aug-09,"10,070.00"
20-Aug-09,"10,035.00"
21-Aug-09,"10,015.00"
24-Aug-09,"9,995.00"
25-Aug-09,"10,000.00"
26-Aug-09,"10,025.00"
27-Aug-09,"10,065.00"
28-Aug-09,"10,050.00"
31-Aug-09,"10,080.00"
1-Sep-09,"10,075.00"
2-Sep-09,"10,185.00"
3-Sep-09,"10,110.00"
4-Sep-09,"10,115.00"
7-Sep-09,"10,060.00"
8-Sep-09,"9,990.00"
9-Sep-09,"9,925.00"
10-Sep-09,"9,932.50"
11-Sep-09,"9,915.00"
14-Sep-09,"9,940.00"
15-Sep-09,"9,892.50"
16-Sep-09,"9,690.00"
17-Sep-09,"9,695.00"
18-Sep-09,"9,700.00"
21-Sep-09,"9,705.00"
22-Sep-09,"9,700.00"
23-Sep-09,"9,700.00"
24-Sep-09,"9,652.50"
25-Sep-09,"9,655.00"
28-Sep-09,"9,705.00"
29-Sep-09,"9,692.50"
30-Sep-09,"9,645.00"
1-Oct-09,"9,625.00"
2-Oct-09,"9,640.00"
5-Oct-09,"9,552.00"
6-Oct-09,"9,444.00"
7-Oct-09,"9,425.00"
8-Oct-09,"9,440.00"
9-Oct-09,"9,455.00"
12-Oct-09,"9,475.00"
13-Oct-09,"9,450.00"
14-Oct-09,"9,370.00"
15-Oct-09,"9,335.00"
16-Oct-09,"9,395.00"
19-Oct-09,"9,400.00"
20-Oct-09,"9,395.00"
21-Oct-09,"9,420.00"
22-Oct-09,"9,490.00"
23-Oct-09,"9,430.00"
26-Oct-09,"9,485.00"
27-Oct-09,"9,535.00"
28-Oct-09,"9,610.00"
29-Oct-09,"9,590.00"
30-Oct-09,"9,550.00"
2-Nov-09,"9,560.00"
3-Nov-09,"9,575.00"
4-Nov-09,"9,510.00"
5-Nov-09,"9,510.00"
6-Nov-09,"9,460.00"
9-Nov-09,"9,410.00"
10-Nov-09,"9,415.00"
11-Nov-09,"9,390.00"
12-Nov-09,"9,410.00"
13-Nov-09,"9,375.00"
16-Nov-09,"9,390.00"
17-Nov-09,"9,385.00"
18-Nov-09,"9,395.00"
19-Nov-09,"9,540.00"
20-Nov-09,"9,465.00"
23-Nov-09,"9,455.00"
24-Nov-09,"9,480.00"
25-Nov-09,"9,390.00"
26-Nov-09,"9,415.00"
27-Nov-09,"9,415.00"
30-Nov-09,"9,455.00"
1-Dec-09,"9,445.00"
2-Dec-09,"9,435.00"
3-Dec-09,"9,418.00"
4-Dec-09,"9,415.00"
7-Dec-09,"9,435.00"
8-Dec-09,"9,440.00"
9-Dec-09,"9,430.00"
10-Dec-09,"9,437.00"
11-Dec-09,"9,440.00"
14-Dec-09,"9,450.00"
15-Dec-09,"9,450.00"
16-Dec-09,"9,465.00"
17-Dec-09,"9,475.00"
18-Dec-09,"9,475.00"
21-Dec-09,"9,500.00"
22-Dec-09,"9,490.00"
23-Dec-09,"9,500.00"
24-Dec-09,"9,475.00"
28-Dec-09,"9,440.00"
29-Dec-09,"9,434.50"
30-Dec-09,"9,435.00"
31-Dec-09,"9,425.00"
1-Jan-10,"9,425.00"
4-Jan-10,"9,345.00"
5-Jan-10,"9,320.00"
6-Jan-10,"9,245.00"
7-Jan-10,"9,240.00"
8-Jan-10,"9,215.00"
11-Jan-10,"9,152.50"
12-Jan-10,"9,175.00"
13-Jan-10,"9,185.00"
14-Jan-10,"9,165.00"
15-Jan-10,"9,190.00"
18-Jan-10,"9,225.00"
19-Jan-10,"9,230.00"
20-Jan-10,"9,295.00"
21-Jan-10,"9,285.00"
22-Jan-10,"9,315.00"
25-Jan-10,"9,320.00"
26-Jan-10,"9,380.00"
27-Jan-10,"9,400.00"
28-Jan-10,"9,325.00"
29-Jan-10,"9,350.00"
1-Feb-10,"9,385.00"
2-Feb-10,"9,360.00"
3-Feb-10,"9,292.50"
4-Feb-10,"9,320.00"
5-Feb-10,"9,385.00"
8-Feb-10,"9,395.00"
9-Feb-10,"9,380.00"
10-Feb-10,"9,360.00"
11-Feb-10,"9,370.00"
12-Feb-10,"9,340.00"
15-Feb-10,"9,350.00"
16-Feb-10,"9,310.00"
17-Feb-10,"9,270.00"
18-Feb-10,"9,295.00"
19-Feb-10,"9,340.00"
22-Feb-10,"9,290.00"
23-Feb-10,"9,315.00"
24-Feb-10,"9,305.00"
25-Feb-10,"9,335.00"
26-Feb-10,"9,337.00"
1-Mar-10,"9,260.00"
2-Mar-10,"9,290.00"
3-Mar-10,"9,275.00"
4-Mar-10,"9,265.00"
5-Mar-10,"9,235.00"
8-Mar-10,"9,175.00"
9-Mar-10,"9,195.00"
10-Mar-10,"9,170.00"
11-Mar-10,"9,190.00"
12-Mar-10,"9,152.50"
15-Mar-10,"9,165.00"
16-Mar-10,"9,160.00"
17-Mar-10,"9,110.00"
18-Mar-10,"9,125.00"
19-Mar-10,"9,171.50"
22-Mar-10,"9,120.00"
23-Mar-10,"9,115.00"
24-Mar-10,"9,127.50"
25-Mar-10,"9,130.00"
26-Mar-10,"9,120.00"
29-Mar-10,"9,090.00"
30-Mar-10,"9,105.00"
31-Mar-10,"9,090.00"
1-Apr-10,"9,071.50"
2-Apr-10,"9,065.00"
5-Apr-10,"9,057.00"
6-Apr-10,"9,045.00"
7-Apr-10,"9,047.50"
8-Apr-10,"9,060.00"
9-Apr-10,"9,027.50"
12-Apr-10,"9,020.00"
13-Apr-10,"9,025.00"
14-Apr-10,"9,007.50"
15-Apr-10,"9,002.50"
16-Apr-10,"9,007.50"
19-Apr-10,"9,042.00"
20-Apr-10,"9,005.00"
21-Apr-10,"9,017.00"
22-Apr-10,"9,013.50"
23-Apr-10,"9,011.00"
26-Apr-10,"9,007.50"
27-Apr-10,"9,007.00"
28-Apr-10,"9,041.00"
29-Apr-10,"9,019.50"
30-Apr-10,"9,012.50"
3-May-10,"9,025.00"
4-May-10,"9,025.00"
5-May-10,"9,090.00"
6-May-10,"9,200.00"
7-May-10,"9,190.00"
10-May-10,"9,075.00"
11-May-10,"9,095.00"
12-May-10,"9,085.00"
13-May-10,"9,085.00"
14-May-10,"9,094.00"
17-May-10,"9,130.00"
18-May-10,"9,105.00"
19-May-10,"9,160.00"
20-May-10,"9,250.00"
21-May-10,"9,270.00"
24-May-10,"9,260.00"
25-May-10,"9,360.00"
26-May-10,"9,320.00"
27-May-10,"9,260.00"
28-May-10,"9,260.00"
31-May-10,"9,175.00"
1-Jun-10,"9,217.50"
2-Jun-10,"9,220.00"
3-Jun-10,"9,190.00"
4-Jun-10,"9,180.00"
7-Jun-10,"9,250.00"
8-Jun-10,"9,250.00"
9-Jun-10,"9,250.00"
10-Jun-10,"9,227.50"
11-Jun-10,"9,200.00"
14-Jun-10,"9,165.00"
15-Jun-10,"9,172.50"
16-Jun-10,"9,152.00"
17-Jun-10,"9,153.00"
18-Jun-10,"9,091.00"
21-Jun-10,"9,015.00"
22-Jun-10,"9,022.50"
23-Jun-10,"9,030.00"
24-Jun-10,"9,047.50"
25-Jun-10,"9,055.00"
28-Jun-10,"9,020.00"
29-Jun-10,"9,055.00"
30-Jun-10,"9,060.00"
1-Jul-10,"9,072.00"
2-Jul-10,"9,055.00"
5-Jul-10,"9,060.00"
6-Jul-10,"9,060.00"
7-Jul-10,"9,070.00"
8-Jul-10,"9,065.00"
9-Jul-10,"9,045.00"
12-Jul-10,"9,047.00"
13-Jul-10,"9,050.00"
14-Jul-10,"9,048.00"
15-Jul-10,"9,052.50"
16-Jul-10,"9,042.00"
19-Jul-10,"9,060.00"
20-Jul-10,"9,045.00"
21-Jul-10,"9,070.00"
22-Jul-10,"9,050.00"
23-Jul-10,"9,040.00"
26-Jul-10,"9,030.00"
27-Jul-10,"9,015.00"
28-Jul-10,"9,004.00"
29-Jul-10,"8,977.50"
30-Jul-10,"8,940.00"
2-Aug-10,"8,945.00"
3-Aug-10,"8,938.50"
4-Aug-10,"8,945.00"
5-Aug-10,"8,937.50"
6-Aug-10,"8,938.00"
9-Aug-10,"8,933.50"
10-Aug-10,"8,955.00"
11-Aug-10,"8,973.00"
12-Aug-10,"9,010.00"
13-Aug-10,"8,970.00"
16-Aug-10,"8,980.00"
17-Aug-10,"8,980.00"
18-Aug-10,"8,970.50"
19-Aug-10,"8,962.50"
20-Aug-10,"8,972.50"
23-Aug-10,"8,967.00"
24-Aug-10,"8,977.50"
25-Aug-10,"8,976.00"
26-Aug-10,"8,987.50"
27-Aug-10,"9,015.00"
30-Aug-10,"9,014.50"
31-Aug-10,"9,035.00"
1-Sep-10,"9,012.50"
2-Sep-10,"9,010.50"
3-Sep-10,"9,004.00"
6-Sep-10,"9,002.00"
7-Sep-10,"9,017.00"
8-Sep-10,"9,000.00"
9-Sep-10,"9,000.00"
10-Sep-10,"9,000.00"
13-Sep-10,"9,000.00"
14-Sep-10,"8,976.00"
15-Sep-10,"8,988.00"
16-Sep-10,"8,978.00"
17-Sep-10,"8,987.00"
20-Sep-10,"8,978.00"
21-Sep-10,"8,968.00"
22-Sep-10,"8,957.50"
23-Sep-10,"8,959.00"
24-Sep-10,"8,953.50"
27-Sep-10,"8,949.50"
28-Sep-10,"8,953.50"
29-Sep-10,"8,934.50"
30-Sep-10,"8,925.00"
1-Oct-10,"8,922.50"
4-Oct-10,"8,926.50"
5-Oct-10,"8,934.50"
6-Oct-10,"8,923.00"
7-Oct-10,"8,922.50"
8-Oct-10,"8,932.50"
11-Oct-10,"8,922.50"
12-Oct-10,"8,940.00"
13-Oct-10,"8,923.00"
14-Oct-10,"8,922.50"
15-Oct-10,"8,922.50"
18-Oct-10,"8,933.00"
19-Oct-10,"8,926.00"
20-Oct-10,"8,932.50"
21-Oct-10,"8,929.00"
22-Oct-10,"8,937.00"
25-Oct-10,"8,907.50"
26-Oct-10,"8,913.50"
27-Oct-10,"8,943.00"
28-Oct-10,"8,934.00"
29-Oct-10,"8,937.50"
1-Nov-10,"8,923.00"
2-Nov-10,"8,924.00"
3-Nov-10,"8,922.00"
4-Nov-10,"8,910.00"
5-Nov-10,"8,905.00"
8-Nov-10,"8,904.50"
9-Nov-10,"8,903.50"
10-Nov-10,"8,889.00"
11-Nov-10,"8,897.50"
12-Nov-10,"8,924.50"
15-Nov-10,"8,967.50"
16-Nov-10,"8,945.50"
17-Nov-10,"8,945.50"
18-Nov-10,"8,942.50"
19-Nov-10,"8,931.50"
22-Nov-10,"8,929.50"
23-Nov-10,"8,972.50"
24-Nov-10,"8,962.50"
25-Nov-10,"8,967.50"
26-Nov-10,"9,005.00"
29-Nov-10,"9,015.50"
30-Nov-10,"9,034.00"
1-Dec-10,"9,018.50"
2-Dec-10,"9,015.50"
3-Dec-10,"9,017.50"
6-Dec-10,"9,010.00"
7-Dec-10,"9,010.00"
8-Dec-10,"9,020.00"
9-Dec-10,"9,015.50"
10-Dec-10,"9,022.00"
13-Dec-10,"9,016.50"
14-Dec-10,"9,009.50"
15-Dec-10,"9,022.50"
16-Dec-10,"9,034.50"
17-Dec-10,"9,034.50"
20-Dec-10,"9,043.00"
21-Dec-10,"9,042.00"
22-Dec-10,"9,042.00"
23-Dec-10,"9,042.00"
24-Dec-10,"9,042.00"
27-Dec-10,"9,038.00"
28-Dec-10,"9,017.50"
29-Dec-10,"9,001.50"
30-Dec-10,"8,995.00"
31-Dec-10,"9,010.00"
3-Jan-11,"8,990.00"
4-Jan-11,"8,986.00"
5-Jan-11,"8,984.00"
6-Jan-11,"8,997.50"
7-Jan-11,"9,027.50"
10-Jan-11,"9,051.00"
11-Jan-11,"9,044.00"
12-Jan-11,"9,030.00"
13-Jan-11,"9,050.00"
14-Jan-11,"9,052.00"
17-Jan-11,"9,060.00"
18-Jan-11,"9,054.00"
19-Jan-11,"9,050.00"
20-Jan-11,"9,060.00"
21-Jan-11,"9,062.00"
24-Jan-11,"9,063.00"
25-Jan-11,"9,036.50"
26-Jan-11,"9,033.00"
27-Jan-11,"9,027.00"
28-Jan-11,"9,028.00"
31-Jan-11,"9,048.00"
1-Feb-11,"9,037.50"
2-Feb-11,"9,021.00"
3-Feb-11,"9,021.00"
4-Feb-11,"8,992.50"
7-Feb-11,"8,955.00"
8-Feb-11,"8,925.00"
9-Feb-11,"8,930.00"
10-Feb-11,"8,927.50"
11-Feb-11,"8,933.50"
14-Feb-11,"8,914.50"
15-Feb-11,"8,914.50"
16-Feb-11,"8,895.00"
17-Feb-11,"8,887.50"
18-Feb-11,"8,857.50"
21-Feb-11,"8,857.50"
22-Feb-11,"8,877.00"
23-Feb-11,"8,854.50"
24-Feb-11,"8,870.00"
25-Feb-11,"8,841.50"
28-Feb-11,"8,821.50"
1-Mar-11,"8,812.50"
2-Mar-11,"8,812.50"
3-Mar-11,"8,805.50"
4-Mar-11,"8,790.50"
7-Mar-11,"8,786.00"
8-Mar-11,"8,788.00"
9-Mar-11,"8,783.50"
10-Mar-11,"8,783.50"
11-Mar-11,"8,777.00"
14-Mar-11,"8,762.50"
15-Mar-11,"8,776.00"
16-Mar-11,"8,775.00"
17-Mar-11,"8,780.00"
18-Mar-11,"8,770.00"
21-Mar-11,"8,723.50"
22-Mar-11,"8,723.50"
23-Mar-11,"8,721.50"
24-Mar-11,"8,717.00"
25-Mar-11,"8,713.50"
28-Mar-11,"8,714.50"
29-Mar-11,"8,722.50"
30-Mar-11,"8,719.00"
31-Mar-11,"8,707.50"
1-Apr-11,"8,699.50"
4-Apr-11,"8,662.50"
5-Apr-11,"8,662.50"
6-Apr-11,"8,653.50"
7-Apr-11,"8,677.50"
8-Apr-11,"8,654.00"
11-Apr-11,"8,653.50"
12-Apr-11,"8,657.50"
13-Apr-11,"8,656.50"
14-Apr-11,"8,665.50"
15-Apr-11,"8,662.50"
18-Apr-11,"8,673.50"
19-Apr-11,"8,676.00"
20-Apr-11,"8,650.00"
21-Apr-11,"8,627.50"
22-Apr-11,"8,627.50"
25-Apr-11,"8,622.50"
26-Apr-11,"8,652.50"
27-Apr-11,"8,627.50"
28-Apr-11,"8,582.50"
29-Apr-11,"8,564.00"
2-May-11,"8,547.50"
3-May-11,"8,542.50"
4-May-11,"8,551.00"
5-May-11,"8,566.00"
6-May-11,"8,577.50"
9-May-11,"8,553.50"
10-May-11,"8,557.50"
11-May-11,"8,526.50"
12-May-11,"8,567.50"
13-May-11,"8,542.50"
16-May-11,"8,572.50"
17-May-11,"8,572.50"
18-May-11,"8,559.50"
19-May-11,"8,552.50"
20-May-11,"8,537.50"
23-May-11,"8,574.50"
24-May-11,"8,567.00"
25-May-11,"8,592.00"
26-May-11,"8,577.00"
27-May-11,"8,560.00"
30-May-11,"8,544.50"
31-May-11,"8,535.50"
1-Jun-11,"8,535.50"
2-Jun-11,"8,545.00"
3-Jun-11,"8,520.50"
6-Jun-11,"8,507.50"
7-Jun-11,"8,515.50"
8-Jun-11,"8,516.50"
9-Jun-11,"8,520.00"
10-Jun-11,"8,517.50"
13-Jun-11,"8,539.50"
14-Jun-11,"8,534.00"
15-Jun-11,"8,547.50"
16-Jun-11,"8,588.00"
17-Jun-11,"8,583.00"
20-Jun-11,"8,615.00"
21-Jun-11,"8,597.00"
22-Jun-11,"8,589.50"
23-Jun-11,"8,600.00"
24-Jun-11,"8,600.00"
27-Jun-11,"8,620.00"
28-Jun-11,"8,617.00"
29-Jun-11,"8,617.00"
30-Jun-11,"8,576.50"
1-Jul-11,"8,545.50"
4-Jul-11,"8,522.50"
5-Jul-11,"8,537.50"
6-Jul-11,"8,540.00"
7-Jul-11,"8,533.50"
8-Jul-11,"8,512.50"
11-Jul-11,"8,526.00"
12-Jul-11,"8,567.00"
13-Jul-11,"8,547.50"
14-Jul-11,"8,532.00"
15-Jul-11,"8,534.00"
18-Jul-11,"8,558.00"
19-Jul-11,"8,547.50"
20-Jul-11,"8,535.00"
21-Jul-11,"8,534.00"
22-Jul-11,"8,527.00"
25-Jul-11,"8,523.00"
26-Jul-11,"8,505.00"
27-Jul-11,"8,487.50"
28-Jul-11,"8,499.00"
29-Jul-11,"8,500.00"
1-Aug-11,"8,460.00"
2-Aug-11,"8,467.50"
3-Aug-11,"8,480.00"
4-Aug-11,"8,499.00"
5-Aug-11,"8,515.00"
8-Aug-11,"8,505.00"
9-Aug-11,"8,544.00"
10-Aug-11,"8,525.00"
11-Aug-11,"8,535.00"
12-Aug-11,"8,543.00"
15-Aug-11,"8,536.00"
16-Aug-11,"8,530.00"
17-Aug-11,"8,530.00"
18-Aug-11,"8,535.00"
19-Aug-11,"8,550.00"
22-Aug-11,"8,542.50"
23-Aug-11,"8,537.50"
24-Aug-11,"8,548.00"
25-Aug-11,"8,580.00"
26-Aug-11,"8,533.00"
29-Aug-11,"8,533.00"
30-Aug-11,"8,533.00"
31-Aug-11,"8,533.00"
1-Sep-11,"8,533.00"
2-Sep-11,"8,533.00"
5-Sep-11,"8,540.00"
6-Sep-11,"8,553.00"
7-Sep-11,"8,555.00"
8-Sep-11,"8,568.00"
9-Sep-11,"8,570.00"
12-Sep-11,"8,600.00"
13-Sep-11,"8,635.00"
14-Sep-11,"8,720.00"
15-Sep-11,"8,770.00"
16-Sep-11,"8,765.00"
19-Sep-11,"8,850.00"
20-Sep-11,"8,840.00"
21-Sep-11,"8,870.00"
22-Sep-11,"8,762.50"
23-Sep-11,"8,780.00"
26-Sep-11,"9,060.00"
27-Sep-11,"8,905.00"
28-Sep-11,"8,890.00"
29-Sep-11,"8,855.00"
30-Sep-11,"8,790.00"
3-Oct-11,"8,897.50"
4-Oct-11,"8,905.00"
5-Oct-11,"8,910.00"
6-Oct-11,"8,905.00"
7-Oct-11,"8,897.50"
10-Oct-11,"8,892.50"
11-Oct-11,"8,912.50"
12-Oct-11,"8,927.50"
13-Oct-11,"8,870.00"
14-Oct-11,"8,846.00"
17-Oct-11,"8,817.50"
18-Oct-11,"8,817.50"
19-Oct-11,"8,800.00"
20-Oct-11,"8,825.00"
21-Oct-11,"8,860.00"
24-Oct-11,"8,840.00"
25-Oct-11,"8,850.00"
26-Oct-11,"8,873.00"
27-Oct-11,"8,865.00"
28-Oct-11,"8,790.00"
31-Oct-11,"8,852.50"
1-Nov-11,"8,893.50"
2-Nov-11,"8,930.00"
3-Nov-11,"8,970.00"
4-Nov-11,"8,950.00"
7-Nov-11,"8,955.00"
8-Nov-11,"8,920.00"
9-Nov-11,"8,890.00"
10-Nov-11,"8,970.00"
11-Nov-11,"8,968.00"
14-Nov-11,"8,965.00"
15-Nov-11,"8,995.00"
16-Nov-11,"8,993.50"
17-Nov-11,"9,000.00"
18-Nov-11,"9,020.00"
21-Nov-11,"9,025.00"
22-Nov-11,"9,045.00"
23-Nov-11,"9,045.00"
24-Nov-11,"8,990.00"
25-Nov-11,"9,055.00"
28-Nov-11,"9,115.00"
29-Nov-11,"9,155.00"
30-Nov-11,"9,110.00"
1-Dec-11,"8,995.00"
2-Dec-11,"9,015.00"
5-Dec-11,"9,035.00"
6-Dec-11,"9,035.00"
7-Dec-11,"9,035.00"
8-Dec-11,"8,995.00"
9-Dec-11,"9,050.00"
12-Dec-11,"9,050.00"
13-Dec-11,"9,070.00"
14-Dec-11,"9,085.00"
15-Dec-11,"9,090.00"
16-Dec-11,"9,035.00"
19-Dec-11,"9,065.00"
20-Dec-11,"9,080.00"
21-Dec-11,"9,070.00"
22-Dec-11,"9,065.00"
23-Dec-11,"9,055.00"
26-Dec-11,"9,055.00"
27-Dec-11,"9,075.00"
28-Dec-11,"9,072.50"
29-Dec-11,"9,072.50"
30-Dec-11,"9,067.50"
2-Jan-12,"9,080.00"
3-Jan-12,"9,135.00"
4-Jan-12,"9,145.00"
5-Jan-12,"9,125.00"
6-Jan-12,"9,095.00"
9-Jan-12,"9,150.00"
10-Jan-12,"9,155.00"
11-Jan-12,"9,160.00"
12-Jan-12,"9,160.00"
13-Jan-12,"9,080.00"
16-Jan-12,"9,130.00"
17-Jan-12,"9,085.00"
18-Jan-12,"9,030.00"
19-Jan-12,"8,970.00"
20-Jan-12,"8,945.00"
23-Jan-12,"8,945.00"
24-Jan-12,"9,002.50"
25-Jan-12,"8,890.00"
26-Jan-12,"8,965.00"
27-Jan-12,"8,972.50"
30-Jan-12,"8,990.00"
31-Jan-12,"8,990.00"
1-Feb-12,"8,982.50"
2-Feb-12,"8,940.00"
3-Feb-12,"8,970.00"
6-Feb-12,"8,985.00"
7-Feb-12,"8,942.50"
8-Feb-12,"8,880.00"
9-Feb-12,"8,945.00"
10-Feb-12,"8,985.00"
13-Feb-12,"9,000.00"
14-Feb-12,"9,005.00"
15-Feb-12,"8,955.00"
16-Feb-12,"9,005.00"
17-Feb-12,"9,000.00"
20-Feb-12,"9,000.00"
21-Feb-12,"9,040.00"
22-Feb-12,"9,050.00"
23-Feb-12,"9,045.00"
24-Feb-12,"9,045.00"
27-Feb-12,"9,125.00"
28-Feb-12,"9,030.00"
29-Feb-12,"9,020.00"
1-Mar-12,"9,080.00"
2-Mar-12,"9,080.00"
5-Mar-12,"9,122.50"
6-Mar-12,"9,137.50"
7-Mar-12,"9,110.00"
8-Mar-12,"9,135.00"
9-Mar-12,"9,132.50"
12-Mar-12,"9,157.50"
13-Mar-12,"9,165.00"
14-Mar-12,"9,170.00"
15-Mar-12,"9,167.50"
16-Mar-12,"9,130.00"
19-Mar-12,"9,125.00"
20-Mar-12,"9,155.00"
21-Mar-12,"9,145.00"
22-Mar-12,"9,157.50"
23-Mar-12,"9,157.50"
26-Mar-12,"9,175.00"
27-Mar-12,"9,157.50"
28-Mar-12,"9,147.50"
29-Mar-12,"9,165.00"
30-Mar-12,"9,144.00"
2-Apr-12,"9,140.00"
3-Apr-12,"9,130.00"
4-Apr-12,"9,140.00"
5-Apr-12,"9,110.00"
6-Apr-12,"9,110.00"
9-Apr-12,"9,150.00"
10-Apr-12,"9,150.00"
11-Apr-12,"9,152.50"
12-Apr-12,"9,162.50"
13-Apr-12,"9,140.00"
16-Apr-12,"9,175.00"
17-Apr-12,"9,180.00"
18-Apr-12,"9,177.50"
19-Apr-12,"9,179.00"
20-Apr-12,"9,183.50"
23-Apr-12,"9,186.50"
24-Apr-12,"9,192.50"
25-Apr-12,"9,197.50"
26-Apr-12,"9,185.00"
27-Apr-12,"9,189.00"
30-Apr-12,"9,190.50"
1-May-12,"9,192.50"
2-May-12,"9,198.00"
3-May-12,"9,190.00"
4-May-12,"9,190.00"
7-May-12,"9,195.00"
8-May-12,"9,195.00"
9-May-12,"9,230.00"
10-May-12,"9,180.00"
11-May-12,"9,190.00"
14-May-12,"9,235.00"
15-May-12,"9,240.00"
16-May-12,"9,242.00"
17-May-12,"9,242.00"
18-May-12,"9,242.00"
21-May-12,"9,250.00"
22-May-12,"9,227.50"
23-May-12,"9,260.00"
24-May-12,"9,265.00"
25-May-12,"9,287.50"
28-May-12,"9,330.00"
29-May-12,"9,395.00"
30-May-12,"9,435.00"
31-May-12,"9,400.00"
1-Jun-12,"9,387.50"
4-Jun-12,"9,400.00"
5-Jun-12,"9,402.50"
6-Jun-12,"9,300.00"
7-Jun-12,"9,370.00"
8-Jun-12,"9,385.00"
11-Jun-12,"9,405.00"
12-Jun-12,"9,405.00"
13-Jun-12,"9,420.00"
14-Jun-12,"9,420.00"
15-Jun-12,"9,385.00"
18-Jun-12,"9,387.50"
19-Jun-12,"9,405.00"
20-Jun-12,"9,420.00"
21-Jun-12,"9,430.00"
22-Jun-12,"9,437.50"
25-Jun-12,"9,440.00"
26-Jun-12,"9,440.00"
27-Jun-12,"9,445.00"
28-Jun-12,"9,445.00"
29-Jun-12,"9,392.50"
2-Jul-12,"9,395.00"
3-Jul-12,"9,324.00"
4-Jul-12,"9,342.50"
5-Jul-12,"9,384.00"
6-Jul-12,"9,442.00"
9-Jul-12,"9,410.00"
10-Jul-12,"9,430.00"
11-Jul-12,"9,415.00"
12-Jul-12,"9,445.00"
13-Jul-12,"9,447.50"
16-Jul-12,"9,450.00"
17-Jul-12,"9,440.00"
18-Jul-12,"9,450.00"
19-Jul-12,"9,447.50"
20-Jul-12,"9,450.00"
23-Jul-12,"9,455.00"
24-Jul-12,"9,467.50"
25-Jul-12,"9,482.50"
26-Jul-12,"9,477.50"
27-Jul-12,"9,455.00"
30-Jul-12,"9,455.00"
31-Jul-12,"9,445.00"
1-Aug-12,"9,442.50"
2-Aug-12,"9,467.50"
3-Aug-12,"9,467.50"
6-Aug-12,"9,465.00"
7-Aug-12,"9,467.50"
8-Aug-12,"9,470.50"
9-Aug-12,"9,471.50"
10-Aug-12,"9,477.50"
13-Aug-12,"9,485.00"
14-Aug-12,"9,482.50"
15-Aug-12,"9,497.50"
16-Aug-12,"9,490.00"
17-Aug-12,"9,490.00"
20-Aug-12,"9,490.00"
21-Aug-12,"9,490.00"
22-Aug-12,"9,490.00"
23-Aug-12,"9,494.00"
24-Aug-12,"9,505.00"
27-Aug-12,"9,515.00"
28-Aug-12,"9,535.00"
29-Aug-12,"9,547.50"
30-Aug-12,"9,545.00"
31-Aug-12,"9,535.00"
3-Sep-12,"9,535.00"
4-Sep-12,"9,571.00"
5-Sep-12,"9,570.00"
6-Sep-12,"9,565.00"
7-Sep-12,"9,570.00"
10-Sep-12,"9,577.00"
11-Sep-12,"9,577.50"
12-Sep-12,"9,568.00"
13-Sep-12,"9,577.50"
14-Sep-12,"9,505.00"
17-Sep-12,"9,462.50"
18-Sep-12,"9,502.50"
19-Sep-12,"9,537.50"
20-Sep-12,"9,540.00"
21-Sep-12,"9,545.00"
24-Sep-12,"9,562.50"
25-Sep-12,"9,575.00"
26-Sep-12,"9,585.00"
27-Sep-12,"9,575.00"
28-Sep-12,"9,570.00"
1-Oct-12,"9,580.00"
2-Oct-12,"9,580.00"
3-Oct-12,"9,585.00"
4-Oct-12,"9,590.00"
5-Oct-12,"9,589.00"
8-Oct-12,"9,591.00"
9-Oct-12,"9,592.00"
10-Oct-12,"9,592.00"
11-Oct-12,"9,582.50"
12-Oct-12,"9,577.50"
15-Oct-12,"9,590.00"
16-Oct-12,"9,585.00"
17-Oct-12,"9,574.00"
18-Oct-12,"9,588.00"
19-Oct-12,"9,592.50"
22-Oct-12,"9,605.00"
23-Oct-12,"9,607.50"
24-Oct-12,"9,610.00"
25-Oct-12,"9,605.00"
26-Oct-12,"9,605.00"
29-Oct-12,"9,605.00"
30-Oct-12,"9,615.00"
31-Oct-12,"9,605.00"
1-Nov-12,"9,620.00"
2-Nov-12,"9,615.00"
5-Nov-12,"9,620.00"
6-Nov-12,"9,620.00"
7-Nov-12,"9,605.00"
8-Nov-12,"9,630.00"
9-Nov-12,"9,620.00"
12-Nov-12,"9,620.00"
13-Nov-12,"9,625.00"
14-Nov-12,"9,625.00"
15-Nov-12,"9,625.00"
16-Nov-12,"9,625.00"
19-Nov-12,"9,630.00"
20-Nov-12,"9,633.00"
21-Nov-12,"9,635.50"
22-Nov-12,"9,627.50"
23-Nov-12,"9,612.50"
26-Nov-12,"9,600.00"
27-Nov-12,"9,600.00"
28-Nov-12,"9,600.00"
29-Nov-12,"9,600.00"
30-Nov-12,"9,593.50"
3-Dec-12,"9,595.00"
4-Dec-12,"9,600.00"
5-Dec-12,"9,600.00"
6-Dec-12,"9,610.00"
7-Dec-12,"9,620.00"
10-Dec-12,"9,630.00"
11-Dec-12,"9,635.00"
12-Dec-12,"9,630.00"
13-Dec-12,"9,635.00"
14-Dec-12,"9,637.50"
17-Dec-12,"9,640.00"
18-Dec-12,"9,643.50"
19-Dec-12,"9,650.00"
20-Dec-12,"9,652.50"
21-Dec-12,"9,657.50"
24-Dec-12,"9,657.50"
25-Dec-12,"9,657.50"
26-Dec-12,"9,657.50"
27-Dec-12,"9,662.50"
28-Dec-12,"9,637.50"
31-Dec-12,"9,637.50"
1-Jan-13,"9,637.50"
2-Jan-13,"9,650.00"
3-Jan-13,"9,655.00"
4-Jan-13,"9,660.00"
7-Jan-13,"9,667.50"
8-Jan-13,"9,670.00"
9-Jan-13,"9,660.00"
10-Jan-13,"9,660.00"
11-Jan-13,"9,635.00"
14-Jan-13,"9,635.00"
15-Jan-13,"9,650.00"
16-Jan-13,"9,655.00"
17-Jan-13,"9,649.50"
18-Jan-13,"9,630.00"
21-Jan-13,"9,617.50"
22-Jan-13,"9,620.00"
23-Jan-13,"9,625.00"
24-Jan-13,"9,625.00"
25-Jan-13,"9,652.50"
28-Jan-13,"9,677.50"
29-Jan-13,"9,677.50"
30-Jan-13,"9,687.50"
31-Jan-13,"9,697.50"
1-Feb-13,"9,712.50"
4-Feb-13,"9,670.50"
5-Feb-13,"9,675.50"
6-Feb-13,"9,710.00"
7-Feb-13,"9,692.50"
8-Feb-13,"9,667.00"
11-Feb-13,"9,620.00"
12-Feb-13,"9,645.50"
13-Feb-13,"9,646.50"
14-Feb-13,"9,659.50"
15-Feb-13,"9,669.50"
18-Feb-13,"9,680.50"
19-Feb-13,"9,702.50"
20-Feb-13,"9,683.00"
21-Feb-13,"9,702.50"
22-Feb-13,"9,709.00"
25-Feb-13,"9,705.00"
26-Feb-13,"9,707.00"
27-Feb-13,"9,685.50"
28-Feb-13,"9,663.50"
1-Mar-13,"9,677.50"
4-Mar-13,"9,706.00"
5-Mar-13,"9,692.50"
6-Mar-13,"9,687.50"
7-Mar-13,"9,692.50"
8-Mar-13,"9,684.50"
11-Mar-13,"9,697.00"
12-Mar-13,"9,697.00"
13-Mar-13,"9,690.50"
14-Mar-13,"9,702.50"
15-Mar-13,"9,704.50"
18-Mar-13,"9,711.00"
19-Mar-13,"9,712.00"
20-Mar-13,"9,724.00"
21-Mar-13,"9,733.00"
22-Mar-13,"9,742.50"
25-Mar-13,"9,734.00"
26-Mar-13,"9,731.50"
27-Mar-13,"9,724.50"
28-Mar-13,"9,717.50"
29-Mar-13,"9,717.50"
1-Apr-13,"9,737.50"
2-Apr-13,"9,737.00"
3-Apr-13,"9,747.00"
4-Apr-13,"9,749.00"
5-Apr-13,"9,747.00"
8-Apr-13,"9,748.50"
9-Apr-13,"9,720.00"
10-Apr-13,"9,690.00"
11-Apr-13,"9,703.00"
12-Apr-13,"9,712.50"
15-Apr-13,"9,712.00"
16-Apr-13,"9,717.00"
17-Apr-13,"9,710.00"
18-Apr-13,"9,714.50"
19-Apr-13,"9,712.50"
22-Apr-13,"9,717.50"
23-Apr-13,"9,723.50"
24-Apr-13,"9,717.50"
25-Apr-13,"9,718.00"
26-Apr-13,"9,720.50"
29-Apr-13,"9,720.50"
30-Apr-13,"9,722.50"
1-May-13,"9,722.50"
2-May-13,"9,737.00"
3-May-13,"9,734.50"
6-May-13,"9,734.50"
7-May-13,"9,734.50"
8-May-13,"9,730.00"
9-May-13,"9,730.00"
10-May-13,"9,734.00"
13-May-13,"9,737.50"
14-May-13,"9,737.50"
15-May-13,"9,747.50"
16-May-13,"9,750.00"
17-May-13,"9,755.50"
20-May-13,"9,757.50"
21-May-13,"9,762.50"
22-May-13,"9,765.50"
23-May-13,"9,771.50"
24-May-13,"9,772.50"
27-May-13,"9,790.00"
28-May-13,"9,792.50"
29-May-13,"9,802.50"
30-May-13,"9,805.00"
31-May-13,"9,795.00"
3-Jun-13,"9,805.00"
4-Jun-13,"9,800.00"
5-Jun-13,"9,792.50"
6-Jun-13,"9,792.50"
7-Jun-13,"9,805.00"
10-Jun-13,"9,812.50"
11-Jun-13,"9,825.00"
12-Jun-13,"9,860.00"
13-Jun-13,"9,882.50"
14-Jun-13,"9,872.50"
17-Jun-13,"9,887.50"
18-Jun-13,"9,905.00"
19-Jun-13,"9,907.50"
20-Jun-13,"9,925.00"
21-Jun-13,"9,925.00"
24-Jun-13,"9,930.00"
25-Jun-13,"9,920.00"
26-Jun-13,"9,925.00"
27-Jun-13,"9,925.00"
28-Jun-13,"9,925.00"
1-Jul-13,"9,927.50"
2-Jul-13,"9,933.00"
3-Jul-13,"9,940.00"
4-Jul-13,"9,940.00"
5-Jul-13,"9,942.50"
8-Jul-13,"9,955.00"
9-Jul-13,"9,957.50"
10-Jul-13,"9,965.00"
11-Jul-13,"9,970.00"
12-Jul-13,"9,992.50"
15-Jul-13,"10,017.50"
16-Jul-13,"10,035.00"
17-Jul-13,"10,045.00"
18-Jul-13,"10,060.00"
19-Jul-13,"10,077.50"
22-Jul-13,"10,065.00"
23-Jul-13,"10,200.00"
24-Jul-13,"10,260.00"
25-Jul-13,"10,267.50"
26-Jul-13,"10,265.00"
29-Jul-13,"10,272.50"
30-Jul-13,"10,272.50"
31-Jul-13,"10,277.50"
1-Aug-13,"10,280.00"
2-Aug-13,"10,285.00"
5-Aug-13,"10,285.00"
6-Aug-13,"10,285.00"
7-Aug-13,"10,285.00"
8-Aug-13,"10,285.00"
9-Aug-13,"10,285.00"
12-Aug-13,"10,290.00"
13-Aug-13,"10,290.00"
14-Aug-13,"10,292.50"
15-Aug-13,"10,350.00"
16-Aug-13,"10,385.00"
19-Aug-13,"10,490.00"
20-Aug-13,"10,685.00"
21-Aug-13,"10,775.00"
22-Aug-13,"10,817.50"
23-Aug-13,"10,780.00"
26-Aug-13,"10,845.00"
27-Aug-13,"10,925.00"
28-Aug-13,"10,945.00"
29-Aug-13,"10,935.00"
30-Aug-13,"10,920.00"
2-Sep-13,"10,977.50"
3-Sep-13,"11,065.00"
4-Sep-13,"11,125.00"
5-Sep-13,"11,125.00"
6-Sep-13,"11,175.00"
9-Sep-13,"11,160.00"
10-Sep-13,"11,235.00"
11-Sep-13,"11,345.00"
12-Sep-13,"11,350.00"
13-Sep-13,"11,410.00"
16-Sep-13,"11,377.50"
17-Sep-13,"11,445.00"
18-Sep-13,"11,475.00"
19-Sep-13,"11,282.50"
20-Sep-13,"11,350.00"
23-Sep-13,"11,445.00"
24-Sep-13,"11,470.00"
25-Sep-13,"11,485.00"
26-Sep-13,"11,457.50"
27-Sep-13,"11,537.50"
30-Sep-13,"11,580.00"
1-Oct-13,"11,505.00"
2-Oct-13,"11,530.00"
3-Oct-13,"11,527.50"
4-Oct-13,"11,522.50"
7-Oct-13,"11,525.00"
8-Oct-13,"11,516.00"
9-Oct-13,"11,532.50"
10-Oct-13,"11,490.00"
11-Oct-13,"11,365.00"
14-Oct-13,"11,365.00"
15-Oct-13,"11,365.00"
16-Oct-13,"11,365.00"
17-Oct-13,"11,330.00"
18-Oct-13,"11,322.50"
21-Oct-13,"11,335.00"
22-Oct-13,"11,291.50"
23-Oct-13,"11,269.00"
24-Oct-13,"11,155.00"
25-Oct-13,"11,015.00"
28-Oct-13,"11,053.00"
29-Oct-13,"11,102.50"
30-Oct-13,"11,175.00"
31-Oct-13,"11,272.50"
1-Nov-13,"11,332.50"
4-Nov-13,"11,355.00"
5-Nov-13,"11,355.00"
6-Nov-13,"11,407.50"
7-Nov-13,"11,390.00"
8-Nov-13,"11,410.00"
11-Nov-13,"11,560.00"
12-Nov-13,"11,592.50"
13-Nov-13,"11,605.00"
14-Nov-13,"11,542.50"
15-Nov-13,"11,620.00"
18-Nov-13,"11,632.50"
19-Nov-13,"11,597.50"
20-Nov-13,"11,657.50"
21-Nov-13,"11,702.50"
22-Nov-13,"11,695.00"
25-Nov-13,"11,747.50"
26-Nov-13,"11,762.50"
27-Nov-13,"11,885.00"
28-Nov-13,"12,015.00"
29-Nov-13,"11,962.50"
2-Dec-13,"11,770.00"
3-Dec-13,"11,885.00"
4-Dec-13,"11,985.00"
5-Dec-13,"11,962.50"
6-Dec-13,"11,962.50"
9-Dec-13,"11,972.50"
10-Dec-13,"11,985.00"
11-Dec-13,"11,990.00"
12-Dec-13,"12,022.50"
13-Dec-13,"12,117.50"
16-Dec-13,"12,105.00"
17-Dec-13,"12,122.50"
18-Dec-13,"12,165.00"
19-Dec-13,"12,207.50"
20-Dec-13,"12,212.50"
23-Dec-13,"12,192.50"
24-Dec-13,"12,200.00"
25-Dec-13,"12,200.00"
26-Dec-13,"12,200.00"
27-Dec-13,"12,260.00"
30-Dec-13,"12,210.00"
31-Dec-13,"12,170.00"
1-Jan-14,"12,170.00"
2-Jan-14,"12,160.00"
3-Jan-14,"12,170.00"
6-Jan-14,"12,180.00"
7-Jan-14,"12,237.50"
8-Jan-14,"12,235.00"
9-Jan-14,"12,190.00"
10-Jan-14,"12,161.50"
13-Jan-14,"12,050.00"
14-Jan-14,"12,050.00"
15-Jan-14,"12,085.00"
16-Jan-14,"12,117.50"
17-Jan-14,"12,090.00"
20-Jan-14,"12,110.00"
21-Jan-14,"12,132.50"
22-Jan-14,"12,140.00"
23-Jan-14,"12,165.00"
24-Jan-14,"12,180.00"
27-Jan-14,"12,230.00"
28-Jan-14,"12,190.00"
29-Jan-14,"12,165.00"
30-Jan-14,"12,210.00"
31-Jan-14,"12,210.00"
3-Feb-14,"12,240.00"
4-Feb-14,"12,202.50"
5-Feb-14,"12,192.50"
6-Feb-14,"12,185.00"
7-Feb-14,"12,160.00"
10-Feb-14,"12,172.50"
11-Feb-14,"12,145.00"
12-Feb-14,"12,085.00"
13-Feb-14,"11,975.00"
14-Feb-14,"11,825.00"
17-Feb-14,"11,785.00"
18-Feb-14,"11,835.00"
19-Feb-14,"11,770.00"
20-Feb-14,"11,812.50"
21-Feb-14,"11,740.00"
24-Feb-14,"11,647.50"
25-Feb-14,"11,667.50"
26-Feb-14,"11,640.00"
27-Feb-14,"11,665.00"
28-Feb-14,"11,609.00"
3-Mar-14,"11,589.50"
4-Mar-14,"11,595.00"
5-Mar-14,"11,581.50"
6-Mar-14,"11,472.50"
7-Mar-14,"11,439.50"
10-Mar-14,"11,365.00"
11-Mar-14,"11,395.00"
12-Mar-14,"11,425.00"
13-Mar-14,"11,382.50"
14-Mar-14,"11,355.00"
17-Mar-14,"11,292.50"
18-Mar-14,"11,320.00"
19-Mar-14,"11,314.00"
20-Mar-14,"11,445.00"
21-Mar-14,"11,422.50"
24-Mar-14,"11,380.00"
25-Mar-14,"11,392.50"
26-Mar-14,"11,410.00"
27-Mar-14,"11,447.50"
28-Mar-14,"11,360.00"
31-Mar-14,"11,360.00"
1-Apr-14,"11,312.50"
2-Apr-14,"11,292.50"
3-Apr-14,"11,321.00"
4-Apr-14,"11,316.50"
7-Apr-14,"11,305.00"
8-Apr-14,"11,288.50"
9-Apr-14,"11,288.50"
10-Apr-14,"11,354.00"
11-Apr-14,"11,412.50"
14-Apr-14,"11,440.00"
15-Apr-14,"11,430.00"
16-Apr-14,"11,434.50"
17-Apr-14,"11,420.00"
18-Apr-14,"11,420.00"
21-Apr-14,"11,445.00"
22-Apr-14,"11,520.00"
23-Apr-14,"11,630.00"
24-Apr-14,"11,600.00"
25-Apr-14,"11,564.50"
28-Apr-14,"11,580.00"
29-Apr-14,"11,547.50"
30-Apr-14,"11,561.50"
1-May-14,"11,561.50"
2-May-14,"11,522.50"
5-May-14,"11,517.50"
6-May-14,"11,517.00"
7-May-14,"11,575.00"
8-May-14,"11,560.00"
9-May-14,"11,530.00"
12-May-14,"11,521.00"
13-May-14,"11,536.50"
14-May-14,"11,445.50"
15-May-14,"11,445.50"
16-May-14,"11,412.50"
19-May-14,"11,417.50"
20-May-14,"11,487.50"
21-May-14,"11,507.50"
22-May-14,"11,530.50"
23-May-14,"11,610.00"
26-May-14,"11,577.50"
27-May-14,"11,577.50"
28-May-14,"11,630.00"
29-May-14,"11,630.00"
30-May-14,"11,675.00"
2-Jun-14,"11,765.00"
3-Jun-14,"11,784.00"
4-Jun-14,"11,890.00"
5-Jun-14,"11,855.00"
6-Jun-14,"11,835.00"
9-Jun-14,"11,775.50"
10-Jun-14,"11,810.00"
11-Jun-14,"11,810.00"
12-Jun-14,"11,788.00"
13-Jun-14,"11,794.50"
16-Jun-14,"11,817.50"
17-Jun-14,"11,892.50"
18-Jun-14,"11,996.50"
19-Jun-14,"11,934.00"
20-Jun-14,"11,971.50"
23-Jun-14,"11,990.00"
24-Jun-14,"11,987.50"
25-Jun-14,"12,090.00"
26-Jun-14,"12,099.00"
27-Jun-14,"11,995.00"
30-Jun-14,"11,855.00"
1-Jul-14,"11,855.00"
2-Jul-14,"11,910.00"
3-Jul-14,"11,917.50"
4-Jul-14,"11,872.50"
7-Jul-14,"11,700.00"
8-Jul-14,"11,625.00"
9-Jul-14,"11,625.00"
10-Jul-14,"11,575.00"
11-Jul-14,"11,585.00"
14-Jul-14,"11,661.50"
15-Jul-14,"11,735.00"
16-Jul-14,"11,695.00"
17-Jul-14,"11,685.00"
18-Jul-14,"11,615.00"
21-Jul-14,"11,570.00"
22-Jul-14,"11,605.00"
23-Jul-14,"11,500.00"
24-Jul-14,"11,567.50"
25-Jul-14,"11,577.50"
28-Jul-14,"11,577.50"
29-Jul-14,"11,577.50"
30-Jul-14,"11,577.50"
31-Jul-14,"11,577.50"
1-Aug-14,"11,800.00"
4-Aug-14,"11,758.00"
5-Aug-14,"11,697.00"
6-Aug-14,"11,750.00"
7-Aug-14,"11,795.00"
8-Aug-14,"11,777.50"
11-Aug-14,"11,670.00"
12-Aug-14,"11,687.50"
13-Aug-14,"11,691.00"
14-Aug-14,"11,672.50"
15-Aug-14,"11,675.00"
18-Aug-14,"11,684.50"
19-Aug-14,"11,679.00"
20-Aug-14,"11,700.00"
21-Aug-14,"11,690.00"
22-Aug-14,"11,678.50"
25-Aug-14,"11,718.00"
26-Aug-14,"11,713.00"
27-Aug-14,"11,681.50"
28-Aug-14,"11,700.50"
29-Aug-14,"11,690.00"
1-Sep-14,"11,716.00"
2-Sep-14,"11,747.50"
3-Sep-14,"11,765.00"
4-Sep-14,"11,764.00"
5-Sep-14,"11,755.00"
8-Sep-14,"11,729.50"
9-Sep-14,"11,766.50"
10-Sep-14,"11,812.00"
11-Sep-14,"11,825.00"
12-Sep-14,"11,820.00"
15-Sep-14,"11,927.50"
16-Sep-14,"11,965.00"
17-Sep-14,"11,955.00"
18-Sep-14,"11,980.00"
19-Sep-14,"11,967.50"
22-Sep-14,"11,973.50"
23-Sep-14,"11,972.50"
24-Sep-14,"11,952.50"
25-Sep-14,"11,978.50"
26-Sep-14,"12,022.50"
29-Sep-14,"12,170.00"
30-Sep-14,"12,185.00"
1-Oct-14,"12,127.50"
2-Oct-14,"12,150.00"
3-Oct-14,"12,176.50"
6-Oct-14,"12,210.00"
7-Oct-14,"12,202.50"
8-Oct-14,"12,240.00"
9-Oct-14,"12,185.00"
10-Oct-14,"12,220.00"
13-Oct-14,"12,216.00"
14-Oct-14,"12,207.50"
15-Oct-14,"12,225.00"
16-Oct-14,"12,247.50"
17-Oct-14,"12,106.50"
20-Oct-14,"12,032.50"
21-Oct-14,"12,000.00"
22-Oct-14,"12,012.50"
23-Oct-14,"12,060.00"
24-Oct-14,"12,066.00"
27-Oct-14,"12,112.50"
28-Oct-14,"12,170.00"
29-Oct-14,"12,080.00"
30-Oct-14,"12,125.00"
31-Oct-14,"12,085.00"
3-Nov-14,"12,107.50"
4-Nov-14,"12,107.50"
5-Nov-14,"12,142.50"
6-Nov-14,"12,140.00"
7-Nov-14,"12,172.50"
10-Nov-14,"12,152.50"
11-Nov-14,"12,205.00"
12-Nov-14,"12,198.50"
13-Nov-14,"12,202.50"
14-Nov-14,"12,211.00"
17-Nov-14,"12,204.50"
18-Nov-14,"12,150.00"
19-Nov-14,"12,147.50"
20-Nov-14,"12,175.00"
21-Nov-14,"12,148.50"
24-Nov-14,"12,151.50"
25-Nov-14,"12,164.00"
26-Nov-14,"12,175.00"
27-Nov-14,"12,177.00"
28-Nov-14,"12,204.00"
1-Dec-14,"12,272.50"
2-Dec-14,"12,270.00"
3-Dec-14,"12,298.50"
4-Dec-14,"12,307.50"
5-Dec-14,"12,296.50"
8-Dec-14,"12,348.50"
9-Dec-14,"12,329.50"
10-Dec-14,"12,336.50"
11-Dec-14,"12,348.50"
12-Dec-14,"12,457.50"
15-Dec-14,"12,697.50"
16-Dec-14,"12,680.00"
17-Dec-14,"12,657.50"
18-Dec-14,"12,562.50"
19-Dec-14,"12,485.00"
22-Dec-14,"12,439.00"
23-Dec-14,"12,450.00"
24-Dec-14,"12,467.50"
25-Dec-14,"12,467.50"
26-Dec-14,"12,467.50"
29-Dec-14,"12,447.00"
30-Dec-14,"12,446.50"
31-Dec-14,"12,385.00"
1-Jan-15,"12,385.00"
2-Jan-15,"12,542.50"
5-Jan-15,"12,627.50"
6-Jan-15,"12,657.50"
7-Jan-15,"12,738.50"
8-Jan-15,"12,680.00"
9-Jan-15,"12,651.50"
12-Jan-15,"12,597.50"
13-Jan-15,"12,597.50"
14-Jan-15,"12,613.00"
15-Jan-15,"12,560.00"
16-Jan-15,"12,587.50"
19-Jan-15,"12,618.50"
20-Jan-15,"12,584.00"
21-Jan-15,"12,480.00"
22-Jan-15,"12,487.50"
23-Jan-15,"12,472.50"
26-Jan-15,"12,510.00"
27-Jan-15,"12,476.50"
28-Jan-15,"12,486.00"
29-Jan-15,"12,567.50"
30-Jan-15,"12,667.50"
2-Feb-15,"12,685.00"
3-Feb-15,"12,654.00"
4-Feb-15,"12,625.00"
5-Feb-15,"12,632.50"
6-Feb-15,"12,614.50"
9-Feb-15,"12,647.50"
10-Feb-15,"12,672.50"
11-Feb-15,"12,715.00"
12-Feb-15,"12,792.50"
13-Feb-15,"12,787.50"
16-Feb-15,"12,752.50"
17-Feb-15,"12,769.50"
18-Feb-15,"12,842.50"
19-Feb-15,"12,842.50"
20-Feb-15,"12,812.50"
23-Feb-15,"12,834.50"
24-Feb-15,"12,897.50"
25-Feb-15,"12,873.50"
26-Feb-15,"12,837.50"
27-Feb-15,"12,925.00"
2-Mar-15,"12,970.00"
3-Mar-15,"12,965.00"
4-Mar-15,"12,982.50"
5-Mar-15,"12,990.00"
6-Mar-15,"12,980.00"
9-Mar-15,"13,050.00"
10-Mar-15,"13,091.50"
11-Mar-15,"13,190.50"
12-Mar-15,"13,182.50"
13-Mar-15,"13,195.00"
16-Mar-15,"13,242.00"
17-Mar-15,"13,167.50"
18-Mar-15,"13,170.00"
19-Mar-15,"13,035.00"
20-Mar-15,"13,116.00"
23-Mar-15,"13,019.50"
24-Mar-15,"12,905.00"
25-Mar-15,"12,986.00"
26-Mar-15,"13,019.00"
27-Mar-15,"13,065.00"
30-Mar-15,"13,075.00"
31-Mar-15,"13,075.00"
1-Apr-15,"13,042.50"
2-Apr-15,"13,002.50"
3-Apr-15,"13,002.50"
6-Apr-15,"12,958.50"
7-Apr-15,"12,985.00"
8-Apr-15,"12,955.00"
9-Apr-15,"12,898.00"
10-Apr-15,"12,915.00"
13-Apr-15,"12,985.00"
14-Apr-15,"12,980.50"
15-Apr-15,"12,900.50"
16-Apr-15,"12,856.00"
17-Apr-15,"12,850.00"
20-Apr-15,"12,890.00"
21-Apr-15,"12,957.50"
22-Apr-15,"12,900.00"
23-Apr-15,"12,955.00"
24-Apr-15,"12,919.50"
27-Apr-15,"12,980.00"
28-Apr-15,"12,980.00"
29-Apr-15,"12,940.00"
30-Apr-15,"12,962.50"
1-May-15,"12,962.50"
4-May-15,"12,980.00"
5-May-15,"13,047.50"
6-May-15,"13,035.00"
7-May-15,"13,145.00"
8-May-15,"13,127.50"
11-May-15,"13,155.00"
12-May-15,"13,198.00"
13-May-15,"13,137.50"
14-May-15,"13,137.50"
15-May-15,"13,091.00"
18-May-15,"13,137.00"
19-May-15,"13,115.50"
20-May-15,"13,175.00"
21-May-15,"13,129.50"
22-May-15,"13,155.00"
25-May-15,"13,186.50"
26-May-15,"13,210.00"
27-May-15,"13,202.00"
28-May-15,"13,221.50"
29-May-15,"13,224.00"
1-Jun-15,"13,222.50"
2-Jun-15,"13,222.50"
3-Jun-15,"13,221.00"
4-Jun-15,"13,282.00"
5-Jun-15,"13,275.50"
8-Jun-15,"13,379.50"
9-Jun-15,"13,302.50"
10-Jun-15,"13,312.50"
11-Jun-15,"13,320.50"
12-Jun-15,"13,332.50"
15-Jun-15,"13,335.00"
16-Jun-15,"13,353.00"
17-Jun-15,"13,367.50"
18-Jun-15,"13,305.00"
19-Jun-15,"13,331.50"
22-Jun-15,"13,310.00"
23-Jun-15,"13,255.00"
24-Jun-15,"13,303.50"
25-Jun-15,"13,327.50"
26-Jun-15,"13,310.00"
29-Jun-15,"13,345.00"
30-Jun-15,"13,332.50"
1-Jul-15,"13,326.00"
2-Jul-15,"13,337.50"
3-Jul-15,"13,320.00"
6-Jul-15,"13,349.50"
7-Jul-15,"13,327.50"
8-Jul-15,"13,345.00"
9-Jul-15,"13,336.00"
10-Jul-15,"13,313.50"
13-Jul-15,"13,300.00"
14-Jul-15,"13,335.00"
15-Jul-15,"13,344.50"
16-Jul-15,"13,344.50"
17-Jul-15,"13,344.50"
20-Jul-15,"13,344.50"
21-Jul-15,"13,344.50"
22-Jul-15,"13,377.50"
23-Jul-15,"13,422.50"
24-Jul-15,"13,445.00"
27-Jul-15,"13,459.00"
28-Jul-15,"13,462.50"
29-Jul-15,"13,456.00"
30-Jul-15,"13,467.50"
31-Jul-15,"13,527.50"
3-Aug-15,"13,500.00"
4-Aug-15,"13,485.50"
5-Aug-15,"13,514.00"
6-Aug-15,"13,541.50"
7-Aug-15,"13,539.50"
10-Aug-15,"13,549.00"
11-Aug-15,"13,600.00"
12-Aug-15,"13,785.00"
13-Aug-15,"13,745.00"
14-Aug-15,"13,787.50"
17-Aug-15,"13,787.50"
18-Aug-15,"13,818.00"
19-Aug-15,"13,842.50"
20-Aug-15,"13,870.00"
21-Aug-15,"13,942.50"
24-Aug-15,"14,047.00"
25-Aug-15,"14,065.00"
26-Aug-15,"14,122.50"
27-Aug-15,"13,992.50"
28-Aug-15,"13,982.50"
31-Aug-15,"14,050.00"
1-Sep-15,"14,097.50"
2-Sep-15,"14,130.00"
3-Sep-15,"14,169.00"
4-Sep-15,"14,165.00"
7-Sep-15,"14,247.50"
8-Sep-15,"14,280.00"
9-Sep-15,"14,261.50"
10-Sep-15,"14,332.50"
11-Sep-15,"14,330.00"
14-Sep-15,"14,347.50"
15-Sep-15,"14,407.50"
16-Sep-15,"14,455.00"
17-Sep-15,"14,457.50"
18-Sep-15,"14,375.00"
21-Sep-15,"14,455.00"
22-Sep-15,"14,497.50"
23-Sep-15,"14,647.50"
24-Sep-15,"14,647.50"
25-Sep-15,"14,685.00"
28-Sep-15,"14,697.50"
29-Sep-15,"14,682.50"
30-Sep-15,"14,650.00"
1-Oct-15,"14,670.00"
2-Oct-15,"14,642.50"
5-Oct-15,"14,495.00"
6-Oct-15,"14,245.50"
7-Oct-15,"13,825.00"
8-Oct-15,"13,867.50"
9-Oct-15,"13,420.00"
12-Oct-15,"13,405.00"
13-Oct-15,"13,619.50"
14-Oct-15,"13,619.50"
15-Oct-15,"13,455.00"
16-Oct-15,"13,530.00"
19-Oct-15,"13,531.50"
20-Oct-15,"13,645.00"
21-Oct-15,"13,717.00"
22-Oct-15,"13,657.50"
23-Oct-15,"13,635.00"
26-Oct-15,"13,645.00"
27-Oct-15,"13,622.50"
28-Oct-15,"13,477.50"
29-Oct-15,"13,635.00"
30-Oct-15,"13,687.50"
2-Nov-15,"13,667.50"
3-Nov-15,"13,555.00"
4-Nov-15,"13,555.00"
5-Nov-15,"13,565.00"
6-Nov-15,"13,560.00"
9-Nov-15,"13,647.50"
10-Nov-15,"13,609.50"
11-Nov-15,"13,602.50"
12-Nov-15,"13,602.50"
13-Nov-15,"13,665.00"
16-Nov-15,"13,727.50"
17-Nov-15,"13,747.50"
18-Nov-15,"13,799.50"
19-Nov-15,"13,777.50"
20-Nov-15,"13,655.00"
23-Nov-15,"13,723.00"
24-Nov-15,"13,707.50"
25-Nov-15,"13,687.50"
26-Nov-15,"13,728.50"
27-Nov-15,"13,780.00"
30-Nov-15,"13,835.00"
1-Dec-15,"13,782.50"
2-Dec-15,"13,797.50"
3-Dec-15,"13,843.50"
4-Dec-15,"13,832.00"
7-Dec-15,"13,842.50"
8-Dec-15,"13,872.50"
9-Dec-15,"13,872.50"
10-Dec-15,"13,935.00"
11-Dec-15,"13,947.50"
14-Dec-15,"14,077.50"
15-Dec-15,"14,056.50"
16-Dec-15,"14,069.50"
17-Dec-15,"14,006.50"
18-Dec-15,"13,917.50"
21-Dec-15,"13,772.50"
22-Dec-15,"13,675.00"
23-Dec-15,"13,642.50"
24-Dec-15,"13,642.50"
25-Dec-15,"13,642.50"
28-Dec-15,"13,650.00"
29-Dec-15,"13,745.00"
30-Dec-15,"13,782.50"
31-Dec-15,"13,787.50"
1-Jan-16,"13,787.50"
4-Jan-16,"13,915.00"
5-Jan-16,"13,862.50"
6-Jan-16,"13,947.50"
7-Jan-16,"13,927.50"
8-Jan-16,"13,922.50"
11-Jan-16,"13,875.00"
12-Jan-16,"13,910.00"
13-Jan-16,"13,827.50"
14-Jan-16,"13,910.00"
15-Jan-16,"13,894.50"
18-Jan-16,"13,932.50"
19-Jan-16,"13,880.00"
20-Jan-16,"13,960.00"
21-Jan-16,"13,910.00"
22-Jan-16,"13,850.00"
25-Jan-16,"13,872.50"
26-Jan-16,"13,900.00"
27-Jan-16,"13,878.50"
28-Jan-16,"13,874.50"
29-Jan-16,"13,775.00"
1-Feb-16,"13,637.50"
2-Feb-16,"13,687.50"
3-Feb-16,"13,765.00"
4-Feb-16,"13,637.50"
5-Feb-16,"13,625.00"
8-Feb-16,"13,625.00"
9-Feb-16,"13,605.00"
10-Feb-16,"13,462.50"
11-Feb-16,"13,462.50"
12-Feb-16,"13,490.00"
15-Feb-16,"13,375.00"
16-Feb-16,"13,400.00"
17-Feb-16,"13,510.00"
18-Feb-16,"13,495.00"
19-Feb-16,"13,495.00"
22-Feb-16,"13,437.50"
23-Feb-16,"13,425.00"
24-Feb-16,"13,412.50"
25-Feb-16,"13,410.50"
26-Feb-16,"13,370.00"
29-Feb-16,"13,372.00"
1-Mar-16,"13,350.00"
2-Mar-16,"13,290.00"
3-Mar-16,"13,235.00"
4-Mar-16,"13,135.00"
7-Mar-16,"13,090.00"
8-Mar-16,"13,143.00"
9-Mar-16,"13,143.00"
10-Mar-16,"13,072.50"
11-Mar-16,"13,070.00"
14-Mar-16,"13,060.00"
15-Mar-16,"13,177.50"
16-Mar-16,"13,267.50"
17-Mar-16,"13,095.00"
18-Mar-16,"13,117.50"
21-Mar-16,"13,135.00"
22-Mar-16,"13,180.00"
23-Mar-16,"13,177.50"
24-Mar-16,"13,252.50"
25-Mar-16,"13,252.50"
28-Mar-16,"13,367.50"
29-Mar-16,"13,397.50"
30-Mar-16,"13,267.50"
31-Mar-16,"13,260.00"
1-Apr-16,"13,160.00"
4-Apr-16,"13,166.50"
5-Apr-16,"13,219.00"
6-Apr-16,"13,222.50"
7-Apr-16,"13,160.00"
8-Apr-16,"13,142.50"
11-Apr-16,"13,127.50"
12-Apr-16,"13,113.50"
13-Apr-16,"13,160.00"
14-Apr-16,"13,177.50"
15-Apr-16,"13,175.00"
18-Apr-16,"13,175.00"
19-Apr-16,"13,147.50"
20-Apr-16,"13,141.00"
21-Apr-16,"13,157.50"
22-Apr-16,"13,197.50"
25-Apr-16,"13,197.50"
26-Apr-16,"13,200.00"
27-Apr-16,"13,194.50"
28-Apr-16,"13,186.50"
29-Apr-16,"13,185.00"
2-May-16,"13,180.00"
3-May-16,"13,194.50"
4-May-16,"13,241.50"
5-May-16,"13,241.50"
6-May-16,"13,241.50"
9-May-16,"13,290.00"
10-May-16,"13,287.50"
11-May-16,"13,305.00"
12-May-16,"13,297.50"
13-May-16,"13,317.50"
16-May-16,"13,302.50"
17-May-16,"13,298.50"
18-May-16,"13,389.00"
19-May-16,"13,555.00"
20-May-16,"13,607.50"
23-May-16,"13,582.50"
24-May-16,"13,690.00"
25-May-16,"13,655.00"
26-May-16,"13,603.50"
27-May-16,"13,583.00"
30-May-16,"13,645.00"
31-May-16,"13,660.00"
1-Jun-16,"13,660.00"
2-Jun-16,"13,647.50"
3-Jun-16,"13,591.50"
6-Jun-16,"13,377.50"
7-Jun-16,"13,270.00"
8-Jun-16,"13,265.00"
9-Jun-16,"13,265.00"
10-Jun-16,"13,297.50"
13-Jun-16,"13,278.50"
14-Jun-16,"13,365.00"
15-Jun-16,"13,372.50"
16-Jun-16,"13,367.50"
17-Jun-16,"13,337.50"
20-Jun-16,"13,265.00"
21-Jun-16,"13,262.50"
22-Jun-16,"13,284.00"
23-Jun-16,"13,257.50"
24-Jun-16,"13,380.00"
27-Jun-16,"13,340.00"
28-Jun-16,"13,177.50"
29-Jun-16,"13,161.50"
30-Jun-16,"13,212.50"
1-Jul-16,"13,140.00"
4-Jul-16,"13,127.50"
5-Jul-16,"13,127.50"
6-Jul-16,"13,127.50"
7-Jul-16,"13,127.50"
8-Jul-16,"13,127.50"
11-Jul-16,"13,090.00"
12-Jul-16,"13,120.00"
13-Jul-16,"13,095.00"
14-Jul-16,"13,082.50"
15-Jul-16,"13,091.50"
18-Jul-16,"13,087.50"
19-Jul-16,"13,089.00"
20-Jul-16,"13,112.50"
21-Jul-16,"13,100.00"
22-Jul-16,"13,108.50"
25-Jul-16,"13,140.00"
26-Jul-16,"13,167.50"
27-Jul-16,"13,140.00"
28-Jul-16,"13,101.00"
29-Jul-16,"13,098.50"
1-Aug-16,"13,071.00"
2-Aug-16,"13,097.50"
3-Aug-16,"13,125.00"
4-Aug-16,"13,137.50"
5-Aug-16,"13,128.50"
8-Aug-16,"13,130.00"
9-Aug-16,"13,132.50"
10-Aug-16,"13,113.50"
11-Aug-16,"13,117.00"
12-Aug-16,"13,121.00"
15-Aug-16,"13,112.50"
16-Aug-16,"13,096.00"
17-Aug-16,"13,096.00"
18-Aug-16,"13,116.50"
19-Aug-16,"13,157.50"
22-Aug-16,"13,211.50"
23-Aug-16,"13,219.00"
24-Aug-16,"13,247.50"
25-Aug-16,"13,241.50"
26-Aug-16,"13,206.00"
29-Aug-16,"13,265.00"
30-Aug-16,"13,277.50"
31-Aug-16,"13,267.50"
1-Sep-16,"13,268.00"
2-Sep-16,"13,247.00"
5-Sep-16,"13,152.50"
6-Sep-16,"13,126.50"
7-Sep-16,"13,085.00"
8-Sep-16,"13,062.50"
9-Sep-16,"13,099.50"
12-Sep-16,"13,099.50"
13-Sep-16,"13,170.00"
14-Sep-16,"13,204.50"
15-Sep-16,"13,175.00"
16-Sep-16,"13,157.50"
19-Sep-16,"13,156.00"
20-Sep-16,"13,152.50"
21-Sep-16,"13,135.50"
22-Sep-16,"13,090.00"
23-Sep-16,"13,076.50"
26-Sep-16,"13,030.00"
27-Sep-16,"12,955.00"
28-Sep-16,"12,947.50"
29-Sep-16,"12,975.00"
30-Sep-16,"13,051.00"
3-Oct-16,"12,982.50"
4-Oct-16,"12,981.50"
5-Oct-16,"12,997.50"
6-Oct-16,"12,987.00"
7-Oct-16,"12,985.00"
10-Oct-16,"12,977.50"
11-Oct-16,"13,012.50"
12-Oct-16,"13,018.50"
13-Oct-16,"13,077.50"
14-Oct-16,"13,044.50"
17-Oct-16,"13,068.50"
18-Oct-16,"13,032.00"
19-Oct-16,"13,007.50"
20-Oct-16,"13,007.50"
21-Oct-16,"13,045.00"
24-Oct-16,"13,013.00"
25-Oct-16,"13,006.00"
26-Oct-16,"13,007.50"
27-Oct-16,"13,033.00"
28-Oct-16,"13,050.50"
31-Oct-16,"13,048.00"
1-Nov-16,"13,041.50"
2-Nov-16,"13,056.00"
3-Nov-16,"13,075.00"
4-Nov-16,"13,070.00"
7-Nov-16,"13,088.00"
8-Nov-16,"13,084.00"
9-Nov-16,"13,099.00"
10-Nov-16,"13,137.50"
11-Nov-16,"13,287.50"
14-Nov-16,"13,357.50"
15-Nov-16,"13,362.50"
16-Nov-16,"13,377.50"
17-Nov-16,"13,372.50"
18-Nov-16,"13,427.50"
21-Nov-16,"13,425.00"
22-Nov-16,"13,442.50"
23-Nov-16,"13,482.50"
24-Nov-16,"13,557.50"
25-Nov-16,"13,517.50"
28-Nov-16,"13,530.00"
29-Nov-16,"13,572.50"
30-Nov-16,"13,552.50"
1-Dec-16,"13,545.00"
2-Dec-16,"13,525.00"
5-Dec-16,"13,432.50"
6-Dec-16,"13,382.50"
7-Dec-16,"13,325.00"
8-Dec-16,"13,286.50"
9-Dec-16,"13,327.50"
12-Dec-16,"13,327.50"
13-Dec-16,"13,307.50"
14-Dec-16,"13,296.00"
15-Dec-16,"13,397.50"
16-Dec-16,"13,390.00"
19-Dec-16,"13,384.00"
20-Dec-16,"13,427.50"
21-Dec-16,"13,469.00"
22-Dec-16,"13,452.50"
23-Dec-16,"13,450.00"
26-Dec-16,"13,450.00"
27-Dec-16,"13,447.50"
28-Dec-16,"13,442.50"
29-Dec-16,"13,462.50"
30-Dec-16,"13,472.50"
2-Jan-17,"13,472.50"
3-Jan-17,"13,479.50"
4-Jan-17,"13,440.00"
5-Jan-17,"13,375.00"
6-Jan-17,"13,365.00"
9-Jan-17,"13,365.00"
10-Jan-17,"13,315.00"
11-Jan-17,"13,329.00"
12-Jan-17,"13,290.00"
13-Jan-17,"13,331.50"
16-Jan-17,"13,366.50"
17-Jan-17,"13,351.50"
18-Jan-17,"13,342.50"
19-Jan-17,"13,373.00"
20-Jan-17,"13,410.00"
23-Jan-17,"13,360.00"
24-Jan-17,"13,331.00"
25-Jan-17,"13,360.50"
26-Jan-17,"13,336.00"
27-Jan-17,"13,358.50"
30-Jan-17,"13,345.00"
31-Jan-17,"13,352.00"
1-Feb-17,"13,372.50"
2-Feb-17,"13,352.50"
3-Feb-17,"13,345.00"
6-Feb-17,"13,322.50"
7-Feb-17,"13,328.50"
8-Feb-17,"13,325.00"
9-Feb-17,"13,302.50"
10-Feb-17,"13,315.50"
13-Feb-17,"13,326.50"
14-Feb-17,"13,330.50"
15-Feb-17,"13,330.50"
16-Feb-17,"13,320.00"
17-Feb-17,"13,332.50"
20-Feb-17,"13,354.00"
21-Feb-17,"13,372.50"
22-Feb-17,"13,367.00"
23-Feb-17,"13,351.00"
24-Feb-17,"13,330.50"
27-Feb-17,"13,342.50"
28-Feb-17,"13,336.00"
1-Mar-17,"13,362.00"
2-Mar-17,"13,358.50"
3-Mar-17,"13,382.50"
6-Mar-17,"13,350.00"
7-Mar-17,"13,347.00"
8-Mar-17,"13,350.00"
9-Mar-17,"13,386.50"
10-Mar-17,"13,379.00"
13-Mar-17,"13,356.00"
14-Mar-17,"13,371.50"
15-Mar-17,"13,365.00"
16-Mar-17,"13,348.50"
17-Mar-17,"13,345.00"
20-Mar-17,"13,313.50"
21-Mar-17,"13,319.00"
22-Mar-17,"13,329.00"
23-Mar-17,"13,324.50"
24-Mar-17,"13,326.50"
27-Mar-17,"13,310.50"
28-Mar-17,"13,310.50"
29-Mar-17,"13,313.50"
30-Mar-17,"13,316.00"
31-Mar-17,"13,325.50"
3-Apr-17,"13,322.50"
4-Apr-17,"13,328.00"
5-Apr-17,"13,321.00"
6-Apr-17,"13,335.50"
7-Apr-17,"13,317.50"
10-Apr-17,"13,286.50"
11-Apr-17,"13,281.50"
12-Apr-17,"13,275.00"
13-Apr-17,"13,256.50"
14-Apr-17,"13,256.50"
17-Apr-17,"13,285.50"
18-Apr-17,"13,296.50"
19-Apr-17,"13,296.50"
20-Apr-17,"13,323.50"
21-Apr-17,"13,320.00"
24-Apr-17,"13,320.00"
25-Apr-17,"13,277.50"
26-Apr-17,"13,285.00"
27-Apr-17,"13,314.00"
28-Apr-17,"13,329.00"
1-May-17,"13,329.00"
2-May-17,"13,311.50"
3-May-17,"13,305.50"
4-May-17,"13,327.50"
5-May-17,"13,330.00"
8-May-17,"13,309.50"
9-May-17,"13,350.00"
10-May-17,"13,357.50"
11-May-17,"13,357.50"
12-May-17,"13,329.50"
15-May-17,"13,304.00"
16-May-17,"13,300.50"
17-May-17,"13,323.50"
18-May-17,"13,355.50"
19-May-17,"13,335.00"
22-May-17,"13,302.50"
23-May-17,"13,302.50"
24-May-17,"13,308.50"
25-May-17,"13,308.50"
26-May-17,"13,294.50"
29-May-17,"13,321.50"
30-May-17,"13,323.50"
31-May-17,"13,322.50"
1-Jun-17,"13,322.50"
2-Jun-17,"13,304.00"
5-Jun-17,"13,286.00"
6-Jun-17,"13,298.00"
7-Jun-17,"13,304.00"
8-Jun-17,"13,298.00"
9-Jun-17,"13,291.50"
12-Jun-17,"13,298.00"
13-Jun-17,"13,291.50"
14-Jun-17,"13,282.50"
15-Jun-17,"13,286.00"
16-Jun-17,"13,297.50"
19-Jun-17,"13,289.00"
20-Jun-17,"13,288.50"
21-Jun-17,"13,318.50"
22-Jun-17,"13,327.50"
23-Jun-17,"13,327.50"
26-Jun-17,"13,327.50"
27-Jun-17,"13,327.50"
28-Jun-17,"13,327.50"
29-Jun-17,"13,327.50"
30-Jun-17,"13,327.50"
3-Jul-17,"13,367.50"
4-Jul-17,"13,363.50"
5-Jul-17,"13,364.00"
6-Jul-17,"13,388.00"
7-Jul-17,"13,403.00"
10-Jul-17,"13,399.00"
11-Jul-17,"13,391.00"
12-Jul-17,"13,369.50"
13-Jul-17,"13,347.50"
14-Jul-17,"13,338.50"
17-Jul-17,"13,327.50"
18-Jul-17,"13,309.00"
19-Jul-17,"13,318.00"
20-Jul-17,"13,334.50"
21-Jul-17,"13,312.50"
24-Jul-17,"13,310.00"
25-Jul-17,"13,326.00"
26-Jul-17,"13,336.00"
27-Jul-17,"13,318.00"
28-Jul-17,"13,326.50"
31-Jul-17,"13,325.00"
1-Aug-17,"13,324.00"
2-Aug-17,"13,324.00"
3-Aug-17,"13,325.50"
4-Aug-17,"13,316.00"
7-Aug-17,"13,321.00"
8-Aug-17,"13,313.00"
9-Aug-17,"13,332.50"
10-Aug-17,"13,334.00"
11-Aug-17,"13,357.50"
14-Aug-17,"13,349.00"
15-Aug-17,"13,361.00"
16-Aug-17,"13,378.50"
17-Aug-17,"13,378.50"
18-Aug-17,"13,362.00"
21-Aug-17,"13,350.50"
22-Aug-17,"13,343.00"
23-Aug-17,"13,358.50"
24-Aug-17,"13,346.50"
25-Aug-17,"13,345.50"
28-Aug-17,"13,340.00"
29-Aug-17,"13,339.50"
30-Aug-17,"13,346.50"
31-Aug-17,"13,343.00"
1-Sep-17,"13,343.00"
4-Sep-17,"13,342.50"
5-Sep-17,"13,337.50"
6-Sep-17,"13,337.50"
7-Sep-17,"13,306.50"
8-Sep-17,"13,204.00"
11-Sep-17,"13,162.50"
12-Sep-17,"13,195.00"
13-Sep-17,"13,202.50"
14-Sep-17,"13,249.50"
15-Sep-17,"13,240.00"
18-Sep-17,"13,255.00"
19-Sep-17,"13,278.50"
20-Sep-17,"13,281.50"
21-Sep-17,"13,281.50"
22-Sep-17,"13,312.50"
25-Sep-17,"13,326.00"
26-Sep-17,"13,376.50"
27-Sep-17,"13,440.00"
28-Sep-17,"13,515.00"
29-Sep-17,"13,471.50"
2-Oct-17,"13,537.50"
3-Oct-17,"13,542.50"
4-Oct-17,"13,476.50"
5-Oct-17,"13,457.50"
6-Oct-17,"13,504.00"
9-Oct-17,"13,516.50"
10-Oct-17,"13,513.00"
11-Oct-17,"13,517.00"
12-Oct-17,"13,504.50"
13-Oct-17,"13,499.00"
16-Oct-17,"13,482.50"
17-Oct-17,"13,506.50"
18-Oct-17,"13,516.00"
19-Oct-17,"13,523.00"
20-Oct-17,"13,518.50"
23-Oct-17,"13,542.50"
24-Oct-17,"13,532.50"
25-Oct-17,"13,577.50"
26-Oct-17,"13,581.50"
27-Oct-17,"13,616.50"
30-Oct-17,"13,584.00"
31-Oct-17,"13,562.50"
1-Nov-17,"13,580.00"
2-Nov-17,"13,551.00"
3-Nov-17,"13,497.50"
6-Nov-17,"13,524.50"
7-Nov-17,"13,513.50"
8-Nov-17,"13,517.00"
9-Nov-17,"13,515.00"
10-Nov-17,"13,532.50"
13-Nov-17,"13,551.50"
14-Nov-17,"13,553.50"
15-Nov-17,"13,535.00"
16-Nov-17,"13,542.00"
17-Nov-17,"13,527.50"
20-Nov-17,"13,535.00"
21-Nov-17,"13,533.50"
22-Nov-17,"13,526.00"
23-Nov-17,"13,513.00"
24-Nov-17,"13,502.50"
27-Nov-17,"13,518.50"
28-Nov-17,"13,508.50"
29-Nov-17,"13,502.50"
30-Nov-17,"13,526.00"
1-Dec-17,"13,526.00"
4-Dec-17,"13,526.00"
5-Dec-17,"13,519.00"
6-Dec-17,"13,539.00"
7-Dec-17,"13,553.50"
8-Dec-17,"13,547.50"
11-Dec-17,"13,552.50"
12-Dec-17,"13,568.50"
13-Dec-17,"13,585.00"
14-Dec-17,"13,577.50"
15-Dec-17,"13,578.50"
18-Dec-17,"13,581.50"
19-Dec-17,"13,576.50"
20-Dec-17,"13,577.50"
21-Dec-17,"13,557.50"
22-Dec-17,"13,561.00"
25-Dec-17,"13,561.00"
26-Dec-17,"13,561.00"
27-Dec-17,"13,560.50"
28-Dec-17,"13,562.00"
29-Dec-17,"13,567.50"
1-Jan-18,"13,567.50"
2-Jan-18,"13,517.50"
3-Jan-18,"13,478.00"
4-Jan-18,"13,423.50"
5-Jan-18,"13,415.50"
8-Jan-18,"13,426.50"
9-Jan-18,"13,437.50"
10-Jan-18,"13,436.50"
11-Jan-18,"13,399.50"
12-Jan-18,"13,353.50"
15-Jan-18,"13,334.50"
16-Jan-18,"13,337.50"
17-Jan-18,"13,357.50"
18-Jan-18,"13,346.00"
19-Jan-18,"13,313.50"
22-Jan-18,"13,347.50"
23-Jan-18,"13,325.00"
24-Jan-18,"13,313.50"
25-Jan-18,"13,288.50"
26-Jan-18,"13,307.00"
29-Jan-18,"13,363.50"
30-Jan-18,"13,432.50"
31-Jan-18,"13,388.50"
1-Feb-18,"13,427.00"
2-Feb-18,"13,451.50"
5-Feb-18,"13,525.00"
6-Feb-18,"13,552.50"
7-Feb-18,"13,553.00"
8-Feb-18,"13,605.00"
9-Feb-18,"13,627.50"
12-Feb-18,"13,657.50"
13-Feb-18,"13,657.50"
14-Feb-18,"13,628.50"
15-Feb-18,"13,558.50"
16-Feb-18,"13,558.50"
19-Feb-18,"13,560.50"
20-Feb-18,"13,612.50"
21-Feb-18,"13,618.50"
22-Feb-18,"13,682.50"
23-Feb-18,"13,667.50"
26-Feb-18,"13,660.00"
27-Feb-18,"13,675.00"
28-Feb-18,"13,745.00"
1-Mar-18,"13,747.50"
2-Mar-18,"13,757.50"
5-Mar-18,"13,762.50"
6-Mar-18,"13,775.00"
7-Mar-18,"13,766.00"
8-Mar-18,"13,785.00"
9-Mar-18,"13,781.00"
12-Mar-18,"13,770.00"
13-Mar-18,"13,750.50"
14-Mar-18,"13,736.50"
15-Mar-18,"13,747.50"
16-Mar-18,"13,749.00"
19-Mar-18,"13,764.50"
20-Mar-18,"13,750.00"
21-Mar-18,"13,762.50"
22-Mar-18,"13,752.50"
23-Mar-18,"13,782.50"
26-Mar-18,"13,740.00"
27-Mar-18,"13,742.00"
28-Mar-18,"13,763.00"
29-Mar-18,"13,765.00"
30-Mar-18,"13,765.00"
2-Apr-18,"13,754.00"
3-Apr-18,"13,764.50"
4-Apr-18,"13,766.50"
5-Apr-18,"13,766.50"
6-Apr-18,"13,773.50"
9-Apr-18,"13,764.50"
10-Apr-18,"13,749.00"
11-Apr-18,"13,758.50"
12-Apr-18,"13,769.50"
13-Apr-18,"13,752.50"
16-Apr-18,"13,774.50"
17-Apr-18,"13,766.00"
18-Apr-18,"13,774.50"
19-Apr-18,"13,781.00"
20-Apr-18,"13,877.50"
23-Apr-18,"13,895.00"
24-Apr-18,"13,887.50"
25-Apr-18,"13,920.00"
26-Apr-18,"13,887.50"
27-Apr-18,"13,890.00"
30-Apr-18,"13,912.50"
1-May-18,"13,912.50"
2-May-18,"13,945.00"
3-May-18,"13,937.50"
4-May-18,"13,940.00"
7-May-18,"14,000.00"
8-May-18,"14,050.00"
9-May-18,"14,080.00"
10-May-18,"14,080.00"
11-May-18,"13,950.00"
14-May-18,"13,970.00"
15-May-18,"14,037.00"
16-May-18,"14,093.00"
17-May-18,"14,052.00"
18-May-18,"14,152.50"
21-May-18,"14,185.00"
22-May-18,"14,138.00"
23-May-18,"14,207.00"
24-May-18,"14,135.00"
25-May-18,"14,120.00"
28-May-18,"13,990.00"
29-May-18,"13,990.00"
30-May-18,"13,990.00"
31-May-18,"13,895.00"
1-Jun-18,"13,895.00"
4-Jun-18,"13,872.00"
5-Jun-18,"13,879.00"
6-Jun-18,"13,852.50"
7-Jun-18,"13,870.00"
8-Jun-18,"13,930.00"
11-Jun-18,"13,930.00"
12-Jun-18,"13,930.00"
13-Jun-18,"13,930.00"
14-Jun-18,"13,930.00"
15-Jun-18,"13,930.00"
18-Jun-18,"13,930.00"
19-Jun-18,"13,930.00"
20-Jun-18,"13,930.00"
21-Jun-18,"14,103.00"
22-Jun-18,"14,080.00"
25-Jun-18,"14,155.00"
26-Jun-18,"14,178.00"
27-Jun-18,"14,178.00"
28-Jun-18,"14,390.00"
29-Jun-18,"14,330.00"
2-Jul-18,"14,380.00"
3-Jul-18,"14,380.00"
4-Jul-18,"14,352.00"
5-Jul-18,"14,385.00"
6-Jul-18,"14,370.00"
9-Jul-18,"14,325.00"
10-Jul-18,"14,360.00"
11-Jul-18,"14,385.00"
12-Jul-18,"14,380.00"
13-Jul-18,"14,380.00"
16-Jul-18,"14,375.00"
17-Jul-18,"14,370.00"
18-Jul-18,"14,405.00"
19-Jul-18,"14,475.00"
20-Jul-18,"14,480.00"
23-Jul-18,"14,490.00"
24-Jul-18,"14,530.00"
25-Jul-18,"14,460.00"
26-Jul-18,"14,460.00"
27-Jul-18,"14,417.50"
30-Jul-18,"14,410.00"
31-Jul-18,"14,420.00"
1-Aug-18,"14,440.00"
2-Aug-18,"14,475.00"
3-Aug-18,"14,492.50"
6-Aug-18,"14,470.00"
7-Aug-18,"14,440.00"
8-Aug-18,"14,435.00"
9-Aug-18,"14,410.00"
10-Aug-18,"14,475.00"
13-Aug-18,"14,595.00"
14-Aug-18,"14,580.00"
15-Aug-18,"14,600.00"
16-Aug-18,"14,610.00"
17-Aug-18,"14,610.00"
20-Aug-18,"14,590.00"
21-Aug-18,"14,580.00"
22-Aug-18,"14,580.00"
23-Aug-18,"14,630.00"
24-Aug-18,"14,642.00"
27-Aug-18,"14,620.00"
28-Aug-18,"14,622.00"
29-Aug-18,"14,655.00"
30-Aug-18,"14,690.00"
31-Aug-18,"14,730.00"
3-Sep-18,"14,815.00"
4-Sep-18,"14,935.00"
5-Sep-18,"14,935.00"
6-Sep-18,"14,890.00"
7-Sep-18,"14,820.00"
10-Sep-18,"14,857.00"
11-Sep-18,"14,857.00"
12-Sep-18,"14,825.00"
13-Sep-18,"14,840.00"
14-Sep-18,"14,805.00"
17-Sep-18,"14,877.50"
18-Sep-18,"14,855.00"
19-Sep-18,"14,875.00"
20-Sep-18,"14,845.00"
21-Sep-18,"14,819.00"
24-Sep-18,"14,867.50"
25-Sep-18,"14,920.00"
26-Sep-18,"14,905.00"
27-Sep-18,"14,917.00"
28-Sep-18,"14,901.50"
1-Oct-18,"14,910.00"
2-Oct-18,"15,045.00"
3-Oct-18,"15,075.00"
4-Oct-18,"15,170.00"
5-Oct-18,"15,180.00"
8-Oct-18,"15,217.50"
9-Oct-18,"15,230.00"
10-Oct-18,"15,203.00"
11-Oct-18,"15,235.00"
12-Oct-18,"15,205.00"
15-Oct-18,"15,210.00"
16-Oct-18,"15,200.00"
17-Oct-18,"15,155.00"
18-Oct-18,"15,193.50"
19-Oct-18,"15,187.50"
22-Oct-18,"15,185.00"
23-Oct-18,"15,190.00"
24-Oct-18,"15,197.00"
25-Oct-18,"15,187.50"
26-Oct-18,"15,216.50"
29-Oct-18,"15,220.00"
30-Oct-18,"15,223.00"
31-Oct-18,"15,202.50"
1-Nov-18,"15,127.50"
2-Nov-18,"14,952.50"
5-Nov-18,"14,976.00"
6-Nov-18,"14,802.50"
7-Nov-18,"14,580.00"
8-Nov-18,"14,540.00"
9-Nov-18,"14,685.00"
12-Nov-18,"14,815.00"
13-Nov-18,"14,810.00"
14-Nov-18,"14,787.00"
15-Nov-18,"14,677.50"
16-Nov-18,"14,611.50"
19-Nov-18,"14,590.00"
20-Nov-18,"14,590.00"
21-Nov-18,"14,605.00"
22-Nov-18,"14,577.50"
23-Nov-18,"14,540.00"
26-Nov-18,"14,475.00"
27-Nov-18,"14,513.50"
28-Nov-18,"14,527.50"
29-Nov-18,"14,382.50"
30-Nov-18,"14,302.50"
3-Dec-18,"14,240.00"
4-Dec-18,"14,290.00"
5-Dec-18,"14,395.00"
6-Dec-18,"14,520.00"
7-Dec-18,"14,470.00"
10-Dec-18,"14,555.00"
11-Dec-18,"14,600.00"
12-Dec-18,"14,597.50"
13-Dec-18,"14,497.50"
14-Dec-18,"14,585.00"
17-Dec-18,"14,575.00"
18-Dec-18,"14,500.00"
19-Dec-18,"14,442.50"
20-Dec-18,"14,470.00"
21-Dec-18,"14,555.00"
24-Dec-18,"14,555.00"
25-Dec-18,"14,555.00"
26-Dec-18,"14,575.00"
27-Dec-18,"14,560.00"
28-Dec-18,"14,560.00"
31-Dec-18,"14,380.00"
1-Jan-19,"14,380.00"
2-Jan-19,"14,450.00"
3-Jan-19,"14,410.00"
4-Jan-19,"14,270.00"
7-Jan-19,"14,090.00"
8-Jan-19,"14,145.00"
9-Jan-19,"14,125.00"
10-Jan-19,"14,055.00"
11-Jan-19,"14,045.00"
14-Jan-19,"14,124.00"
15-Jan-19,"14,092.50"
16-Jan-19,"14,122.50"
17-Jan-19,"14,180.00"
18-Jan-19,"14,175.00"
21-Jan-19,"14,222.50"
22-Jan-19,"14,215.00"
23-Jan-19,"14,180.00"
24-Jan-19,"14,165.00"
25-Jan-19,"14,085.00"
28-Jan-19,"14,070.00"
29-Jan-19,"14,095.00"
30-Jan-19,"14,130.00"
31-Jan-19,"13,972.50"
1-Feb-19,"13,940.00"
4-Feb-19,"13,955.00"
5-Feb-19,"13,955.00"
6-Feb-19,"13,922.00"
7-Feb-19,"13,972.50"
8-Feb-19,"13,965.00"
11-Feb-19,"14,040.00"
12-Feb-19,"14,068.50"
13-Feb-19,"14,057.50"
14-Feb-19,"14,090.00"
15-Feb-19,"14,142.50"
18-Feb-19,"14,106.50"
19-Feb-19,"14,102.00"
20-Feb-19,"14,040.00"
21-Feb-19,"14,063.00"
22-Feb-19,"14,057.50"
25-Feb-19,"14,017.50"
26-Feb-19,"13,991.00"
27-Feb-19,"14,030.00"
28-Feb-19,"14,065.00"
1-Mar-19,"14,115.00"
4-Mar-19,"14,130.00"
5-Mar-19,"14,120.00"
6-Mar-19,"14,140.00"
