3-Jan-00,"7,055.00"
4-Jan-00,"7,165.00"
5-Jan-00,"7,155.00"
6-Jan-00,"7,255.00"
7-Jan-00,"7,155.00"
10-Jan-00,"7,165.00"
11-Jan-00,"7,250.00"
12-Jan-00,"7,215.00"
13-Jan-00,"7,225.00"
14-Jan-00,"7,185.00"
17-Jan-00,"7,275.00"
18-Jan-00,"7,275.00"
19-Jan-00,"7,340.00"
20-Jan-00,"7,300.00"
21-Jan-00,"7,340.00"
24-Jan-00,"7,325.00"
25-Jan-00,"7,355.00"
26-Jan-00,"7,465.00"
27-Jan-00,"7,415.00"
28-Jan-00,"7,450.00"
31-Jan-00,"7,445.00"
1-Feb-00,"7,485.00"
2-Feb-00,"7,685.00"
3-Feb-00,"7,685.00"
4-Feb-00,"7,550.00"
7-Feb-00,"7,500.00"
8-Feb-00,"7,365.00"
9-Feb-00,"7,235.00"
10-Feb-00,"7,315.00"
11-Feb-00,"7,300.00"
14-Feb-00,"7,240.00"
15-Feb-00,"7,325.00"
16-Feb-00,"7,410.00"
17-Feb-00,"7,450.00"
18-Feb-00,"7,425.00"
21-Feb-00,"7,445.00"
22-Feb-00,"7,455.00"
23-Feb-00,"7,435.00"
24-Feb-00,"7,545.00"
25-Feb-00,"7,370.00"
28-Feb-00,"7,475.00"
29-Feb-00,"7,435.00"
1-Mar-00,"7,365.00"
2-Mar-00,"7,485.00"
3-Mar-00,"7,465.00"
6-Mar-00,"7,435.00"
7-Mar-00,"7,447.50"
8-Mar-00,"7,440.00"
9-Mar-00,"7,385.00"
10-Mar-00,"7,365.00"
13-Mar-00,"7,455.00"
14-Mar-00,"7,442.50"
15-Mar-00,"7,490.00"
16-Mar-00,"7,455.00"
17-Mar-00,"7,460.00"
20-Mar-00,"7,440.00"
21-Mar-00,"7,465.00"
22-Mar-00,"7,435.00"
23-Mar-00,"7,447.50"
24-Mar-00,"7,465.00"
27-Mar-00,"7,475.00"
28-Mar-00,"7,585.00"
29-Mar-00,"7,575.00"
30-Mar-00,"7,565.00"
31-Mar-00,"7,570.00"
3-Apr-00,"7,712.50"
4-Apr-00,"7,695.00"
5-Apr-00,"7,775.00"
6-Apr-00,"7,815.00"
7-Apr-00,"7,665.00"
10-Apr-00,"7,630.00"
11-Apr-00,"7,625.00"
12-Apr-00,"7,625.00"
13-Apr-00,"7,595.00"
14-Apr-00,"7,625.00"
17-Apr-00,"7,730.00"
18-Apr-00,"7,790.00"
19-Apr-00,"7,910.00"
20-Apr-00,"7,985.00"
21-Apr-00,"7,965.00"
24-Apr-00,"7,905.00"
25-Apr-00,"7,945.00"
26-Apr-00,"7,960.00"
27-Apr-00,"7,940.00"
28-Apr-00,"7,925.00"
1-May-00,"7,985.00"
2-May-00,"8,035.00"
3-May-00,"8,005.00"
4-May-00,"7,990.00"
5-May-00,"7,960.00"
8-May-00,"8,015.00"
9-May-00,"8,110.00"
10-May-00,"8,155.00"
11-May-00,"8,375.00"
12-May-00,"8,425.00"
15-May-00,"8,670.00"
16-May-00,"8,575.00"
17-May-00,"8,525.00"
18-May-00,"8,520.00"
19-May-00,"8,365.00"
22-May-00,"8,355.00"
23-May-00,"8,425.00"
24-May-00,"8,520.00"
25-May-00,"8,450.00"
26-May-00,"8,520.00"
29-May-00,"8,595.00"
30-May-00,"8,650.00"
31-May-00,"8,645.00"
1-Jun-00,"8,500.00"
2-Jun-00,"8,325.00"
5-Jun-00,"8,475.00"
6-Jun-00,"8,565.00"
7-Jun-00,"8,605.00"
8-Jun-00,"8,610.00"
9-Jun-00,"8,635.00"
12-Jun-00,"8,620.00"
13-Jun-00,"8,575.00"
14-Jun-00,"8,505.00"
15-Jun-00,"8,535.00"
16-Jun-00,"8,615.00"
19-Jun-00,"8,612.50"
20-Jun-00,"8,615.00"
21-Jun-00,"8,650.00"
22-Jun-00,"8,710.00"
23-Jun-00,"8,695.00"
26-Jun-00,"8,675.00"
27-Jun-00,"8,680.00"
28-Jun-00,"8,682.50"
29-Jun-00,"8,750.00"
30-Jun-00,"8,760.00"
3-Jul-00,"8,975.00"
4-Jul-00,"8,990.00"
5-Jul-00,"9,365.00"
6-Jul-00,"9,275.00"
7-Jul-00,"9,315.00"
10-Jul-00,"9,290.00"
11-Jul-00,"9,340.00"
12-Jul-00,"9,400.00"
13-Jul-00,"9,415.00"
14-Jul-00,"9,515.00"
17-Jul-00,"9,510.00"
18-Jul-00,"9,245.00"
19-Jul-00,"8,960.00"
20-Jul-00,"8,870.00"
21-Jul-00,"8,925.00"
24-Jul-00,"8,875.00"
25-Jul-00,"9,085.00"
26-Jul-00,"9,105.00"
27-Jul-00,"8,950.00"
28-Jul-00,"8,950.00"
31-Jul-00,"8,925.00"
1-Aug-00,"8,950.00"
2-Aug-00,"8,815.00"
3-Aug-00,"8,605.00"
4-Aug-00,"8,620.00"
7-Aug-00,"8,630.00"
8-Aug-00,"8,650.00"
9-Aug-00,"8,575.00"
10-Aug-00,"8,462.50"
11-Aug-00,"8,285.00"
14-Aug-00,"8,230.00"
15-Aug-00,"8,312.50"
16-Aug-00,"8,355.00"
17-Aug-00,"8,335.00"
18-Aug-00,"8,355.00"
21-Aug-00,"8,220.00"
22-Aug-00,"8,137.50"
23-Aug-00,"8,395.00"
24-Aug-00,"8,435.00"
25-Aug-00,"8,355.00"
28-Aug-00,"8,240.00"
29-Aug-00,"8,430.00"
30-Aug-00,"8,367.50"
31-Aug-00,"8,325.00"
1-Sep-00,"8,300.00"
4-Sep-00,"8,285.00"
5-Sep-00,"8,335.00"
6-Sep-00,"8,415.00"
7-Sep-00,"8,400.00"
8-Sep-00,"8,390.00"
11-Sep-00,"8,500.00"
12-Sep-00,"8,655.00"
13-Sep-00,"8,800.00"
14-Sep-00,"8,625.00"
15-Sep-00,"8,745.00"
18-Sep-00,"8,735.00"
19-Sep-00,"8,675.00"
20-Sep-00,"8,795.00"
21-Sep-00,"8,760.00"
22-Sep-00,"8,805.00"
25-Sep-00,"8,875.00"
26-Sep-00,"8,780.00"
27-Sep-00,"8,825.00"
28-Sep-00,"8,830.00"
29-Sep-00,"8,760.00"
2-Oct-00,"8,782.50"
3-Oct-00,"8,775.00"
4-Oct-00,"8,800.00"
5-Oct-00,"8,790.00"
6-Oct-00,"8,805.00"
9-Oct-00,"8,825.00"
10-Oct-00,"8,840.00"
11-Oct-00,"8,847.50"
12-Oct-00,"8,990.00"
13-Oct-00,"8,905.00"
16-Oct-00,"8,905.00"
17-Oct-00,"8,900.00"
18-Oct-00,"8,905.00"
19-Oct-00,"8,870.00"
20-Oct-00,"8,937.50"
23-Oct-00,"8,950.00"
24-Oct-00,"8,917.50"
25-Oct-00,"8,950.00"
26-Oct-00,"9,060.00"
27-Oct-00,"9,140.00"
30-Oct-00,"9,445.00"
31-Oct-00,"9,347.50"
1-Nov-00,"9,155.00"
2-Nov-00,"9,175.00"
3-Nov-00,"9,175.00"
6-Nov-00,"9,185.00"
7-Nov-00,"9,282.50"
8-Nov-00,"9,207.50"
9-Nov-00,"9,260.00"
10-Nov-00,"9,225.00"
13-Nov-00,"9,302.50"
14-Nov-00,"9,362.50"
15-Nov-00,"9,390.00"
16-Nov-00,"9,390.00"
17-Nov-00,"9,460.00"
20-Nov-00,"9,475.00"
21-Nov-00,"9,470.00"
22-Nov-00,"9,395.00"
23-Nov-00,"9,435.00"
24-Nov-00,"9,455.00"
27-Nov-00,"9,455.00"
28-Nov-00,"9,455.00"
29-Nov-00,"9,500.00"
30-Nov-00,"9,530.00"
1-Dec-00,"9,505.00"
4-Dec-00,"9,520.00"
5-Dec-00,"9,505.00"
6-Dec-00,"9,600.00"
7-Dec-00,"9,577.50"
8-Dec-00,"9,550.00"
11-Dec-00,"9,310.00"
12-Dec-00,"9,495.00"
13-Dec-00,"9,460.00"
14-Dec-00,"9,375.00"
15-Dec-00,"9,355.00"
18-Dec-00,"9,385.00"
19-Dec-00,"9,255.00"
20-Dec-00,"9,250.00"
21-Dec-00,"9,315.00"
22-Dec-00,"9,287.50"
25-Dec-00,"9,287.50"
26-Dec-00,"9,450.00"
27-Dec-00,"9,450.00"
28-Dec-00,"9,620.00"
29-Dec-00,"9,675.00"
2-Jan-01,"9,495.00"
3-Jan-01,"9,500.00"
4-Jan-01,"9,485.00"
5-Jan-01,"9,507.50"
8-Jan-01,"9,485.00"
9-Jan-01,"9,490.00"
10-Jan-01,"9,535.00"
11-Jan-01,"9,625.00"
12-Jan-01,"9,610.00"
15-Jan-01,"9,475.00"
16-Jan-01,"9,445.00"
17-Jan-01,"9,450.00"
18-Jan-01,"9,400.00"
19-Jan-01,"9,475.00"
22-Jan-01,"9,400.00"
23-Jan-01,"9,400.00"
24-Jan-01,"9,400.00"
25-Jan-01,"9,450.00"
26-Jan-01,"9,425.00"
29-Jan-01,"9,425.00"
30-Jan-01,"9,440.00"
31-Jan-01,"9,450.00"
1-Feb-01,"9,540.00"
2-Feb-01,"9,550.00"
5-Feb-01,"9,550.00"
6-Feb-01,"9,562.50"
7-Feb-01,"9,650.00"
8-Feb-01,"9,650.00"
9-Feb-01,"9,625.00"
12-Feb-01,"9,602.50"
13-Feb-01,"9,610.00"
14-Feb-01,"9,600.00"
15-Feb-01,"9,600.00"
16-Feb-01,"9,651.00"
19-Feb-01,"9,610.00"
20-Feb-01,"9,660.00"
21-Feb-01,"9,625.00"
22-Feb-01,"9,625.00"
23-Feb-01,"9,660.00"
26-Feb-01,"9,850.00"
27-Feb-01,"9,855.00"
28-Feb-01,"9,865.00"
1-Mar-01,"9,875.00"
2-Mar-01,"9,875.00"
5-Mar-01,"9,860.00"
6-Mar-01,"9,880.00"
7-Mar-01,"9,885.00"
8-Mar-01,"9,925.00"
9-Mar-01,"10,155.00"
12-Mar-01,"10,500.00"
13-Mar-01,"10,287.50"
14-Mar-01,"10,160.00"
15-Mar-01,"9,925.00"
16-Mar-01,"10,315.00"
19-Mar-01,"10,428.00"
20-Mar-01,"10,415.00"
21-Mar-01,"10,435.00"
22-Mar-01,"10,395.00"
23-Mar-01,"10,385.00"
26-Mar-01,"10,400.00"
27-Mar-01,"10,425.00"
28-Mar-01,"10,390.00"
29-Mar-01,"10,397.50"
30-Mar-01,"10,417.50"
2-Apr-01,"10,432.50"
3-Apr-01,"10,445.00"
4-Apr-01,"10,610.00"
5-Apr-01,"10,705.00"
6-Apr-01,"10,845.00"
9-Apr-01,"10,813.50"
10-Apr-01,"10,652.50"
11-Apr-01,"10,575.00"
12-Apr-01,"10,612.50"
13-Apr-01,"10,612.50"
16-Apr-01,"10,805.00"
17-Apr-01,"10,855.00"
18-Apr-01,"10,945.00"
19-Apr-01,"11,095.00"
20-Apr-01,"11,775.00"
23-Apr-01,"11,950.00"
24-Apr-01,"11,840.00"
25-Apr-01,"11,985.00"
26-Apr-01,"12,019.00"
27-Apr-01,"11,850.00"
30-Apr-01,"11,600.00"
1-May-01,"11,210.00"
2-May-01,"11,225.00"
3-May-01,"11,075.00"
4-May-01,"10,950.00"
7-May-01,"10,950.00"
8-May-01,"10,945.00"
9-May-01,"11,075.00"
10-May-01,"11,165.00"
11-May-01,"11,277.50"
14-May-01,"11,400.00"
15-May-01,"11,445.00"
16-May-01,"11,407.50"
17-May-01,"11,300.00"
18-May-01,"11,375.00"
21-May-01,"11,465.00"
22-May-01,"11,425.00"
23-May-01,"11,421.00"
24-May-01,"11,425.00"
25-May-01,"11,455.00"
28-May-01,"11,590.00"
29-May-01,"11,200.00"
30-May-01,"11,395.00"
31-May-01,"11,125.00"
1-Jun-01,"11,450.00"
4-Jun-01,"11,450.00"
5-Jun-01,"11,225.00"
6-Jun-01,"11,195.00"
7-Jun-01,"11,190.00"
8-Jun-01,"11,212.50"
11-Jun-01,"11,265.00"
12-Jun-01,"11,237.50"
13-Jun-01,"11,225.00"
14-Jun-01,"11,225.00"
15-Jun-01,"11,260.00"
18-Jun-01,"11,295.00"
19-Jun-01,"11,390.00"
20-Jun-01,"11,290.00"
21-Jun-01,"11,345.00"
22-Jun-01,"11,355.00"
25-Jun-01,"11,365.00"
26-Jun-01,"11,372.00"
27-Jun-01,"11,395.00"
28-Jun-01,"11,447.50"
29-Jun-01,"11,390.00"
2-Jul-01,"11,320.00"
3-Jul-01,"11,322.00"
4-Jul-01,"11,365.00"
5-Jul-01,"11,357.00"
6-Jul-01,"11,330.00"
9-Jul-01,"11,329.50"
10-Jul-01,"11,352.00"
11-Jul-01,"11,340.00"
12-Jul-01,"11,360.00"
13-Jul-01,"11,330.00"
16-Jul-01,"11,340.00"
17-Jul-01,"11,335.00"
18-Jul-01,"11,275.00"
19-Jul-01,"11,249.00"
20-Jul-01,"11,140.00"
23-Jul-01,"10,187.50"
24-Jul-01,"10,050.00"
25-Jul-01,"10,050.00"
26-Jul-01,"10,050.00"
27-Jul-01,"10,050.00"
30-Jul-01,"9,700.00"
31-Jul-01,"9,500.00"
1-Aug-01,"9,625.00"
2-Aug-01,"9,625.00"
3-Aug-01,"9,515.00"
6-Aug-01,"9,390.00"
7-Aug-01,"9,355.00"
8-Aug-01,"9,330.00"
9-Aug-01,"9,200.00"
10-Aug-01,"9,110.00"
13-Aug-01,"8,550.00"
14-Aug-01,"8,485.00"
15-Aug-01,"8,775.00"
16-Aug-01,"8,750.00"
17-Aug-01,"8,750.00"
20-Aug-01,"8,525.00"
21-Aug-01,"8,542.50"
22-Aug-01,"8,615.00"
23-Aug-01,"8,725.00"
24-Aug-01,"8,695.00"
27-Aug-01,"8,735.00"
28-Aug-01,"9,030.00"
29-Aug-01,"9,150.00"
30-Aug-01,"8,920.00"
31-Aug-01,"8,862.50"
3-Sep-01,"8,987.50"
4-Sep-01,"8,990.00"
5-Sep-01,"9,055.00"
6-Sep-01,"9,000.00"
7-Sep-01,"9,150.00"
10-Sep-01,"9,075.00"
11-Sep-01,"9,090.00"
12-Sep-01,"9,040.00"
13-Sep-01,"9,102.50"
14-Sep-01,"9,110.00"
17-Sep-01,"9,315.00"
18-Sep-01,"9,575.00"
19-Sep-01,"9,605.00"
20-Sep-01,"9,445.00"
21-Sep-01,"9,415.00"
24-Sep-01,"9,455.00"
25-Sep-01,"9,517.50"
26-Sep-01,"9,635.00"
27-Sep-01,"9,672.50"
28-Sep-01,"9,707.50"
1-Oct-01,"9,900.00"
2-Oct-01,"10,050.00"
3-Oct-01,"9,905.00"
4-Oct-01,"9,725.00"
5-Oct-01,"9,865.00"
8-Oct-01,"10,162.50"
9-Oct-01,"10,000.00"
10-Oct-01,"9,985.00"
11-Oct-01,"9,937.50"
12-Oct-01,"9,970.00"
15-Oct-01,"9,965.00"
16-Oct-01,"10,000.00"
17-Oct-01,"10,012.50"
18-Oct-01,"10,035.00"
19-Oct-01,"10,090.00"
22-Oct-01,"10,112.50"
23-Oct-01,"10,170.00"
24-Oct-01,"10,230.00"
25-Oct-01,"10,265.00"
26-Oct-01,"10,260.00"
29-Oct-01,"10,270.00"
30-Oct-01,"10,400.00"
31-Oct-01,"10,475.00"
1-Nov-01,"10,525.00"
2-Nov-01,"10,675.00"
5-Nov-01,"10,925.00"
6-Nov-01,"10,835.00"
7-Nov-01,"10,637.50"
8-Nov-01,"10,470.00"
9-Nov-01,"10,410.00"
12-Nov-01,"10,610.50"
13-Nov-01,"10,677.50"
14-Nov-01,"10,645.00"
15-Nov-01,"10,625.00"
16-Nov-01,"10,635.00"
19-Nov-01,"10,572.50"
20-Nov-01,"10,535.00"
21-Nov-01,"10,440.00"
22-Nov-01,"10,550.00"
23-Nov-01,"10,495.00"
26-Nov-01,"10,350.00"
27-Nov-01,"10,430.00"
28-Nov-01,"10,400.00"
29-Nov-01,"10,412.00"
30-Nov-01,"10,465.00"
3-Dec-01,"10,455.00"
4-Dec-01,"10,470.00"
5-Dec-01,"10,470.00"
6-Dec-01,"10,400.00"
7-Dec-01,"10,365.00"
10-Dec-01,"10,240.00"
11-Dec-01,"10,165.00"
12-Dec-01,"10,025.00"
13-Dec-01,"10,110.00"
14-Dec-01,"10,195.00"
17-Dec-01,"10,195.00"
18-Dec-01,"10,155.00"
19-Dec-01,"10,095.00"
20-Dec-01,"10,117.50"
21-Dec-01,"10,160.00"
24-Dec-01,"10,190.00"
25-Dec-01,"10,190.00"
26-Dec-01,"10,187.50"
27-Dec-01,"10,412.50"
28-Dec-01,"10,475.00"
31-Dec-01,"10,400.00"
2-Jan-02,"10,415.00"
3-Jan-02,"10,375.00"
4-Jan-02,"10,415.00"
7-Jan-02,"10,375.00"
8-Jan-02,"10,425.00"
9-Jan-02,"10,420.00"
10-Jan-02,"10,430.00"
11-Jan-02,"10,431.00"
14-Jan-02,"10,405.00"
15-Jan-02,"10,387.50"
16-Jan-02,"10,385.50"
17-Jan-02,"10,395.50"
18-Jan-02,"10,395.50"
21-Jan-02,"10,385.00"
22-Jan-02,"10,385.00"
23-Jan-02,"10,400.00"
24-Jan-02,"10,375.00"
25-Jan-02,"10,435.00"
28-Jan-02,"10,385.00"
29-Jan-02,"10,295.00"
30-Jan-02,"10,325.00"
31-Jan-02,"10,315.00"
1-Feb-02,"10,325.00"
4-Feb-02,"10,315.00"
5-Feb-02,"10,305.50"
6-Feb-02,"10,325.00"
7-Feb-02,"10,270.00"
8-Feb-02,"10,250.00"
11-Feb-02,"10,210.00"
12-Feb-02,"10,175.00"
13-Feb-02,"10,187.50"
14-Feb-02,"10,230.00"
15-Feb-02,"10,247.00"
18-Feb-02,"10,280.00"
19-Feb-02,"10,185.00"
20-Feb-02,"10,187.00"
21-Feb-02,"10,205.00"
22-Feb-02,"10,215.00"
25-Feb-02,"10,177.50"
26-Feb-02,"10,175.00"
27-Feb-02,"10,182.50"
28-Feb-02,"10,150.00"
1-Mar-02,"10,100.00"
4-Mar-02,"10,078.00"
5-Mar-02,"9,985.00"
6-Mar-02,"9,955.00"
7-Mar-02,"9,942.50"
8-Mar-02,"10,015.00"
11-Mar-02,"9,945.00"
12-Mar-02,"9,970.00"
13-Mar-02,"9,975.00"
14-Mar-02,"9,975.00"
15-Mar-02,"9,995.00"
18-Mar-02,"9,969.50"
19-Mar-02,"9,965.00"
20-Mar-02,"9,892.00"
21-Mar-02,"9,870.00"
22-Mar-02,"9,825.00"
25-Mar-02,"9,705.00"
26-Mar-02,"9,575.00"
27-Mar-02,"9,660.00"
28-Mar-02,"9,825.00"
29-Mar-02,"9,825.00"
1-Apr-02,"9,750.00"
2-Apr-02,"9,770.00"
3-Apr-02,"9,802.50"
4-Apr-02,"9,655.00"
5-Apr-02,"9,550.00"
8-Apr-02,"9,547.00"
9-Apr-02,"9,665.00"
10-Apr-02,"9,580.00"
11-Apr-02,"9,550.00"
12-Apr-02,"9,545.00"
15-Apr-02,"9,395.00"
16-Apr-02,"9,450.00"
17-Apr-02,"9,430.00"
18-Apr-02,"9,390.00"
19-Apr-02,"9,351.50"
22-Apr-02,"9,351.50"
23-Apr-02,"9,430.00"
24-Apr-02,"9,325.00"
25-Apr-02,"9,370.00"
26-Apr-02,"9,305.00"
29-Apr-02,"9,325.00"
30-Apr-02,"9,330.00"
1-May-02,"9,327.50"
2-May-02,"9,340.00"
3-May-02,"9,310.00"
6-May-02,"9,289.00"
7-May-02,"9,290.00"
8-May-02,"9,290.00"
9-May-02,"9,285.00"
10-May-02,"9,285.00"
13-May-02,"9,277.00"
14-May-02,"9,270.00"
15-May-02,"9,240.00"
16-May-02,"9,150.00"
17-May-02,"9,090.00"
20-May-02,"9,040.00"
21-May-02,"9,035.00"
22-May-02,"9,065.00"
23-May-02,"8,945.00"
24-May-02,"8,957.50"
27-May-02,"8,905.00"
28-May-02,"8,867.50"
29-May-02,"8,850.00"
30-May-02,"8,843.00"
31-May-02,"8,697.50"
3-Jun-02,"8,545.00"
4-Jun-02,"8,650.00"
5-Jun-02,"8,925.00"
6-Jun-02,"9,045.00"
7-Jun-02,"8,875.00"
10-Jun-02,"8,730.00"
11-Jun-02,"8,775.00"
12-Jun-02,"8,715.00"
13-Jun-02,"8,751.00"
14-Jun-02,"8,660.00"
17-Jun-02,"8,688.00"
18-Jun-02,"8,655.00"
19-Jun-02,"8,695.00"
20-Jun-02,"8,597.50"
21-Jun-02,"8,630.00"
24-Jun-02,"8,585.00"
25-Jun-02,"8,657.50"
26-Jun-02,"8,680.00"
27-Jun-02,"8,640.00"
28-Jun-02,"8,713.00"
1-Jul-02,"8,710.00"
2-Jul-02,"8,805.00"
3-Jul-02,"8,965.00"
4-Jul-02,"8,855.00"
5-Jul-02,"8,860.00"
8-Jul-02,"8,900.00"
9-Jul-02,"8,910.00"
10-Jul-02,"8,907.50"
11-Jul-02,"9,135.00"
12-Jul-02,"9,075.00"
15-Jul-02,"9,047.50"
16-Jul-02,"9,040.00"
17-Jul-02,"8,965.00"
18-Jul-02,"8,870.00"
19-Jul-02,"8,775.00"
22-Jul-02,"8,817.50"
23-Jul-02,"9,005.00"
24-Jul-02,"9,062.50"
25-Jul-02,"9,005.00"
26-Jul-02,"9,150.00"
29-Jul-02,"9,250.00"
30-Jul-02,"9,115.00"
31-Jul-02,"9,064.50"
1-Aug-02,"9,155.00"
2-Aug-02,"9,075.00"
5-Aug-02,"9,087.50"
6-Aug-02,"9,085.00"
7-Aug-02,"9,060.00"
8-Aug-02,"8,990.00"
9-Aug-02,"9,002.50"
12-Aug-02,"8,850.00"
13-Aug-02,"8,880.00"
14-Aug-02,"8,775.00"
15-Aug-02,"8,857.50"
16-Aug-02,"8,815.00"
19-Aug-02,"8,847.50"
20-Aug-02,"8,845.00"
21-Aug-02,"8,875.00"
22-Aug-02,"8,845.00"
23-Aug-02,"8,887.50"
26-Aug-02,"8,930.00"
27-Aug-02,"8,887.50"
28-Aug-02,"8,886.00"
29-Aug-02,"8,865.00"
30-Aug-02,"8,855.00"
2-Sep-02,"8,851.00"
3-Sep-02,"8,842.50"
4-Sep-02,"8,870.00"
5-Sep-02,"8,863.00"
6-Sep-02,"8,870.00"
9-Sep-02,"8,825.00"
10-Sep-02,"8,871.00"
11-Sep-02,"8,893.00"
12-Sep-02,"8,919.50"
13-Sep-02,"8,975.00"
16-Sep-02,"9,050.00"
17-Sep-02,"9,060.00"
18-Sep-02,"9,000.00"
19-Sep-02,"9,025.00"
20-Sep-02,"9,032.50"
23-Sep-02,"9,075.00"
24-Sep-02,"9,037.50"
25-Sep-02,"9,000.00"
26-Sep-02,"9,010.00"
27-Sep-02,"9,017.50"
30-Sep-02,"8,994.00"
1-Oct-02,"9,000.00"
2-Oct-02,"9,007.00"
3-Oct-02,"9,014.50"
4-Oct-02,"9,014.50"
7-Oct-02,"9,015.00"
8-Oct-02,"9,005.00"
9-Oct-02,"8,996.50"
10-Oct-02,"9,010.00"
11-Oct-02,"9,007.00"
14-Oct-02,"9,345.00"
15-Oct-02,"9,290.00"
16-Oct-02,"9,194.00"
17-Oct-02,"9,175.00"
18-Oct-02,"9,214.00"
21-Oct-02,"9,193.00"
22-Oct-02,"9,200.00"
23-Oct-02,"9,215.00"
24-Oct-02,"9,215.00"
25-Oct-02,"9,240.00"
28-Oct-02,"9,224.00"
29-Oct-02,"9,250.00"
30-Oct-02,"9,227.00"
31-Oct-02,"9,230.00"
1-Nov-02,"9,225.00"
4-Nov-02,"9,211.50"
5-Nov-02,"9,205.00"
6-Nov-02,"9,211.00"
7-Nov-02,"9,205.00"
8-Nov-02,"9,193.00"
11-Nov-02,"9,147.00"
12-Nov-02,"9,075.00"
13-Nov-02,"9,047.00"
14-Nov-02,"9,022.50"
15-Nov-02,"9,027.00"
18-Nov-02,"8,995.00"
19-Nov-02,"8,965.00"
20-Nov-02,"8,967.50"
21-Nov-02,"9,020.00"
22-Nov-02,"8,985.00"
25-Nov-02,"8,975.00"
26-Nov-02,"8,987.50"
27-Nov-02,"8,935.00"
28-Nov-02,"8,982.50"
29-Nov-02,"8,977.50"
2-Dec-02,"8,977.50"
3-Dec-02,"8,980.00"
4-Dec-02,"8,990.00"
5-Dec-02,"8,990.00"
6-Dec-02,"8,990.00"
9-Dec-02,"8,977.50"
10-Dec-02,"8,977.50"
11-Dec-02,"8,885.00"
12-Dec-02,"8,867.50"
13-Dec-02,"8,875.00"
16-Dec-02,"8,815.00"
17-Dec-02,"8,880.00"
18-Dec-02,"8,890.00"
19-Dec-02,"8,895.00"
20-Dec-02,"8,888.00"
23-Dec-02,"8,895.00"
24-Dec-02,"8,895.00"
25-Dec-02,"8,895.00"
26-Dec-02,"8,890.00"
27-Dec-02,"8,917.50"
30-Dec-02,"8,950.00"
31-Dec-02,"8,950.00"
1-Jan-03,"8,950.00"
2-Jan-03,"8,920.00"
3-Jan-03,"8,927.50"
6-Jan-03,"8,934.50"
7-Jan-03,"8,925.00"
8-Jan-03,"8,930.00"
9-Jan-03,"8,932.50"
10-Jan-03,"8,917.50"
13-Jan-03,"8,880.00"
14-Jan-03,"8,872.50"
15-Jan-03,"8,865.00"
16-Jan-03,"8,860.00"
17-Jan-03,"8,870.00"
20-Jan-03,"8,875.00"
21-Jan-03,"8,880.00"
22-Jan-03,"8,855.00"
23-Jan-03,"8,886.50"
24-Jan-03,"8,892.50"
27-Jan-03,"8,892.50"
28-Jan-03,"8,855.00"
29-Jan-03,"8,850.00"
30-Jan-03,"8,870.00"
31-Jan-03,"8,870.00"
3-Feb-03,"8,876.00"
4-Feb-03,"8,870.00"
5-Feb-03,"8,867.00"
6-Feb-03,"8,869.00"
7-Feb-03,"8,868.50"
10-Feb-03,"8,865.00"
11-Feb-03,"8,965.00"
12-Feb-03,"8,965.00"
13-Feb-03,"8,945.00"
14-Feb-03,"8,920.00"
17-Feb-03,"8,905.00"
18-Feb-03,"8,877.50"
19-Feb-03,"8,880.00"
20-Feb-03,"8,845.00"
21-Feb-03,"8,915.50"
24-Feb-03,"8,895.00"
25-Feb-03,"8,887.50"
26-Feb-03,"8,887.50"
27-Feb-03,"8,897.50"
28-Feb-03,"8,883.50"
3-Mar-03,"8,883.50"
4-Mar-03,"8,830.00"
5-Mar-03,"8,845.00"
6-Mar-03,"8,866.00"
7-Mar-03,"8,885.00"
10-Mar-03,"8,883.00"
11-Mar-03,"8,882.50"
12-Mar-03,"8,892.50"
13-Mar-03,"8,905.00"
14-Mar-03,"8,917.50"
17-Mar-03,"8,970.00"
18-Mar-03,"9,040.00"
19-Mar-03,"9,087.50"
20-Mar-03,"9,020.00"
21-Mar-03,"8,972.50"
24-Mar-03,"8,950.00"
25-Mar-03,"8,905.00"
26-Mar-03,"8,915.00"
27-Mar-03,"8,900.00"
28-Mar-03,"8,912.50"
31-Mar-03,"8,901.50"
1-Apr-03,"8,885.00"
2-Apr-03,"8,884.00"
3-Apr-03,"8,894.50"
4-Apr-03,"8,892.50"
7-Apr-03,"8,883.50"
8-Apr-03,"8,877.50"
9-Apr-03,"8,864.50"
10-Apr-03,"8,853.00"
11-Apr-03,"8,877.50"
14-Apr-03,"8,854.50"
15-Apr-03,"8,842.50"
16-Apr-03,"8,807.50"
17-Apr-03,"8,725.00"
18-Apr-03,"8,725.00"
21-Apr-03,"8,680.00"
22-Apr-03,"8,740.00"
23-Apr-03,"8,730.00"
24-Apr-03,"8,727.50"
25-Apr-03,"8,740.00"
28-Apr-03,"8,738.00"
29-Apr-03,"8,707.50"
30-Apr-03,"8,673.50"
1-May-03,"8,675.00"
2-May-03,"8,660.50"
5-May-03,"8,582.50"
6-May-03,"8,600.00"
7-May-03,"8,502.50"
8-May-03,"8,545.00"
9-May-03,"8,560.00"
12-May-03,"8,415.00"
13-May-03,"8,432.50"
14-May-03,"8,450.00"
15-May-03,"8,450.00"
16-May-03,"8,460.00"
19-May-03,"8,410.00"
20-May-03,"8,390.00"
21-May-03,"8,325.00"
22-May-03,"8,335.00"
23-May-03,"8,270.00"
26-May-03,"8,175.00"
27-May-03,"8,170.00"
28-May-03,"8,250.00"
29-May-03,"8,350.00"
30-May-03,"8,310.00"
2-Jun-03,"8,260.00"
3-Jun-03,"8,215.00"
4-Jun-03,"8,152.50"
5-Jun-03,"8,260.00"
6-Jun-03,"8,175.00"
9-Jun-03,"8,187.50"
10-Jun-03,"8,202.50"
11-Jun-03,"8,231.50"
12-Jun-03,"8,260.00"
13-Jun-03,"8,215.00"
16-Jun-03,"8,200.00"
17-Jun-03,"8,207.50"
18-Jun-03,"8,232.00"
19-Jun-03,"8,247.50"
20-Jun-03,"8,225.00"
23-Jun-03,"8,237.50"
24-Jun-03,"8,220.00"
25-Jun-03,"8,223.00"
26-Jun-03,"8,265.00"
27-Jun-03,"8,275.00"
30-Jun-03,"8,250.00"
1-Jul-03,"8,235.00"
2-Jul-03,"8,220.00"
3-Jul-03,"8,225.00"
4-Jul-03,"8,183.00"
7-Jul-03,"8,176.50"
8-Jul-03,"8,220.00"
9-Jul-03,"8,195.50"
10-Jul-03,"8,218.00"
11-Jul-03,"8,215.00"
14-Jul-03,"8,225.00"
15-Jul-03,"8,222.50"
16-Jul-03,"8,233.50"
17-Jul-03,"8,258.50"
18-Jul-03,"8,330.00"
21-Jul-03,"8,310.00"
22-Jul-03,"8,415.00"
23-Jul-03,"8,605.00"
24-Jul-03,"8,590.00"
25-Jul-03,"8,505.00"
28-Jul-03,"8,530.00"
29-Jul-03,"8,612.50"
30-Jul-03,"8,510.00"
31-Jul-03,"8,510.00"
1-Aug-03,"8,540.00"
4-Aug-03,"8,492.50"
5-Aug-03,"8,625.00"
6-Aug-03,"8,597.50"
7-Aug-03,"8,585.00"
8-Aug-03,"8,563.00"
11-Aug-03,"8,540.00"
12-Aug-03,"8,515.00"
13-Aug-03,"8,545.00"
14-Aug-03,"8,550.00"
15-Aug-03,"8,537.00"
18-Aug-03,"8,510.00"
19-Aug-03,"8,475.50"
20-Aug-03,"8,418.00"
21-Aug-03,"8,390.00"
22-Aug-03,"8,430.00"
25-Aug-03,"8,440.00"
26-Aug-03,"8,465.00"
27-Aug-03,"8,470.00"
28-Aug-03,"8,515.00"
29-Aug-03,"8,485.00"
1-Sep-03,"8,470.00"
2-Sep-03,"8,470.00"
3-Sep-03,"8,465.00"
4-Sep-03,"8,485.50"
5-Sep-03,"8,485.00"
8-Sep-03,"8,485.00"
9-Sep-03,"8,510.00"
10-Sep-03,"8,425.00"
11-Sep-03,"8,465.00"
12-Sep-03,"8,452.50"
15-Sep-03,"8,463.00"
16-Sep-03,"8,460.00"
17-Sep-03,"8,472.50"
18-Sep-03,"8,490.50"
19-Sep-03,"8,470.00"
22-Sep-03,"8,450.00"
23-Sep-03,"8,415.00"
24-Sep-03,"8,438.00"
25-Sep-03,"8,442.50"
26-Sep-03,"8,437.50"
29-Sep-03,"8,417.00"
30-Sep-03,"8,395.00"
1-Oct-03,"8,384.00"
2-Oct-03,"8,375.00"
3-Oct-03,"8,370.00"
6-Oct-03,"8,384.00"
7-Oct-03,"8,385.00"
8-Oct-03,"8,362.00"
9-Oct-03,"8,374.00"
10-Oct-03,"8,380.00"
13-Oct-03,"8,374.50"
14-Oct-03,"8,440.00"
15-Oct-03,"8,425.00"
16-Oct-03,"8,445.00"
17-Oct-03,"8,440.00"
20-Oct-03,"8,430.00"
21-Oct-03,"8,445.00"
22-Oct-03,"8,465.00"
23-Oct-03,"8,475.00"
24-Oct-03,"8,497.00"
27-Oct-03,"8,551.00"
28-Oct-03,"8,580.00"
29-Oct-03,"8,530.00"
30-Oct-03,"8,480.00"
31-Oct-03,"8,496.50"
3-Nov-03,"8,518.00"
4-Nov-03,"8,505.00"
5-Nov-03,"8,475.00"
6-Nov-03,"8,494.50"
7-Nov-03,"8,488.50"
10-Nov-03,"8,480.00"
11-Nov-03,"8,482.50"
12-Nov-03,"8,478.00"
13-Nov-03,"8,525.00"
14-Nov-03,"8,495.00"
17-Nov-03,"8,487.00"
18-Nov-03,"8,480.00"
19-Nov-03,"8,473.50"
20-Nov-03,"8,550.00"
21-Nov-03,"8,500.00"
24-Nov-03,"8,517.50"
25-Nov-03,"8,517.50"
26-Nov-03,"8,517.50"
27-Nov-03,"8,517.50"
28-Nov-03,"8,505.00"
1-Dec-03,"8,505.50"
2-Dec-03,"8,492.50"
3-Dec-03,"8,487.50"
4-Dec-03,"8,497.50"
5-Dec-03,"8,495.00"
8-Dec-03,"8,494.50"
9-Dec-03,"8,493.50"
10-Dec-03,"8,493.50"
11-Dec-03,"8,490.00"
12-Dec-03,"8,475.00"
15-Dec-03,"8,478.50"
16-Dec-03,"8,481.50"
17-Dec-03,"8,492.50"
18-Dec-03,"8,495.50"
19-Dec-03,"8,492.50"
22-Dec-03,"8,490.50"
23-Dec-03,"8,498.50"
24-Dec-03,"8,495.00"
25-Dec-03,"8,495.00"
26-Dec-03,"8,495.00"
29-Dec-03,"8,464.50"
30-Dec-03,"8,478.00"
31-Dec-03,"8,422.50"
2-Jan-04,"8,450.00"
5-Jan-04,"8,385.00"
6-Jan-04,"8,333.00"
7-Jan-04,"8,363.00"
8-Jan-04,"8,345.00"
9-Jan-04,"8,330.00"
12-Jan-04,"8,305.00"
13-Jan-04,"8,330.00"
14-Jan-04,"8,343.00"
15-Jan-04,"8,365.00"
16-Jan-04,"8,350.00"
19-Jan-04,"8,377.50"
20-Jan-04,"8,400.00"
21-Jan-04,"8,405.00"
22-Jan-04,"8,405.00"
23-Jan-04,"8,405.00"
26-Jan-04,"8,459.00"
27-Jan-04,"8,426.50"
28-Jan-04,"8,417.50"
29-Jan-04,"8,430.50"
30-Jan-04,"8,458.50"
2-Feb-04,"8,458.50"
3-Feb-04,"8,447.00"
4-Feb-04,"8,450.00"
5-Feb-04,"8,450.00"
6-Feb-04,"8,459.50"
9-Feb-04,"8,440.00"
10-Feb-04,"8,395.00"
11-Feb-04,"8,415.00"
12-Feb-04,"8,409.00"
13-Feb-04,"8,402.50"
16-Feb-04,"8,387.00"
17-Feb-04,"8,402.00"
18-Feb-04,"8,402.00"
19-Feb-04,"8,432.50"
20-Feb-04,"8,440.00"
23-Feb-04,"8,440.00"
24-Feb-04,"8,451.50"
25-Feb-04,"8,440.00"
26-Feb-04,"8,470.00"
27-Feb-04,"8,455.00"
1-Mar-04,"8,462.50"
2-Mar-04,"8,490.00"
3-Mar-04,"8,565.00"
4-Mar-04,"8,555.00"
5-Mar-04,"8,597.50"
8-Mar-04,"8,584.50"
9-Mar-04,"8,550.00"
10-Mar-04,"8,585.00"
11-Mar-04,"8,630.00"
12-Mar-04,"8,660.00"
15-Mar-04,"8,637.50"
16-Mar-04,"8,610.00"
17-Mar-04,"8,562.50"
18-Mar-04,"8,537.00"
19-Mar-04,"8,562.50"
22-Mar-04,"8,562.50"
23-Mar-04,"8,586.50"
24-Mar-04,"8,575.00"
25-Mar-04,"8,616.50"
26-Mar-04,"8,616.00"
29-Mar-04,"8,610.00"
30-Mar-04,"8,605.00"
31-Mar-04,"8,563.50"
1-Apr-04,"8,585.00"
2-Apr-04,"8,573.00"
5-Apr-04,"8,595.00"
6-Apr-04,"8,576.50"
7-Apr-04,"8,580.50"
8-Apr-04,"8,585.50"
9-Apr-04,"8,585.50"
12-Apr-04,"8,590.50"
13-Apr-04,"8,592.50"
14-Apr-04,"8,603.50"
15-Apr-04,"8,632.50"
16-Apr-04,"8,619.50"
19-Apr-04,"8,602.50"
20-Apr-04,"8,618.50"
21-Apr-04,"8,650.50"
22-Apr-04,"8,653.00"
23-Apr-04,"8,620.50"
26-Apr-04,"8,605.00"
27-Apr-04,"8,625.00"
28-Apr-04,"8,640.50"
29-Apr-04,"8,777.50"
30-Apr-04,"8,783.00"
3-May-04,"8,788.00"
4-May-04,"8,720.00"
5-May-04,"8,693.50"
6-May-04,"8,709.00"
7-May-04,"8,739.00"
10-May-04,"8,976.00"
11-May-04,"8,987.50"
12-May-04,"8,946.00"
13-May-04,"8,990.50"
14-May-04,"9,035.00"
17-May-04,"9,010.00"
18-May-04,"9,070.00"
19-May-04,"9,049.00"
20-May-04,"9,047.00"
21-May-04,"9,065.00"
24-May-04,"9,110.00"
25-May-04,"9,260.00"
26-May-04,"9,250.00"
27-May-04,"9,259.50"
28-May-04,"9,275.00"
31-May-04,"9,267.50"
1-Jun-04,"9,370.00"
2-Jun-04,"9,462.00"
3-Jun-04,"9,456.00"
4-Jun-04,"9,440.00"
7-Jun-04,"9,305.00"
8-Jun-04,"9,250.00"
9-Jun-04,"9,360.00"
10-Jun-04,"9,360.00"
11-Jun-04,"9,380.00"
14-Jun-04,"9,380.50"
15-Jun-04,"9,403.00"
16-Jun-04,"9,430.00"
17-Jun-04,"9,389.00"
18-Jun-04,"9,399.50"
21-Jun-04,"9,401.00"
22-Jun-04,"9,412.00"
23-Jun-04,"9,425.00"
24-Jun-04,"9,415.00"
25-Jun-04,"9,421.00"
28-Jun-04,"9,427.00"
29-Jun-04,"9,432.50"
30-Jun-04,"9,395.00"
1-Jul-04,"9,298.00"
2-Jul-04,"9,130.00"
5-Jul-04,"9,147.50"
6-Jul-04,"8,997.00"
7-Jul-04,"9,007.00"
8-Jul-04,"8,981.00"
9-Jul-04,"8,900.00"
12-Jul-04,"8,811.00"
13-Jul-04,"8,938.00"
14-Jul-04,"8,960.00"
15-Jul-04,"8,980.00"
16-Jul-04,"8,916.00"
19-Jul-04,"8,963.50"
20-Jul-04,"8,980.00"
21-Jul-04,"9,016.50"
22-Jul-04,"9,057.00"
23-Jul-04,"9,085.00"
26-Jul-04,"9,138.00"
27-Jul-04,"9,093.00"
28-Jul-04,"9,120.00"
29-Jul-04,"9,185.00"
30-Jul-04,"9,142.00"
2-Aug-04,"9,145.00"
3-Aug-04,"9,178.00"
4-Aug-04,"9,210.00"
5-Aug-04,"9,177.50"
6-Aug-04,"9,172.50"
9-Aug-04,"9,175.00"
10-Aug-04,"9,235.00"
11-Aug-04,"9,270.00"
12-Aug-04,"9,241.00"
13-Aug-04,"9,252.00"
16-Aug-04,"9,289.50"
17-Aug-04,"9,285.00"
18-Aug-04,"9,267.50"
19-Aug-04,"9,255.00"
20-Aug-04,"9,230.00"
23-Aug-04,"9,295.00"
24-Aug-04,"9,269.00"
25-Aug-04,"9,280.00"
26-Aug-04,"9,300.00"
27-Aug-04,"9,322.00"
30-Aug-04,"9,333.50"
31-Aug-04,"9,367.50"
1-Sep-04,"9,314.50"
2-Sep-04,"9,280.00"
3-Sep-04,"9,278.50"
6-Sep-04,"9,278.00"
7-Sep-04,"9,272.00"
8-Sep-04,"9,292.00"
9-Sep-04,"9,295.00"
10-Sep-04,"9,277.00"
13-Sep-04,"9,247.00"
14-Sep-04,"9,117.50"
15-Sep-04,"9,115.00"
16-Sep-04,"9,002.00"
17-Sep-04,"9,037.50"
20-Sep-04,"9,030.00"
21-Sep-04,"9,018.00"
22-Sep-04,"9,162.00"
23-Sep-04,"9,123.00"
24-Sep-04,"9,120.00"
27-Sep-04,"9,190.00"
28-Sep-04,"9,232.00"
29-Sep-04,"9,186.00"
30-Sep-04,"9,149.50"
1-Oct-04,"9,160.00"
4-Oct-04,"9,100.00"
5-Oct-04,"9,095.00"
6-Oct-04,"9,105.00"
7-Oct-04,"9,099.50"
8-Oct-04,"9,087.50"
11-Oct-04,"9,085.00"
12-Oct-04,"9,139.50"
13-Oct-04,"9,128.50"
14-Oct-04,"9,099.50"
15-Oct-04,"9,090.00"
18-Oct-04,"9,115.00"
19-Oct-04,"9,075.00"
20-Oct-04,"9,083.00"
21-Oct-04,"9,107.50"
22-Oct-04,"9,085.00"
25-Oct-04,"9,072.00"
26-Oct-04,"9,095.00"
27-Oct-04,"9,120.00"
28-Oct-04,"9,100.00"
29-Oct-04,"9,087.50"
1-Nov-04,"9,087.00"
2-Nov-04,"9,090.00"
3-Nov-04,"9,114.00"
4-Nov-04,"9,085.50"
5-Nov-04,"9,057.50"
8-Nov-04,"8,937.50"
9-Nov-04,"8,980.00"
10-Nov-04,"9,050.00"
11-Nov-04,"9,062.00"
12-Nov-04,"8,990.00"
15-Nov-04,"8,998.00"
16-Nov-04,"8,997.00"
17-Nov-04,"8,997.00"
18-Nov-04,"9,002.50"
19-Nov-04,"8,940.00"
22-Nov-04,"8,970.00"
23-Nov-04,"8,980.00"
24-Nov-04,"8,970.00"
25-Nov-04,"8,960.00"
26-Nov-04,"8,995.00"
29-Nov-04,"9,005.00"
30-Nov-04,"9,000.00"
1-Dec-04,"9,000.00"
2-Dec-04,"9,036.00"
3-Dec-04,"9,030.00"
6-Dec-04,"9,065.00"
7-Dec-04,"9,080.00"
8-Dec-04,"9,170.00"
9-Dec-04,"9,165.00"
10-Dec-04,"9,255.00"
13-Dec-04,"9,280.00"
14-Dec-04,"9,313.50"
15-Dec-04,"9,252.50"
16-Dec-04,"9,287.00"
17-Dec-04,"9,300.00"
20-Dec-04,"9,300.00"
21-Dec-04,"9,325.00"
22-Dec-04,"9,327.00"
23-Dec-04,"9,277.50"
24-Dec-04,"9,270.00"
27-Dec-04,"9,290.00"
28-Dec-04,"9,323.00"
29-Dec-04,"9,320.00"
30-Dec-04,"9,322.00"
31-Dec-04,"9,282.50"
3-Jan-05,"9,283.00"
4-Jan-05,"9,300.00"
5-Jan-05,"9,310.00"
6-Jan-05,"9,327.50"
7-Jan-05,"9,310.00"
10-Jan-05,"9,302.50"
11-Jan-05,"9,287.50"
12-Jan-05,"9,195.00"
13-Jan-05,"9,141.50"
14-Jan-05,"9,162.00"
17-Jan-05,"9,135.00"
18-Jan-05,"9,157.00"
19-Jan-05,"9,163.00"
20-Jan-05,"9,160.00"
21-Jan-05,"9,150.00"
24-Jan-05,"9,140.00"
25-Jan-05,"9,151.00"
26-Jan-05,"9,140.00"
27-Jan-05,"9,149.50"
28-Jan-05,"9,150.00"
31-Jan-05,"9,165.00"
1-Feb-05,"9,232.50"
2-Feb-05,"9,180.00"
3-Feb-05,"9,200.00"
4-Feb-05,"9,200.00"
7-Feb-05,"9,225.00"
8-Feb-05,"9,290.00"
9-Feb-05,"9,287.00"
10-Feb-05,"9,282.50"
11-Feb-05,"9,280.00"
14-Feb-05,"9,248.00"
15-Feb-05,"9,274.00"
16-Feb-05,"9,290.00"
17-Feb-05,"9,289.50"
18-Feb-05,"9,250.00"
21-Feb-05,"9,270.00"
22-Feb-05,"9,197.00"
23-Feb-05,"9,210.00"
24-Feb-05,"9,255.00"
25-Feb-05,"9,265.00"
28-Feb-05,"9,264.50"
1-Mar-05,"9,278.00"
2-Mar-05,"9,278.50"
3-Mar-05,"9,291.00"
4-Mar-05,"9,346.00"
7-Mar-05,"9,330.00"
8-Mar-05,"9,385.00"
9-Mar-05,"9,340.00"
10-Mar-05,"9,365.00"
11-Mar-05,"9,365.00"
14-Mar-05,"9,375.00"
15-Mar-05,"9,355.00"
16-Mar-05,"9,338.00"
17-Mar-05,"9,362.50"
18-Mar-05,"9,362.50"
21-Mar-05,"9,415.00"
22-Mar-05,"9,410.00"
23-Mar-05,"9,415.00"
24-Mar-05,"9,417.00"
25-Mar-05,"9,417.00"
28-Mar-05,"9,451.00"
29-Mar-05,"9,522.50"
30-Mar-05,"9,515.00"
31-Mar-05,"9,471.00"
1-Apr-05,"9,475.00"
4-Apr-05,"9,480.50"
5-Apr-05,"9,490.00"
6-Apr-05,"9,484.50"
7-Apr-05,"9,505.00"
8-Apr-05,"9,492.50"
11-Apr-05,"9,490.00"
12-Apr-05,"9,490.00"
13-Apr-05,"9,495.00"
14-Apr-05,"9,520.00"
15-Apr-05,"9,533.00"
18-Apr-05,"9,570.00"
19-Apr-05,"9,569.50"
20-Apr-05,"9,574.00"
21-Apr-05,"9,682.50"
22-Apr-05,"9,680.00"
25-Apr-05,"9,750.00"
26-Apr-05,"9,690.00"
27-Apr-05,"9,563.50"
28-Apr-05,"9,575.00"
29-Apr-05,"9,570.00"
2-May-05,"9,525.00"
3-May-05,"9,530.00"
4-May-05,"9,512.50"
5-May-05,"9,515.00"
6-May-05,"9,497.50"
9-May-05,"9,481.50"
10-May-05,"9,454.00"
11-May-05,"9,462.00"
12-May-05,"9,472.50"
13-May-05,"9,474.00"
16-May-05,"9,470.00"
17-May-05,"9,430.00"
18-May-05,"9,440.00"
19-May-05,"9,450.00"
20-May-05,"9,455.00"
23-May-05,"9,465.00"
24-May-05,"9,472.00"
25-May-05,"9,476.50"
26-May-05,"9,488.50"
27-May-05,"9,485.00"
30-May-05,"9,486.00"
31-May-05,"9,518.00"
1-Jun-05,"9,575.00"
2-Jun-05,"9,572.50"
3-Jun-05,"9,590.00"
6-Jun-05,"9,592.00"
7-Jun-05,"9,545.00"
8-Jun-05,"9,595.00"
9-Jun-05,"9,625.00"
10-Jun-05,"9,615.00"
13-Jun-05,"9,611.00"
14-Jun-05,"9,615.00"
15-Jun-05,"9,599.50"
16-Jun-05,"9,632.00"
17-Jun-05,"9,598.00"
20-Jun-05,"9,670.00"
21-Jun-05,"9,656.50"
22-Jun-05,"9,650.00"
23-Jun-05,"9,645.00"
24-Jun-05,"9,649.50"
27-Jun-05,"9,660.00"
28-Jun-05,"9,706.00"
29-Jun-05,"9,710.00"
30-Jun-05,"9,760.00"
1-Jul-05,"9,805.00"
4-Jul-05,"9,865.00"
5-Jul-05,"9,882.00"
6-Jul-05,"9,779.50"
7-Jul-05,"9,795.50"
8-Jul-05,"9,800.00"
11-Jul-05,"9,752.50"
12-Jul-05,"9,765.00"
13-Jul-05,"9,797.50"
14-Jul-05,"9,805.00"
15-Jul-05,"9,790.00"
18-Jul-05,"9,795.00"
19-Jul-05,"9,792.00"
20-Jul-05,"9,828.00"
21-Jul-05,"9,782.50"
22-Jul-05,"9,795.00"
25-Jul-05,"9,815.00"
26-Jul-05,"9,810.50"
27-Jul-05,"9,840.00"
28-Jul-05,"9,835.00"
29-Jul-05,"9,805.00"
1-Aug-05,"9,790.00"
2-Aug-05,"9,755.00"
3-Aug-05,"9,760.00"
4-Aug-05,"9,725.00"
5-Aug-05,"9,750.00"
8-Aug-05,"9,787.50"
9-Aug-05,"9,792.00"
10-Aug-05,"9,769.50"
11-Aug-05,"9,795.00"
12-Aug-05,"9,795.00"
15-Aug-05,"9,887.50"
16-Aug-05,"9,900.00"
17-Aug-05,"9,907.50"
18-Aug-05,"9,977.50"
19-Aug-05,"9,987.00"
22-Aug-05,"10,005.00"
23-Aug-05,"10,060.00"
24-Aug-05,"10,270.00"
25-Aug-05,"10,325.00"
26-Aug-05,"10,385.00"
29-Aug-05,"10,755.00"
30-Aug-05,"10,450.00"
31-Aug-05,"10,300.00"
1-Sep-05,"10,280.00"
2-Sep-05,"10,350.00"
5-Sep-05,"10,300.00"
6-Sep-05,"10,355.00"
7-Sep-05,"10,370.00"
8-Sep-05,"10,360.00"
9-Sep-05,"10,205.00"
12-Sep-05,"10,100.00"
13-Sep-05,"10,092.50"
14-Sep-05,"10,010.00"
15-Sep-05,"10,060.00"
16-Sep-05,"10,160.00"
19-Sep-05,"10,155.00"
20-Sep-05,"10,185.00"
21-Sep-05,"10,225.00"
22-Sep-05,"10,380.00"
23-Sep-05,"10,235.00"
26-Sep-05,"10,220.00"
27-Sep-05,"10,285.00"
28-Sep-05,"10,375.00"
29-Sep-05,"10,325.00"
30-Sep-05,"10,300.00"
3-Oct-05,"10,302.50"
4-Oct-05,"10,195.00"
5-Oct-05,"10,030.00"
6-Oct-05,"10,045.00"
7-Oct-05,"10,047.50"
10-Oct-05,"10,073.00"
11-Oct-05,"10,062.50"
12-Oct-05,"10,110.00"
13-Oct-05,"10,110.00"
14-Oct-05,"10,112.50"
17-Oct-05,"10,107.50"
18-Oct-05,"10,092.50"
19-Oct-05,"10,090.00"
20-Oct-05,"10,077.50"
21-Oct-05,"10,100.00"
24-Oct-05,"10,065.00"
25-Oct-05,"9,982.00"
26-Oct-05,"9,986.00"
27-Oct-05,"10,015.00"
28-Oct-05,"10,040.00"
31-Oct-05,"10,122.50"
1-Nov-05,"10,030.00"
2-Nov-05,"10,051.00"
3-Nov-05,"10,055.00"
4-Nov-05,"10,070.00"
7-Nov-05,"10,092.50"
8-Nov-05,"10,102.50"
9-Nov-05,"9,920.00"
10-Nov-05,"9,977.50"
11-Nov-05,"9,987.00"
14-Nov-05,"9,970.00"
15-Nov-05,"10,010.00"
16-Nov-05,"10,010.00"
17-Nov-05,"10,020.00"
18-Nov-05,"10,077.50"
21-Nov-05,"10,055.00"
22-Nov-05,"10,045.00"
23-Nov-05,"10,047.50"
24-Nov-05,"10,055.00"
25-Nov-05,"10,060.00"
28-Nov-05,"10,045.00"
29-Nov-05,"10,040.00"
30-Nov-05,"10,025.00"
1-Dec-05,"10,020.00"
2-Dec-05,"9,995.00"
5-Dec-05,"9,960.00"
6-Dec-05,"9,920.00"
7-Dec-05,"9,835.00"
8-Dec-05,"9,787.50"
9-Dec-05,"9,685.00"
12-Dec-05,"9,765.00"
13-Dec-05,"9,770.00"
14-Dec-05,"9,795.00"
15-Dec-05,"9,836.00"
16-Dec-05,"9,883.00"
19-Dec-05,"9,860.00"
20-Dec-05,"9,855.00"
21-Dec-05,"9,825.00"
22-Dec-05,"9,840.00"
23-Dec-05,"9,860.00"
26-Dec-05,"9,809.00"
27-Dec-05,"9,825.00"
28-Dec-05,"9,830.00"
29-Dec-05,"9,835.00"
30-Dec-05,"9,830.00"
2-Jan-06,"9,830.00"
3-Jan-06,"9,712.50"
4-Jan-06,"9,635.50"
5-Jan-06,"9,590.00"
6-Jan-06,"9,549.50"
9-Jan-06,"9,460.00"
10-Jan-06,"9,452.00"
11-Jan-06,"9,465.00"
12-Jan-06,"9,345.00"
13-Jan-06,"9,355.00"
16-Jan-06,"9,475.00"
17-Jan-06,"9,470.00"
18-Jan-06,"9,500.00"
19-Jan-06,"9,397.00"
20-Jan-06,"9,435.00"
23-Jan-06,"9,445.00"
24-Jan-06,"9,488.00"
25-Jan-06,"9,343.00"
26-Jan-06,"9,367.50"
27-Jan-06,"9,388.50"
30-Jan-06,"9,386.50"
31-Jan-06,"9,370.00"
1-Feb-06,"9,330.00"
2-Feb-06,"9,345.00"
3-Feb-06,"9,295.00"
6-Feb-06,"9,222.50"
7-Feb-06,"9,190.00"
8-Feb-06,"9,272.50"
9-Feb-06,"9,235.00"
10-Feb-06,"9,233.00"
13-Feb-06,"9,236.00"
14-Feb-06,"9,230.00"
15-Feb-06,"9,227.50"
16-Feb-06,"9,215.00"
17-Feb-06,"9,230.00"
20-Feb-06,"9,231.00"
21-Feb-06,"9,262.50"
22-Feb-06,"9,355.00"
23-Feb-06,"9,265.00"
24-Feb-06,"9,292.50"
27-Feb-06,"9,235.00"
28-Feb-06,"9,182.50"
1-Mar-06,"9,175.00"
2-Mar-06,"9,185.00"
3-Mar-06,"9,185.00"
6-Mar-06,"9,187.00"
7-Mar-06,"9,250.00"
8-Mar-06,"9,317.00"
9-Mar-06,"9,310.00"
10-Mar-06,"9,240.00"
13-Mar-06,"9,239.00"
14-Mar-06,"9,168.00"
15-Mar-06,"9,125.00"
16-Mar-06,"9,140.00"
17-Mar-06,"9,135.00"
20-Mar-06,"9,140.00"
21-Mar-06,"9,115.00"
22-Mar-06,"9,092.50"
23-Mar-06,"9,087.50"
24-Mar-06,"9,122.00"
27-Mar-06,"9,032.50"
28-Mar-06,"9,045.00"
29-Mar-06,"9,140.00"
30-Mar-06,"9,110.00"
31-Mar-06,"9,087.00"
3-Apr-06,"9,022.50"
4-Apr-06,"8,982.50"
5-Apr-06,"9,000.00"
6-Apr-06,"9,017.50"
7-Apr-06,"8,982.50"
10-Apr-06,"8,980.00"
11-Apr-06,"8,992.50"
12-Apr-06,"8,995.00"
13-Apr-06,"8,987.50"
14-Apr-06,"8,987.50"
17-Apr-06,"8,985.00"
18-Apr-06,"8,982.50"
19-Apr-06,"8,883.00"
20-Apr-06,"8,885.00"
21-Apr-06,"8,883.50"
24-Apr-06,"8,830.00"
25-Apr-06,"8,817.50"
26-Apr-06,"8,795.00"
27-Apr-06,"8,780.00"
28-Apr-06,"8,785.00"
1-May-06,"8,770.00"
2-May-06,"8,774.50"
3-May-06,"8,775.00"
4-May-06,"8,775.00"
5-May-06,"8,780.00"
8-May-06,"8,735.00"
9-May-06,"8,737.50"
10-May-06,"8,722.00"
11-May-06,"8,702.50"
12-May-06,"8,765.00"
15-May-06,"9,117.50"
16-May-06,"9,195.00"
17-May-06,"8,997.50"
18-May-06,"9,176.00"
19-May-06,"9,197.50"
22-May-06,"9,325.00"
23-May-06,"9,255.00"
24-May-06,"9,375.00"
25-May-06,"9,360.00"
26-May-06,"9,260.00"
29-May-06,"9,217.50"
30-May-06,"9,180.00"
31-May-06,"9,255.00"
1-Jun-06,"9,340.00"
2-Jun-06,"9,258.00"
5-Jun-06,"9,285.00"
6-Jun-06,"9,345.00"
7-Jun-06,"9,380.00"
8-Jun-06,"9,425.00"
9-Jun-06,"9,395.00"
12-Jun-06,"9,416.00"
13-Jun-06,"9,495.00"
14-Jun-06,"9,475.00"
15-Jun-06,"9,387.00"
16-Jun-06,"9,292.50"
19-Jun-06,"9,380.00"
20-Jun-06,"9,380.00"
21-Jun-06,"9,362.50"
22-Jun-06,"9,357.50"
23-Jun-06,"9,402.50"
26-Jun-06,"9,400.00"
27-Jun-06,"9,295.00"
28-Jun-06,"9,340.50"
29-Jun-06,"9,366.00"
30-Jun-06,"9,263.00"
3-Jul-06,"9,150.00"
4-Jul-06,"9,064.00"
5-Jul-06,"9,120.00"
6-Jul-06,"9,150.00"
7-Jul-06,"9,065.00"
10-Jul-06,"9,050.00"
11-Jul-06,"9,045.00"
12-Jul-06,"9,110.00"
13-Jul-06,"9,105.00"
14-Jul-06,"9,175.00"
17-Jul-06,"9,294.00"
18-Jul-06,"9,240.00"
19-Jul-06,"9,255.00"
20-Jul-06,"9,165.00"
21-Jul-06,"9,146.00"
24-Jul-06,"9,165.00"
25-Jul-06,"9,120.00"
26-Jul-06,"9,120.00"
27-Jul-06,"9,070.00"
28-Jul-06,"9,087.50"
31-Jul-06,"9,095.00"
1-Aug-06,"9,095.00"
2-Aug-06,"9,110.00"
3-Aug-06,"9,090.00"
4-Aug-06,"9,084.50"
7-Aug-06,"9,070.00"
8-Aug-06,"9,085.00"
9-Aug-06,"9,090.00"
10-Aug-06,"9,085.00"
11-Aug-06,"9,074.00"
14-Aug-06,"9,090.00"
15-Aug-06,"9,095.50"
16-Aug-06,"9,092.50"
17-Aug-06,"9,092.50"
18-Aug-06,"9,065.50"
21-Aug-06,"9,065.50"
22-Aug-06,"9,070.50"
23-Aug-06,"9,099.50"
24-Aug-06,"9,145.00"
25-Aug-06,"9,135.00"
28-Aug-06,"9,135.00"
29-Aug-06,"9,090.00"
30-Aug-06,"9,116.00"
31-Aug-06,"9,117.00"
1-Sep-06,"9,096.00"
4-Sep-06,"9,082.50"
5-Sep-06,"9,120.00"
6-Sep-06,"9,120.00"
7-Sep-06,"9,105.00"
8-Sep-06,"9,135.00"
11-Sep-06,"9,130.00"
12-Sep-06,"9,165.00"
13-Sep-06,"9,170.00"
14-Sep-06,"9,130.00"
15-Sep-06,"9,120.00"
18-Sep-06,"9,145.00"
19-Sep-06,"9,160.00"
20-Sep-06,"9,160.00"
21-Sep-06,"9,165.00"
22-Sep-06,"9,200.00"
25-Sep-06,"9,245.00"
26-Sep-06,"9,230.00"
27-Sep-06,"9,210.00"
28-Sep-06,"9,217.50"
29-Sep-06,"9,205.00"
2-Oct-06,"9,190.00"
3-Oct-06,"9,177.50"
4-Oct-06,"9,215.00"
5-Oct-06,"9,208.00"
6-Oct-06,"9,207.50"
9-Oct-06,"9,228.00"
10-Oct-06,"9,224.50"
11-Oct-06,"9,220.00"
12-Oct-06,"9,215.00"
13-Oct-06,"9,208.00"
16-Oct-06,"9,197.00"
17-Oct-06,"9,155.00"
18-Oct-06,"9,150.00"
19-Oct-06,"9,140.00"
20-Oct-06,"9,130.00"
23-Oct-06,"9,165.00"
24-Oct-06,"9,130.00"
25-Oct-06,"9,165.50"
26-Oct-06,"9,163.00"
27-Oct-06,"9,100.00"
30-Oct-06,"9,102.50"
31-Oct-06,"9,094.00"
1-Nov-06,"9,091.00"
2-Nov-06,"9,104.50"
3-Nov-06,"9,110.00"
6-Nov-06,"9,130.00"
7-Nov-06,"9,140.00"
8-Nov-06,"9,110.00"
9-Nov-06,"9,123.00"
10-Nov-06,"9,115.00"
13-Nov-06,"9,128.00"
14-Nov-06,"9,128.00"
15-Nov-06,"9,192.00"
16-Nov-06,"9,155.50"
17-Nov-06,"9,175.00"
20-Nov-06,"9,161.00"
21-Nov-06,"9,150.00"
22-Nov-06,"9,140.00"
23-Nov-06,"9,130.50"
24-Nov-06,"9,145.00"
27-Nov-06,"9,140.00"
28-Nov-06,"9,179.00"
29-Nov-06,"9,170.00"
30-Nov-06,"9,165.00"
1-Dec-06,"9,170.00"
4-Dec-06,"9,147.50"
5-Dec-06,"9,110.00"
6-Dec-06,"9,115.00"
7-Dec-06,"9,110.00"
8-Dec-06,"9,100.00"
11-Dec-06,"9,091.00"
12-Dec-06,"9,070.00"
13-Dec-06,"9,070.00"
14-Dec-06,"9,070.00"
15-Dec-06,"9,082.50"
18-Dec-06,"9,090.00"
19-Dec-06,"9,140.00"
20-Dec-06,"9,127.50"
21-Dec-06,"9,065.50"
22-Dec-06,"9,080.00"
25-Dec-06,"9,080.00"
26-Dec-06,"9,082.00"
27-Dec-06,"9,075.00"
28-Dec-06,"9,040.00"
29-Dec-06,"8,993.50"
1-Jan-07,"8,993.50"
2-Jan-07,"8,990.00"
3-Jan-07,"8,965.00"
4-Jan-07,"9,000.00"
5-Jan-07,"9,015.00"
8-Jan-07,"9,040.00"
9-Jan-07,"9,035.00"
10-Jan-07,"9,074.50"
11-Jan-07,"9,120.50"
12-Jan-07,"9,122.00"
15-Jan-07,"9,115.00"
16-Jan-07,"9,077.50"
17-Jan-07,"9,107.50"
18-Jan-07,"9,102.00"
19-Jan-07,"9,084.00"
22-Jan-07,"9,078.00"
23-Jan-07,"9,085.00"
24-Jan-07,"9,065.00"
25-Jan-07,"9,050.00"
26-Jan-07,"9,117.50"
29-Jan-07,"9,115.50"
30-Jan-07,"9,112.50"
31-Jan-07,"9,100.00"
1-Feb-07,"9,081.50"
2-Feb-07,"9,077.00"
5-Feb-07,"9,065.00"
6-Feb-07,"9,054.00"
7-Feb-07,"9,038.50"
8-Feb-07,"9,055.00"
9-Feb-07,"9,052.50"
12-Feb-07,"9,043.50"
13-Feb-07,"9,075.00"
14-Feb-07,"9,075.00"
15-Feb-07,"9,037.00"
16-Feb-07,"9,050.00"
19-Feb-07,"9,074.00"
20-Feb-07,"9,062.50"
21-Feb-07,"9,069.00"
22-Feb-07,"9,081.00"
23-Feb-07,"9,079.50"
26-Feb-07,"9,067.50"
27-Feb-07,"9,092.50"
28-Feb-07,"9,131.50"
1-Mar-07,"9,152.50"
2-Mar-07,"9,167.50"
5-Mar-07,"9,255.00"
6-Mar-07,"9,220.00"
7-Mar-07,"9,210.00"
8-Mar-07,"9,175.00"
9-Mar-07,"9,176.00"
12-Mar-07,"9,172.50"
13-Mar-07,"9,215.00"
14-Mar-07,"9,219.50"
15-Mar-07,"9,225.00"
16-Mar-07,"9,225.00"
19-Mar-07,"9,235.00"
20-Mar-07,"9,155.00"
21-Mar-07,"9,135.00"
22-Mar-07,"9,106.50"
23-Mar-07,"9,110.00"
26-Mar-07,"9,105.00"
27-Mar-07,"9,120.50"
28-Mar-07,"9,150.00"
29-Mar-07,"9,126.00"
30-Mar-07,"9,120.00"
2-Apr-07,"9,125.00"
3-Apr-07,"9,095.00"
4-Apr-07,"9,126.00"
5-Apr-07,"9,100.00"
6-Apr-07,"9,100.00"
9-Apr-07,"9,095.00"
10-Apr-07,"9,105.00"
11-Apr-07,"9,085.00"
12-Apr-07,"9,113.00"
13-Apr-07,"9,095.00"
16-Apr-07,"9,097.50"
17-Apr-07,"9,090.00"
18-Apr-07,"9,091.00"
19-Apr-07,"9,102.50"
20-Apr-07,"9,096.00"
23-Apr-07,"9,093.00"
24-Apr-07,"9,088.00"
25-Apr-07,"9,090.00"
26-Apr-07,"9,070.00"
27-Apr-07,"9,077.50"
30-Apr-07,"9,088.00"
1-May-07,"9,078.00"
2-May-07,"9,075.00"
3-May-07,"9,026.50"
4-May-07,"8,953.00"
7-May-07,"8,860.00"
8-May-07,"8,889.50"
9-May-07,"8,815.00"
10-May-07,"8,765.00"
11-May-07,"8,870.00"
14-May-07,"8,800.00"
15-May-07,"8,805.00"
16-May-07,"8,795.00"
17-May-07,"8,795.00"
18-May-07,"8,820.00"
21-May-07,"8,756.00"
22-May-07,"8,679.00"
23-May-07,"8,710.00"
24-May-07,"8,740.00"
25-May-07,"8,750.00"
28-May-07,"8,743.00"
29-May-07,"8,815.00"
30-May-07,"8,840.00"
31-May-07,"8,827.00"
1-Jun-07,"8,827.00"
4-Jun-07,"8,775.00"
5-Jun-07,"8,795.00"
6-Jun-07,"8,905.00"
7-Jun-07,"8,875.00"
8-Jun-07,"9,105.00"
11-Jun-07,"9,075.00"
12-Jun-07,"8,980.00"
13-Jun-07,"9,083.00"
14-Jun-07,"9,070.00"
15-Jun-07,"9,045.00"
18-Jun-07,"8,900.00"
19-Jun-07,"8,925.00"
20-Jun-07,"8,945.00"
21-Jun-07,"9,015.00"
22-Jun-07,"9,005.00"
25-Jun-07,"9,035.00"
26-Jun-07,"9,082.00"
27-Jun-07,"9,133.00"
28-Jun-07,"9,077.00"
29-Jun-07,"9,035.00"
2-Jul-07,"9,015.00"
3-Jul-07,"9,010.00"
4-Jul-07,"9,007.50"
5-Jul-07,"9,010.00"
6-Jul-07,"9,045.00"
9-Jul-07,"9,020.00"
10-Jul-07,"8,995.00"
11-Jul-07,"9,033.00"
12-Jul-07,"9,060.00"
13-Jul-07,"9,021.00"
16-Jul-07,"9,045.00"
17-Jul-07,"9,055.00"
18-Jul-07,"9,100.00"
19-Jul-07,"9,090.00"
20-Jul-07,"9,057.50"
23-Jul-07,"9,075.00"
24-Jul-07,"9,042.50"
25-Jul-07,"9,105.00"
26-Jul-07,"9,138.00"
27-Jul-07,"9,195.00"
30-Jul-07,"9,210.00"
31-Jul-07,"9,225.00"
1-Aug-07,"9,305.00"
2-Aug-07,"9,300.00"
3-Aug-07,"9,273.00"
6-Aug-07,"9,300.00"
7-Aug-07,"9,335.00"
8-Aug-07,"9,294.50"
9-Aug-07,"9,330.00"
10-Aug-07,"9,347.50"
13-Aug-07,"9,342.50"
14-Aug-07,"9,355.00"
15-Aug-07,"9,426.00"
16-Aug-07,"9,475.00"
17-Aug-07,"9,430.00"
20-Aug-07,"9,390.00"
21-Aug-07,"9,440.00"
22-Aug-07,"9,395.00"
23-Aug-07,"9,353.00"
24-Aug-07,"9,405.00"
27-Aug-07,"9,380.00"
28-Aug-07,"9,395.00"
29-Aug-07,"9,415.00"
30-Aug-07,"9,420.00"
31-Aug-07,"9,390.00"
3-Sep-07,"9,389.00"
4-Sep-07,"9,405.00"
5-Sep-07,"9,400.00"
6-Sep-07,"9,397.50"
7-Sep-07,"9,395.00"
10-Sep-07,"9,415.00"
11-Sep-07,"9,440.00"
12-Sep-07,"9,407.50"
13-Sep-07,"9,402.50"
14-Sep-07,"9,380.00"
17-Sep-07,"9,387.00"
18-Sep-07,"9,377.50"
19-Sep-07,"9,225.00"
20-Sep-07,"9,160.00"
21-Sep-07,"9,165.00"
24-Sep-07,"9,125.00"
25-Sep-07,"9,167.50"
26-Sep-07,"9,161.00"
27-Sep-07,"9,140.00"
28-Sep-07,"9,145.00"
1-Oct-07,"9,085.00"
2-Oct-07,"9,090.50"
3-Oct-07,"9,124.00"
4-Oct-07,"9,125.00"
5-Oct-07,"9,090.00"
8-Oct-07,"9,070.00"
9-Oct-07,"9,075.00"
10-Oct-07,"9,065.00"
11-Oct-07,"9,060.00"
12-Oct-07,"9,065.00"
15-Oct-07,"9,070.00"
16-Oct-07,"9,075.00"
17-Oct-07,"9,095.00"
18-Oct-07,"9,092.50"
19-Oct-07,"9,090.00"
22-Oct-07,"9,135.00"
23-Oct-07,"9,140.00"
24-Oct-07,"9,182.50"
25-Oct-07,"9,155.00"
26-Oct-07,"9,122.50"
29-Oct-07,"9,095.00"
30-Oct-07,"9,105.00"
31-Oct-07,"9,097.50"
1-Nov-07,"9,102.50"
2-Nov-07,"9,132.50"
5-Nov-07,"9,160.00"
6-Nov-07,"9,117.50"
7-Nov-07,"9,120.00"
8-Nov-07,"9,134.50"
9-Nov-07,"9,127.50"
12-Nov-07,"9,170.00"
13-Nov-07,"9,185.00"
14-Nov-07,"9,220.00"
15-Nov-07,"9,312.00"
16-Nov-07,"9,320.00"
19-Nov-07,"9,330.00"
20-Nov-07,"9,350.00"
21-Nov-07,"9,405.00"
22-Nov-07,"9,380.50"
23-Nov-07,"9,362.50"
26-Nov-07,"9,357.50"
27-Nov-07,"9,400.00"
28-Nov-07,"9,417.50"
29-Nov-07,"9,380.00"
30-Nov-07,"9,370.00"
3-Dec-07,"9,330.00"
4-Dec-07,"9,295.00"
5-Dec-07,"9,265.00"
6-Dec-07,"9,262.50"
7-Dec-07,"9,272.00"
10-Dec-07,"9,275.00"
11-Dec-07,"9,270.00"
12-Dec-07,"9,300.50"
13-Dec-07,"9,310.00"
14-Dec-07,"9,327.50"
17-Dec-07,"9,415.00"
18-Dec-07,"9,395.00"
19-Dec-07,"9,430.00"
20-Dec-07,"9,430.00"
21-Dec-07,"9,427.50"
24-Dec-07,"9,405.00"
25-Dec-07,"9,405.00"
26-Dec-07,"9,405.00"
27-Dec-07,"9,417.50"
28-Dec-07,"9,395.00"
31-Dec-07,"9,392.50"
1-Jan-08,"9,392.50"
2-Jan-08,"9,380.00"
3-Jan-08,"9,417.00"
4-Jan-08,"9,430.00"
7-Jan-08,"9,441.00"
8-Jan-08,"9,450.50"
9-Jan-08,"9,437.50"
10-Jan-08,"9,390.00"
11-Jan-08,"9,437.00"
14-Jan-08,"9,430.00"
15-Jan-08,"9,435.00"
16-Jan-08,"9,427.50"
17-Jan-08,"9,437.00"
18-Jan-08,"9,447.50"
21-Jan-08,"9,460.00"
22-Jan-08,"9,455.00"
23-Jan-08,"9,392.50"
24-Jan-08,"9,376.50"
25-Jan-08,"9,330.00"
28-Jan-08,"9,350.00"
29-Jan-08,"9,323.00"
30-Jan-08,"9,287.50"
31-Jan-08,"9,246.50"
1-Feb-08,"9,209.50"
4-Feb-08,"9,225.00"
5-Feb-08,"9,212.50"
6-Feb-08,"9,242.00"
7-Feb-08,"9,240.00"
8-Feb-08,"9,237.50"
11-Feb-08,"9,272.50"
12-Feb-08,"9,265.00"
13-Feb-08,"9,270.00"
14-Feb-08,"9,212.50"
15-Feb-08,"9,170.00"
18-Feb-08,"9,161.00"
19-Feb-08,"9,160.00"
20-Feb-08,"9,190.00"
21-Feb-08,"9,165.00"
22-Feb-08,"9,172.00"
25-Feb-08,"9,130.00"
26-Feb-08,"9,082.50"
27-Feb-08,"9,053.00"
28-Feb-08,"9,075.00"
29-Feb-08,"9,065.00"
3-Mar-08,"9,110.00"
4-Mar-08,"9,115.00"
5-Mar-08,"9,089.00"
6-Mar-08,"9,060.00"
7-Mar-08,"9,060.00"
10-Mar-08,"9,180.00"
11-Mar-08,"9,187.00"
12-Mar-08,"9,160.00"
13-Mar-08,"9,215.00"
14-Mar-08,"9,235.00"
17-Mar-08,"9,265.00"
18-Mar-08,"9,215.00"
19-Mar-08,"9,185.00"
20-Mar-08,"9,190.00"
21-Mar-08,"9,185.00"
24-Mar-08,"9,200.00"
25-Mar-08,"9,197.00"
26-Mar-08,"9,180.00"
27-Mar-08,"9,200.00"
28-Mar-08,"9,205.00"
31-Mar-08,"9,215.00"
1-Apr-08,"9,223.00"
2-Apr-08,"9,222.50"
3-Apr-08,"9,215.00"
4-Apr-08,"9,200.00"
7-Apr-08,"9,195.00"
8-Apr-08,"9,200.00"
9-Apr-08,"9,210.00"
10-Apr-08,"9,192.50"
11-Apr-08,"9,183.00"
14-Apr-08,"9,190.00"
15-Apr-08,"9,195.00"
16-Apr-08,"9,191.00"
17-Apr-08,"9,195.00"
18-Apr-08,"9,185.00"
21-Apr-08,"9,190.00"
22-Apr-08,"9,185.00"
23-Apr-08,"9,210.00"
24-Apr-08,"9,220.00"
25-Apr-08,"9,224.00"
28-Apr-08,"9,215.00"
29-Apr-08,"9,230.00"
30-Apr-08,"9,222.00"
1-May-08,"9,230.00"
2-May-08,"9,225.00"
5-May-08,"9,213.00"
6-May-08,"9,210.00"
7-May-08,"9,225.00"
8-May-08,"9,265.00"
9-May-08,"9,240.00"
12-May-08,"9,244.00"
13-May-08,"9,242.00"
14-May-08,"9,295.00"
15-May-08,"9,290.00"
16-May-08,"9,285.00"
19-May-08,"9,280.00"
20-May-08,"9,260.00"
21-May-08,"9,292.00"
22-May-08,"9,310.00"
23-May-08,"9,313.00"
26-May-08,"9,350.00"
27-May-08,"9,325.00"
28-May-08,"9,300.00"
29-May-08,"9,310.00"
30-May-08,"9,315.00"
2-Jun-08,"9,305.00"
3-Jun-08,"9,310.00"
4-Jun-08,"9,315.50"
5-Jun-08,"9,305.00"
6-Jun-08,"9,310.00"
9-Jun-08,"9,315.00"
10-Jun-08,"9,318.50"
11-Jun-08,"9,305.00"
12-Jun-08,"9,325.00"
13-Jun-08,"9,310.00"
16-Jun-08,"9,315.00"
17-Jun-08,"9,303.00"
18-Jun-08,"9,285.00"
19-Jun-08,"9,287.00"
20-Jun-08,"9,260.00"
23-Jun-08,"9,273.00"
24-Jun-08,"9,263.00"
25-Jun-08,"9,255.00"
26-Jun-08,"9,195.00"
27-Jun-08,"9,215.00"
30-Jun-08,"9,220.00"
1-Jul-08,"9,218.00"
2-Jul-08,"9,215.00"
3-Jul-08,"9,210.00"
4-Jul-08,"9,212.00"
7-Jul-08,"9,210.50"
8-Jul-08,"9,205.00"
9-Jul-08,"9,173.00"
10-Jul-08,"9,159.00"
11-Jul-08,"9,158.00"
14-Jul-08,"9,151.50"
15-Jul-08,"9,140.00"
16-Jul-08,"9,141.00"
17-Jul-08,"9,148.00"
18-Jul-08,"9,150.00"
21-Jul-08,"9,152.00"
22-Jul-08,"9,148.00"
23-Jul-08,"9,142.00"
24-Jul-08,"9,132.00"
25-Jul-08,"9,122.00"
28-Jul-08,"9,118.50"
29-Jul-08,"9,123.00"
30-Jul-08,"9,120.00"
31-Jul-08,"9,095.00"
1-Aug-08,"9,096.00"
4-Aug-08,"9,087.00"
5-Aug-08,"9,078.00"
6-Aug-08,"9,072.50"
7-Aug-08,"9,100.00"
8-Aug-08,"9,170.00"
11-Aug-08,"9,175.00"
12-Aug-08,"9,170.00"
13-Aug-08,"9,180.00"
14-Aug-08,"9,180.50"
15-Aug-08,"9,190.00"
18-Aug-08,"9,165.00"
19-Aug-08,"9,188.00"
20-Aug-08,"9,160.00"
21-Aug-08,"9,151.00"
22-Aug-08,"9,140.00"
25-Aug-08,"9,160.00"
26-Aug-08,"9,175.00"
27-Aug-08,"9,160.00"
28-Aug-08,"9,145.00"
29-Aug-08,"9,150.00"
1-Sep-08,"9,160.00"
2-Sep-08,"9,210.00"
3-Sep-08,"9,207.00"
4-Sep-08,"9,211.00"
5-Sep-08,"9,375.00"
8-Sep-08,"9,299.00"
9-Sep-08,"9,320.00"
10-Sep-08,"9,330.00"
11-Sep-08,"9,425.00"
12-Sep-08,"9,430.00"
15-Sep-08,"9,450.00"
16-Sep-08,"9,455.00"
17-Sep-08,"9,400.00"
18-Sep-08,"9,405.00"
19-Sep-08,"9,375.00"
22-Sep-08,"9,290.00"
23-Sep-08,"9,325.00"
24-Sep-08,"9,335.00"
25-Sep-08,"9,372.50"
26-Sep-08,"9,385.00"
29-Sep-08,"9,430.00"
30-Sep-08,"9,415.00"
1-Oct-08,"9,430.00"
2-Oct-08,"9,430.00"
3-Oct-08,"9,430.00"
6-Oct-08,"9,570.00"
7-Oct-08,"9,565.00"
8-Oct-08,"9,600.00"
9-Oct-08,"9,595.00"
10-Oct-08,"9,867.50"
13-Oct-08,"9,820.00"
14-Oct-08,"9,745.00"
15-Oct-08,"9,780.00"
16-Oct-08,"9,865.00"
17-Oct-08,"9,802.50"
20-Oct-08,"9,815.00"
21-Oct-08,"9,830.00"
22-Oct-08,"9,900.00"
23-Oct-08,"9,945.00"
24-Oct-08,"10,007.50"
27-Oct-08,"10,799.50"
28-Oct-08,"10,800.00"
29-Oct-08,"10,780.00"
30-Oct-08,"10,675.00"
31-Oct-08,"10,900.00"
3-Nov-08,"10,950.00"
4-Nov-08,"10,900.00"
5-Nov-08,"10,900.00"
6-Nov-08,"10,897.50"
7-Nov-08,"10,900.00"
10-Nov-08,"10,925.00"
11-Nov-08,"11,150.00"
12-Nov-08,"11,550.00"
13-Nov-08,"11,625.00"
14-Nov-08,"11,575.00"
17-Nov-08,"11,750.00"
18-Nov-08,"11,850.00"
19-Nov-08,"11,900.00"
20-Nov-08,"12,050.00"
21-Nov-08,"12,050.00"
24-Nov-08,"12,100.00"
25-Nov-08,"12,150.00"
26-Nov-08,"12,075.00"
27-Nov-08,"12,012.50"
28-Nov-08,"12,025.00"
1-Dec-08,"12,200.00"
2-Dec-08,"12,050.00"
3-Dec-08,"11,950.00"
4-Dec-08,"11,825.00"
5-Dec-08,"11,650.00"
8-Dec-08,"11,650.00"
9-Dec-08,"10,920.00"
10-Dec-08,"10,912.50"
11-Dec-08,"11,000.00"
12-Dec-08,"11,050.00"
15-Dec-08,"11,075.00"
16-Dec-08,"11,050.00"
17-Dec-08,"10,987.50"
18-Dec-08,"10,960.00"
19-Dec-08,"10,950.00"
22-Dec-08,"11,030.00"
23-Dec-08,"11,075.00"
24-Dec-08,"10,950.00"
25-Dec-08,"10,950.00"
26-Dec-08,"11,100.00"
29-Dec-08,"11,100.00"
30-Dec-08,"10,950.00"
31-Dec-08,"10,900.00"
1-Jan-09,"10,900.00"
2-Jan-09,"10,900.00"
5-Jan-09,"10,925.00"
6-Jan-09,"10,950.00"
7-Jan-09,"10,750.00"
8-Jan-09,"10,950.00"
9-Jan-09,"10,900.00"
12-Jan-09,"11,062.50"
13-Jan-09,"11,125.00"
14-Jan-09,"11,100.00"
15-Jan-09,"11,125.00"
16-Jan-09,"11,120.00"
19-Jan-09,"11,137.50"
20-Jan-09,"11,150.00"
21-Jan-09,"11,200.00"
22-Jan-09,"11,225.00"
23-Jan-09,"11,170.00"
26-Jan-09,"11,170.00"
27-Jan-09,"11,300.00"
28-Jan-09,"11,310.00"
29-Jan-09,"11,315.00"
30-Jan-09,"11,380.00"
2-Feb-09,"11,775.00"
3-Feb-09,"11,675.00"
4-Feb-09,"11,745.00"
5-Feb-09,"11,675.00"
6-Feb-09,"11,680.00"
9-Feb-09,"11,675.00"
10-Feb-09,"11,710.00"
11-Feb-09,"11,760.00"
12-Feb-09,"11,780.00"
13-Feb-09,"11,770.00"
16-Feb-09,"11,825.00"
17-Feb-09,"11,900.00"
18-Feb-09,"11,920.00"
19-Feb-09,"11,970.00"
20-Feb-09,"11,960.00"
23-Feb-09,"11,910.00"
24-Feb-09,"11,930.00"
25-Feb-09,"11,945.00"
26-Feb-09,"11,975.00"
27-Feb-09,"11,980.00"
2-Mar-09,"11,992.50"
3-Mar-09,"11,995.00"
4-Mar-09,"12,020.00"
5-Mar-09,"12,020.00"
6-Mar-09,"12,010.00"
9-Mar-09,"12,010.00"
10-Mar-09,"11,980.00"
11-Mar-09,"11,977.50"
12-Mar-09,"11,985.00"
13-Mar-09,"11,980.00"
16-Mar-09,"11,955.00"
17-Mar-09,"11,965.00"
18-Mar-09,"11,970.00"
19-Mar-09,"11,895.00"
20-Mar-09,"11,755.00"
23-Mar-09,"11,565.00"
24-Mar-09,"11,465.00"
25-Mar-09,"11,530.00"
26-Mar-09,"11,530.00"
27-Mar-09,"11,485.00"
30-Mar-09,"11,555.00"
31-Mar-09,"11,555.00"
1-Apr-09,"11,565.00"
2-Apr-09,"11,490.00"
3-Apr-09,"11,465.00"
6-Apr-09,"11,280.00"
7-Apr-09,"11,320.00"
8-Apr-09,"11,320.00"
9-Apr-09,"11,320.00"
10-Apr-09,"11,320.00"
13-Apr-09,"11,110.00"
14-Apr-09,"10,920.00"
15-Apr-09,"10,895.00"
16-Apr-09,"10,725.00"
17-Apr-09,"10,705.00"
20-Apr-09,"10,720.00"
21-Apr-09,"10,825.00"
22-Apr-09,"10,855.00"
23-Apr-09,"10,885.00"
24-Apr-09,"10,790.00"
27-Apr-09,"10,820.00"
28-Apr-09,"10,835.00"
29-Apr-09,"10,825.00"
30-Apr-09,"10,585.00"
1-May-09,"10,610.00"
4-May-09,"10,500.00"
5-May-09,"10,410.00"
6-May-09,"10,435.00"
7-May-09,"10,370.00"
8-May-09,"10,375.00"
11-May-09,"10,330.00"
12-May-09,"10,340.00"
13-May-09,"10,340.00"
14-May-09,"10,375.00"
15-May-09,"10,400.00"
18-May-09,"10,405.00"
19-May-09,"10,320.00"
20-May-09,"10,345.00"
21-May-09,"10,345.00"
22-May-09,"10,270.00"
25-May-09,"10,285.00"
26-May-09,"10,335.00"
27-May-09,"10,310.00"
28-May-09,"10,325.00"
29-May-09,"10,290.00"
1-Jun-09,"10,235.00"
2-Jun-09,"10,260.00"
3-Jun-09,"10,115.00"
4-Jun-09,"10,080.00"
5-Jun-09,"9,940.00"
8-Jun-09,"10,025.00"
9-Jun-09,"10,060.00"
10-Jun-09,"10,022.50"
11-Jun-09,"10,090.00"
12-Jun-09,"10,065.00"
15-Jun-09,"10,120.00"
16-Jun-09,"10,180.00"
17-Jun-09,"10,215.00"
18-Jun-09,"10,280.00"
19-Jun-09,"10,310.00"
22-Jun-09,"10,345.00"
23-Jun-09,"10,365.00"
24-Jun-09,"10,350.00"
25-Jun-09,"10,260.00"
26-Jun-09,"10,230.00"
29-Jun-09,"10,235.00"
30-Jun-09,"10,207.50"
1-Jul-09,"10,190.00"
2-Jul-09,"10,185.00"
3-Jul-09,"10,190.00"
6-Jul-09,"10,212.50"
7-Jul-09,"10,200.00"
8-Jul-09,"10,200.00"
9-Jul-09,"10,142.50"
10-Jul-09,"10,142.50"
13-Jul-09,"10,200.00"
14-Jul-09,"10,185.00"
15-Jul-09,"10,122.00"
16-Jul-09,"10,095.00"
17-Jul-09,"10,155.00"
20-Jul-09,"10,155.00"
21-Jul-09,"10,050.00"
22-Jul-09,"10,070.00"
23-Jul-09,"10,033.00"
24-Jul-09,"9,990.00"
27-Jul-09,"9,965.00"
28-Jul-09,"9,925.00"
29-Jul-09,"9,955.00"
30-Jul-09,"9,990.00"
31-Jul-09,"9,925.00"
3-Aug-09,"9,900.00"
4-Aug-09,"9,865.00"
5-Aug-09,"9,880.00"
6-Aug-09,"9,885.00"
7-Aug-09,"9,900.00"
10-Aug-09,"9,905.00"
11-Aug-09,"9,920.00"
12-Aug-09,"9,955.00"
13-Aug-09,"9,927.50"
14-Aug-09,"9,930.00"
17-Aug-09,"9,930.00"
18-Aug-09,"9,970.00"
19-Aug-09,"10,070.00"
20-Aug-09,"10,035.00"
21-Aug-09,"10,015.00"
24-Aug-09,"9,995.00"
25-Aug-09,"10,000.00"
26-Aug-09,"10,025.00"
27-Aug-09,"10,065.00"
28-Aug-09,"10,050.00"
31-Aug-09,"10,080.00"
1-Sep-09,"10,075.00"
2-Sep-09,"10,185.00"
3-Sep-09,"10,110.00"
4-Sep-09,"10,115.00"
7-Sep-09,"10,060.00"
8-Sep-09,"9,990.00"
9-Sep-09,"9,925.00"
10-Sep-09,"9,932.50"
11-Sep-09,"9,915.00"
14-Sep-09,"9,940.00"
15-Sep-09,"9,892.50"
16-Sep-09,"9,690.00"
17-Sep-09,"9,695.00"
18-Sep-09,"9,700.00"
21-Sep-09,"9,705.00"
22-Sep-09,"9,700.00"
23-Sep-09,"9,700.00"
24-Sep-09,"9,652.50"
25-Sep-09,"9,655.00"
28-Sep-09,"9,705.00"
29-Sep-09,"9,692.50"
30-Sep-09,"9,645.00"
1-Oct-09,"9,625.00"
2-Oct-09,"9,640.00"
5-Oct-09,"9,552.00"
6-Oct-09,"9,444.00"
7-Oct-09,"9,425.00"
8-Oct-09,"9,440.00"
9-Oct-09,"9,455.00"
12-Oct-09,"9,475.00"
13-Oct-09,"9,450.00"
14-Oct-09,"9,370.00"
15-Oct-09,"9,335.00"
16-Oct-09,"9,395.00"
19-Oct-09,"9,400.00"
20-Oct-09,"9,395.00"
21-Oct-09,"9,420.00"
22-Oct-09,"9,490.00"
23-Oct-09,"9,430.00"
26-Oct-09,"9,485.00"
27-Oct-09,"9,535.00"
28-Oct-09,"9,610.00"
29-Oct-09,"9,590.00"
30-Oct-09,"9,550.00"
2-Nov-09,"9,560.00"
3-Nov-09,"9,575.00"
4-Nov-09,"9,510.00"
5-Nov-09,"9,510.00"
6-Nov-09,"9,460.00"
9-Nov-09,"9,410.00"
10-Nov-09,"9,415.00"
11-Nov-09,"9,390.00"
12-Nov-09,"9,410.00"
13-Nov-09,"9,375.00"
16-Nov-09,"9,390.00"
17-Nov-09,"9,385.00"
18-Nov-09,"9,395.00"
19-Nov-09,"9,540.00"
20-Nov-09,"9,465.00"
23-Nov-09,"9,455.00"
24-Nov-09,"9,480.00"
25-Nov-09,"9,390.00"
26-Nov-09,"9,415.00"
27-Nov-09,"9,415.00"
30-Nov-09,"9,455.00"
1-Dec-09,"9,445.00"
2-Dec-09,"9,435.00"
3-Dec-09,"9,418.00"
4-Dec-09,"9,415.00"
7-Dec-09,"9,435.00"
8-Dec-09,"9,440.00"
9-Dec-09,"9,430.00"
10-Dec-09,"9,437.00"
11-Dec-09,"9,440.00"
14-Dec-09,"9,450.00"
15-Dec-09,"9,450.00"
16-Dec-09,"9,465.00"
17-Dec-09,"9,475.00"
18-Dec-09,"9,475.00"
21-Dec-09,"9,500.00"
22-Dec-09,"9,490.00"
23-Dec-09,"9,500.00"
24-Dec-09,"9,475.00"
25-Dec-09,"9,475.00"
28-Dec-09,"9,440.00"
29-Dec-09,"9,434.50"
30-Dec-09,"9,435.00"
31-Dec-09,"9,425.00"
1-Jan-10,"9,425.00"
4-Jan-10,"9,345.00"
5-Jan-10,"9,320.00"
6-Jan-10,"9,245.00"
7-Jan-10,"9,240.00"
8-Jan-10,"9,215.00"
11-Jan-10,"9,152.50"
12-Jan-10,"9,175.00"
13-Jan-10,"9,185.00"
14-Jan-10,"9,165.00"
15-Jan-10,"9,190.00"
18-Jan-10,"9,225.00"
19-Jan-10,"9,230.00"
20-Jan-10,"9,295.00"
21-Jan-10,"9,285.00"
22-Jan-10,"9,315.00"
25-Jan-10,"9,320.00"
26-Jan-10,"9,380.00"
27-Jan-10,"9,400.00"
28-Jan-10,"9,325.00"
29-Jan-10,"9,350.00"
,
,
,
,
,
,
,
,
,
,
,
,
,
,
,
,
,
,
,
,
,
,
,
,
,
,
,
,
,
,
,
,
,
,
,
,
,
,
,
,
,
,
,
,
,
,
,
,
,
,
,
,
,
,
,
,
,
,
,
,
,
,
,
,
,
,
,
,
,
,
,
,
,
,
,
,
,
,
,
,
,
,
,
,
,
,
,
,
,
,
,
,
,
,
,
,
,
,
,
,
,
,
,
,
,
,
,
,
,
,
,
,
,
,
,
,
,
,
,
,
,
,
,
,
,
,
,
,
,
,
,
,
,
,
,
,
,
,
,
,
,
,
,
,
,
,
,
,
,
,
,
,
,
,
,
,
,
,
,
,
,
,
,
,
,
,
,
,
,
,
,
,
,
,
,
,
,
,
,
,
,
,
,
,
,
,
,
,
,
,
,
,
,
,
,
,
,
,
,
,
,
,
,
,
,
,
,
,
,
,
,
,
,
,
,
,
,
,
,
,
,
,
,
,
,
,
,
,
,
,
,
,
,
,
,
,
,
,
,
