1-Jul-14,650.8
2-Jul-14,647.9
3-Jul-14,643.6
4-Jul-14,632.2
5-Jul-14,630
6-Jul-14,633.3
7-Jul-14,624
8-Jul-14,618.5
9-Jul-14,620.2
10-Jul-14,610
11-Jul-14,625.5
12-Jul-14,626
13-Jul-14,624
14-Jul-14,622.4
15-Jul-14,620.9
16-Jul-14,621
17-Jul-14,627.6
18-Jul-14,627.5
19-Jul-14,625.3
20-Jul-14,618.9
21-Jul-14,619.8
22-Jul-14,612.6
23-Jul-14,617.2
24-Jul-14,600.3
25-Jul-14,598
26-Jul-14,594
27-Jul-14,590.5
28-Jul-14,586.4
29-Jul-14,575
30-Jul-14,551
31-Jul-14,579
1-Aug-14,594.9
2-Aug-14,587.8
3-Aug-14,582.1
4-Aug-14,581.1
5-Aug-14,575
6-Aug-14,577.5
7-Aug-14,582.3
8-Aug-14,586.4
9-Aug-14,583.3
10-Aug-14,580
11-Aug-14,572.5
12-Aug-14,566
13-Aug-14,549
14-Aug-14,510
15-Aug-14,506.2
16-Aug-14,527.2
17-Aug-14,501.3
18-Aug-14,478.2
19-Aug-14,490.3
20-Aug-14,517
21-Aug-14,515.9
22-Aug-14,515.6
23-Aug-14,500.1
24-Aug-14,507.3
25-Aug-14,502.5
26-Aug-14,508.4
27-Aug-14,511
28-Aug-14,507.8
29-Aug-14,507.5
30-Aug-14,499
31-Aug-14,483.4
1-Sep-14,485.8
2-Sep-14,476.8
3-Sep-14,474
4-Sep-14,489.2
5-Sep-14,477.6
6-Sep-14,481.3
7-Sep-14,479.7
8-Sep-14,470.4
9-Sep-14,472.7
10-Sep-14,477.3
11-Sep-14,477.1
12-Sep-14,471.8
13-Sep-14,478.1
14-Sep-14,476.5
15-Sep-14,469.9
16-Sep-14,465.1
17-Sep-14,456.8
18-Sep-14,427.2
19-Sep-14,395.3
20-Sep-14,411.6
21-Sep-14,400.7
22-Sep-14,397.7
23-Sep-14,429.1
24-Sep-14,420.4
25-Sep-14,409.1
26-Sep-14,403
27-Sep-14,397.3
28-Sep-14,374.7
29-Sep-14,369.6
30-Sep-14,387.1
1-Oct-14,383
2-Oct-14,371.7
3-Oct-14,357.7
4-Oct-14,328.7
5-Oct-14,322.5
6-Oct-14,323.8
7-Oct-14,331
8-Oct-14,350
9-Oct-14,363.5
10-Oct-14,359.5
11-Oct-14,361.3
12-Oct-14,372
13-Oct-14,383.4
14-Oct-14,397.9
15-Oct-14,393.5
16-Oct-14,379.3
17-Oct-14,380.3
18-Oct-14,390
19-Oct-14,386.3
20-Oct-14,381
21-Oct-14,382.8
22-Oct-14,380
23-Oct-14,356
24-Oct-14,356.1
25-Oct-14,347.4
26-Oct-14,350
27-Oct-14,350.6
28-Oct-14,353.1
29-Oct-14,333.2
30-Oct-14,343.9
31-Oct-14,337
1-Nov-14,327.2
2-Nov-14,322.5
3-Nov-14,323.6
4-Nov-14,326.9
5-Nov-14,337.5
6-Nov-14,348.5
7-Nov-14,341.5
8-Nov-14,345
9-Nov-14,360
10-Nov-14,368
11-Nov-14,367
12-Nov-14,417.9
13-Nov-14,419.4
14-Nov-14,399.1
15-Nov-14,376.5
16-Nov-14,388.2
17-Nov-14,387.6
18-Nov-14,370
19-Nov-14,379.2
20-Nov-14,355.9
21-Nov-14,349.3
22-Nov-14,346.4
23-Nov-14,360.6
24-Nov-14,373.2
25-Nov-14,375.8
26-Nov-14,367.9
27-Nov-14,369.6
28-Nov-14,375.6
29-Nov-14,374.5
30-Nov-14,376.7
1-Dec-14,377.6
2-Dec-14,382
3-Dec-14,375.7
4-Dec-14,370.3
5-Dec-14,378.4
6-Dec-14,372.8
7-Dec-14,374.4
8-Dec-14,363.3
9-Dec-14,353.9
10-Dec-14,346.9
11-Dec-14,350
12-Dec-14,352.8
13-Dec-14,350.9
14-Dec-14,352.7
15-Dec-14,347.2
16-Dec-14,330.6
17-Dec-14,318.2
18-Dec-14,308.3
19-Dec-14,315.7
20-Dec-14,329.1
21-Dec-14,317.2
22-Dec-14,329
23-Dec-14,332.9
24-Dec-14,322.8
25-Dec-14,319
26-Dec-14,328.5
27-Dec-14,315.9
28-Dec-14,317.5
29-Dec-14,311.9
30-Dec-14,308.8
31-Dec-14,317
1-Jan-15,313.9
2-Jan-15,315.1
3-Jan-15,282
4-Jan-15,258.8
5-Jan-15,273.2
6-Jan-15,285.4
7-Jan-15,297
8-Jan-15,285.6
9-Jan-15,292.8
10-Jan-15,275
11-Jan-15,266.2
12-Jan-15,267.6
13-Jan-15,229.8
14-Jan-15,183.2
15-Jan-15,217.7
16-Jan-15,206.7
17-Jan-15,201.2
18-Jan-15,209.9
19-Jan-15,213.2
20-Jan-15,210.9
21-Jan-15,224.7
22-Jan-15,232.4
23-Jan-15,238
24-Jan-15,251
25-Jan-15,261.6
26-Jan-15,273.4
27-Jan-15,265.7
28-Jan-15,239.6
29-Jan-15,232.8
30-Jan-15,226.8
31-Jan-15,217.4
1-Feb-15,226.2
2-Feb-15,237.7
3-Feb-15,228.2
4-Feb-15,225.2
5-Feb-15,218.1
6-Feb-15,222.1
7-Feb-15,227
8-Feb-15,221.9
9-Feb-15,220.2
10-Feb-15,220.5
11-Feb-15,219.6
12-Feb-15,222.4
13-Feb-15,234.4
14-Feb-15,257.2
15-Feb-15,232
16-Feb-15,234
17-Feb-15,243.1
18-Feb-15,235.3
19-Feb-15,242.1
20-Feb-15,244.2
21-Feb-15,246
22-Feb-15,236.7
23-Feb-15,239.1
24-Feb-15,239.3
25-Feb-15,237.6
26-Feb-15,236.7
27-Feb-15,253.9
28-Feb-15,253.6
1-Mar-15,260.8
2-Mar-15,274.4
3-Mar-15,281.6
4-Mar-15,280
5-Mar-15,275.9
6-Mar-15,273.5
7-Mar-15,274.2
8-Mar-15,274.3
9-Mar-15,290.1
10-Mar-15,290
11-Mar-15,296.4
12-Mar-15,293.8
13-Mar-15,283.1
14-Mar-15,282
15-Mar-15,285.8
16-Mar-15,291.1
17-Mar-15,284.9
18-Mar-15,258.4
19-Mar-15,264
20-Mar-15,262.4
21-Mar-15,260.3
22-Mar-15,267.7
23-Mar-15,266.4
24-Mar-15,245.5
25-Mar-15,244.5
26-Mar-15,249.3
27-Mar-15,247.5
28-Mar-15,251.9
29-Mar-15,242
30-Mar-15,246.4
31-Mar-15,244.1
1-Apr-15,247.5
2-Apr-15,250.5
3-Apr-15,254
4-Apr-15,253.9
5-Apr-15,259.6
6-Apr-15,254.6
7-Apr-15,253.4
8-Apr-15,245.7
9-Apr-15,242.4
10-Apr-15,235
11-Apr-15,236.3
12-Apr-15,236.3
13-Apr-15,226.1
14-Apr-15,220.5
15-Apr-15,222.9
16-Apr-15,227.8
17-Apr-15,223.9
18-Apr-15,223.5
19-Apr-15,223.6
20-Apr-15,224.6
21-Apr-15,235.4
22-Apr-15,233.9
23-Apr-15,236.2
24-Apr-15,230.8
25-Apr-15,226.9
26-Apr-15,220.3
27-Apr-15,226.7
28-Apr-15,226
29-Apr-15,225.4
30-Apr-15,236
1-May-15,232.6
2-May-15,235.6
3-May-15,240.4
4-May-15,238
5-May-15,235.7
6-May-15,229.1
7-May-15,235.8
8-May-15,243.8
9-May-15,242
10-May-15,239.8
11-May-15,241.3
12-May-15,240.5
13-May-15,237
14-May-15,236.5
15-May-15,237.2
16-May-15,235.6
17-May-15,235.8
18-May-15,231.6
19-May-15,231
20-May-15,233.6
21-May-15,234.8
22-May-15,238.7
23-May-15,237.3
24-May-15,239.5
25-May-15,235.3
26-May-15,236.2
27-May-15,236.4
28-May-15,236.1
29-May-15,235.6
30-May-15,231.8
31-May-15,228.4
1-Jun-15,221
2-Jun-15,224.4
3-Jun-15,225
4-Jun-15,222.9
5-Jun-15,223.9
6-Jun-15,224.5
7-Jun-15,222.3
8-Jun-15,228
9-Jun-15,229.4
10-Jun-15,228.5
11-Jun-15,228.9
12-Jun-15,229.4
13-Jun-15,232
14-Jun-15,232.4
15-Jun-15,236.1
16-Jun-15,250.8
17-Jun-15,248.6
18-Jun-15,249.1
19-Jun-15,244.5
20-Jun-15,245.1
21-Jun-15,243.3
22-Jun-15,246.5
23-Jun-15,243.7
24-Jun-15,239.6
25-Jun-15,241.3
26-Jun-15,242.5
27-Jun-15,250.3
28-Jun-15,247.8
29-Jun-15,256.5
30-Jun-15,262.5
1-Jul-15,257.8
2-Jul-15,254.7
3-Jul-15,255.5
4-Jul-15,260.5
5-Jul-15,269
6-Jul-15,268.8
7-Jul-15,265.6
8-Jul-15,270
9-Jul-15,269.6
10-Jul-15,284.8
11-Jul-15,291
12-Jul-15,309.2
13-Jul-15,290.9
14-Jul-15,287.9
15-Jul-15,287
16-Jul-15,278.4
17-Jul-15,278.4
18-Jul-15,275.2
19-Jul-15,273.6
20-Jul-15,279
21-Jul-15,275.3
22-Jul-15,276.7
23-Jul-15,276.2
24-Jul-15,288.3
25-Jul-15,287.9
26-Jul-15,291.4
27-Jul-15,293.4
28-Jul-15,295.3
29-Jul-15,290.2
30-Jul-15,288.3
31-Jul-15,284.5
1-Aug-15,280.2
2-Aug-15,281.7
3-Aug-15,281.2
4-Aug-15,285.1
5-Aug-15,281.6
6-Aug-15,278.5
7-Aug-15,279.6
8-Aug-15,261.5
9-Aug-15,266
10-Aug-15,264.8
11-Aug-15,271
12-Aug-15,267.3
13-Aug-15,264.1
14-Aug-15,265.5
15-Aug-15,261.5
16-Aug-15,257.9
17-Aug-15,257.3
18-Aug-15,210
19-Aug-15,226.5
20-Aug-15,235.5
21-Aug-15,232.9
22-Aug-15,230.6
23-Aug-15,229.1
24-Aug-15,210.6
25-Aug-15,222.3
26-Aug-15,226.1
27-Aug-15,224.8
28-Aug-15,231.2
29-Aug-15,229.9
30-Aug-15,229
31-Aug-15,229.9
1-Sep-15,227.4
2-Sep-15,229.4
3-Sep-15,226.9
4-Sep-15,230.7
5-Sep-15,234.1
6-Sep-15,239.8
7-Sep-15,240.1
8-Sep-15,243.8
9-Sep-15,238.4
10-Sep-15,238.9
11-Sep-15,240
12-Sep-15,235
13-Sep-15,230.4
14-Sep-15,230.4
15-Sep-15,230.1
16-Sep-15,229
17-Sep-15,232.7
18-Sep-15,232.8
19-Sep-15,231
20-Sep-15,230.6
21-Sep-15,226.7
22-Sep-15,230.9
23-Sep-15,230.1
24-Sep-15,234.5
25-Sep-15,235.4
26-Sep-15,234.3
27-Sep-15,232.7
28-Sep-15,239.6
29-Sep-15,236.8
30-Sep-15,236.4
1-Oct-15,237.8
2-Oct-15,237.8
3-Oct-15,239.4
4-Oct-15,238.9
5-Oct-15,240.5
6-Oct-15,246.5
7-Oct-15,243.5
8-Oct-15,243.1
9-Oct-15,244.6
10-Oct-15,245.6
11-Oct-15,247.7
12-Oct-15,246.1
13-Oct-15,250.4
14-Oct-15,252.7
15-Oct-15,254.6
16-Oct-15,263
17-Oct-15,272.1
18-Oct-15,262.5
19-Oct-15,265
20-Oct-15,270.8
21-Oct-15,268
22-Oct-15,275.1
23-Oct-15,278.6
24-Oct-15,283
25-Oct-15,284
26-Oct-15,286.6
27-Oct-15,294.7
28-Oct-15,304.5
29-Oct-15,314.3
30-Oct-15,328.9
31-Oct-15,312.8
1-Nov-15,328.8
2-Nov-15,363
3-Nov-15,404.4
4-Nov-15,408.2
5-Nov-15,385.9
6-Nov-15,375.1
7-Nov-15,384.7
8-Nov-15,373.6
9-Nov-15,378.1
10-Nov-15,337.6
11-Nov-15,311
12-Nov-15,336.5
13-Nov-15,337.4
14-Nov-15,333
15-Nov-15,319.9
16-Nov-15,331.2
17-Nov-15,335.5
18-Nov-15,334.5
19-Nov-15,326.3
20-Nov-15,322.2
21-Nov-15,326.2
22-Nov-15,323.8
23-Nov-15,323.2
24-Nov-15,320.3
25-Nov-15,329.3
26-Nov-15,352.8
27-Nov-15,357.7
28-Nov-15,357.1
29-Nov-15,371.5
30-Nov-15,376.6
1-Dec-15,363.3
2-Dec-15,358.6
3-Dec-15,361.4
4-Dec-15,363.5
5-Dec-15,387.3
6-Dec-15,388.5
7-Dec-15,395.1
8-Dec-15,418.9
9-Dec-15,417.5
10-Dec-15,415
11-Dec-15,452.9
12-Dec-15,436
13-Dec-15,431.9
14-Dec-15,444.1
15-Dec-15,465.6
16-Dec-15,456.1
17-Dec-15,456.2
18-Dec-15,463.4
19-Dec-15,461.7
20-Dec-15,443
21-Dec-15,437.9
22-Dec-15,435.1
23-Dec-15,442.2
24-Dec-15,455.7
25-Dec-15,455.5
26-Dec-15,418.1
27-Dec-15,421.9
28-Dec-15,421.1
29-Dec-15,432.4
30-Dec-15,425.6
31-Dec-15,429.9
1-Jan-16,433.6
2-Jan-16,433.8
3-Jan-16,430
4-Jan-16,432.9
5-Jan-16,432.3
6-Jan-16,429.2
7-Jan-16,458.5
8-Jan-16,453.1
9-Jan-16,448.8
10-Jan-16,448.1
11-Jan-16,449
12-Jan-16,434.2
13-Jan-16,432.3
14-Jan-16,430.5
15-Jan-16,360.4
16-Jan-16,386.8
17-Jan-16,381
18-Jan-16,386.1
19-Jan-16,378.9
20-Jan-16,417.4
21-Jan-16,410.3
22-Jan-16,381.6
23-Jan-16,386
24-Jan-16,402.2
25-Jan-16,390.8
26-Jan-16,392.2
27-Jan-16,394.6
28-Jan-16,380
29-Jan-16,379.1
30-Jan-16,377.1
31-Jan-16,367
1-Feb-16,371
2-Feb-16,373.2
3-Feb-16,369.2
4-Feb-16,387.7
5-Feb-16,385
6-Feb-16,374.4
7-Feb-16,374.5
8-Feb-16,371.2
9-Feb-16,371.6
10-Feb-16,377.9
11-Feb-16,373.1
12-Feb-16,382.8
13-Feb-16,390
14-Feb-16,405.6
15-Feb-16,399
16-Feb-16,407.2
17-Feb-16,414.6
18-Feb-16,420.8
19-Feb-16,419.9
20-Feb-16,434.3
21-Feb-16,437.7
22-Feb-16,437.4
23-Feb-16,419.7
24-Feb-16,422
25-Feb-16,421.5
26-Feb-16,429.8
27-Feb-16,430.5
28-Feb-16,431
29-Feb-16,435.4
1-Mar-16,432.9
2-Mar-16,421.1
3-Mar-16,419.5
4-Mar-16,407.4
5-Mar-16,396.5
6-Mar-16,402.7
7-Mar-16,412.4
8-Mar-16,412.2
9-Mar-16,412
10-Mar-16,416.2
11-Mar-16,419.7
12-Mar-16,410.9
13-Mar-16,412.1
14-Mar-16,414.8
15-Mar-16,415.6
16-Mar-16,415.7
17-Mar-16,418.5
18-Mar-16,408.9
19-Mar-16,409.6
20-Mar-16,411.2
21-Mar-16,411.4
22-Mar-16,416.8
23-Mar-16,416.9
24-Mar-16,414.5
25-Mar-16,415.4
26-Mar-16,416.6
27-Mar-16,424.7
28-Mar-16,422.4
29-Mar-16,415.3
30-Mar-16,413.3
31-Mar-16,415.8
1-Apr-16,417
2-Apr-16,419.4
3-Apr-16,418
4-Apr-16,419.1
5-Apr-16,422.9
6-Apr-16,421.8
7-Apr-16,421.6
8-Apr-16,419.9
9-Apr-16,418.8
10-Apr-16,421
11-Apr-16,423.3
12-Apr-16,425.5
13-Apr-16,424.1
14-Apr-16,424.6
15-Apr-16,428.7
16-Apr-16,429.3
17-Apr-16,426.4
18-Apr-16,428.4
19-Apr-16,436.1
20-Apr-16,440.8
21-Apr-16,450.9
22-Apr-16,448
23-Apr-16,450
24-Apr-16,457
25-Apr-16,463
26-Apr-16,467.9
27-Apr-16,445
28-Apr-16,448.5
29-Apr-16,456.2
30-Apr-16,449.9
1-May-16,452.4
2-May-16,444.8
3-May-16,451
4-May-16,447.4
5-May-16,448.5
6-May-16,460.9
7-May-16,458.8
8-May-16,459.3
9-May-16,460.8
10-May-16,451.1
11-May-16,451.5
12-May-16,454.5
13-May-16,454.4
14-May-16,454.8
15-May-16,456.2
16-May-16,452.8
17-May-16,452.9
18-May-16,453.1
19-May-16,436.9
20-May-16,443
21-May-16,442.9
22-May-16,438.4
23-May-16,443.5
24-May-16,445
25-May-16,448.9
26-May-16,453.5
27-May-16,473.3
28-May-16,520.8
29-May-16,519.3
30-May-16,531.6
31-May-16,531.6
1-Jun-16,536
2-Jun-16,538.4
3-Jun-16,569.7
4-Jun-16,573.7
5-Jun-16,574.5
6-Jun-16,584.2
7-Jun-16,577.3
8-Jun-16,576.2
9-Jun-16,577.2
10-Jun-16,578
11-Jun-16,613.6
12-Jun-16,670.6
13-Jun-16,706.3
14-Jun-16,685.7
15-Jun-16,696
16-Jun-16,767.2
17-Jun-16,749.4
18-Jun-16,753.7
19-Jun-16,760
20-Jun-16,724.5
21-Jun-16,665.7
22-Jun-16,606.3
23-Jun-16,622.8
24-Jun-16,665.9
25-Jun-16,664.8
26-Jun-16,630.6
27-Jun-16,658.1
28-Jun-16,646.3
29-Jun-16,640.1
30-Jun-16,672
1-Jul-16,677.5
2-Jul-16,701.4
3-Jul-16,659.7
4-Jul-16,682.1
5-Jul-16,668.2
6-Jul-16,676.2
7-Jul-16,639.5
8-Jul-16,664.6
9-Jul-16,651.1
10-Jul-16,650.1
11-Jul-16,650.9
12-Jul-16,663.8
13-Jul-16,654.5
14-Jul-16,660.1
15-Jul-16,663.7
16-Jul-16,663
17-Jul-16,675
18-Jul-16,673.4
19-Jul-16,674.7
20-Jul-16,667.2
21-Jul-16,665.7
22-Jul-16,651.3
23-Jul-16,656
24-Jul-16,661.8
25-Jul-16,654.8
26-Jul-16,653.9
27-Jul-16,655.5
28-Jul-16,655.6
29-Jul-16,656.8
30-Jul-16,654.7
31-Jul-16,635
1-Aug-16,606.4
2-Aug-16,540.5
3-Aug-16,566.8
4-Aug-16,581.2
5-Aug-16,576
6-Aug-16,589.6
7-Aug-16,594.9
8-Aug-16,593.3
9-Aug-16,584.8
10-Aug-16,593.6
11-Aug-16,587.5
12-Aug-16,586.9
13-Aug-16,586.5
14-Aug-16,572.8
15-Aug-16,568.1
16-Aug-16,577.2
17-Aug-16,573.9
18-Aug-16,574.1
19-Aug-16,574.3
20-Aug-16,581.3
21-Aug-16,580.6
22-Aug-16,585.1
23-Aug-16,581.8
24-Aug-16,578.9
25-Aug-16,576.2
26-Aug-16,578.3
27-Aug-16,569.3
28-Aug-16,573.5
29-Aug-16,572.8
30-Aug-16,576.3
31-Aug-16,572.9
1-Sep-16,572.2
2-Sep-16,573.4
3-Sep-16,595.6
4-Sep-16,606.6
5-Sep-16,606.3
6-Sep-16,612.6
7-Sep-16,615.6
8-Sep-16,624.2
9-Sep-16,622.3
10-Sep-16,622.5
11-Sep-16,606.4
12-Sep-16,607.2
13-Sep-16,607.6
14-Sep-16,609.5
15-Sep-16,606.2
16-Sep-16,606.8
17-Sep-16,605.8
18-Sep-16,608.7
19-Sep-16,608.8
20-Sep-16,602.6
21-Sep-16,595.9
22-Sep-16,594.8
23-Sep-16,601.7
24-Sep-16,601.5
25-Sep-16,600.1
26-Sep-16,607.3
27-Sep-16,604.6
28-Sep-16,604.3
29-Sep-16,605.7
30-Sep-16,609.3
1-Oct-16,614.3
2-Oct-16,611.1
3-Oct-16,613.3
4-Oct-16,610.2
5-Oct-16,612.1
6-Oct-16,612
7-Oct-16,618
8-Oct-16,618.3
9-Oct-16,615.5
10-Oct-16,617.8
11-Oct-16,640.4
12-Oct-16,637
13-Oct-16,635.6
14-Oct-16,639.7
15-Oct-16,639.5
16-Oct-16,640.9
17-Oct-16,636.8
18-Oct-16,636.1
19-Oct-16,629.5
20-Oct-16,630.8
21-Oct-16,631.6
22-Oct-16,650
23-Oct-16,646.4
24-Oct-16,647.8
25-Oct-16,653.5
26-Oct-16,673
27-Oct-16,685.5
28-Oct-16,689.7
29-Oct-16,715.7
30-Oct-16,695
31-Oct-16,698
1-Nov-16,730.1
2-Nov-16,743
3-Nov-16,688.8
4-Nov-16,704
5-Nov-16,706.1
6-Nov-16,714
7-Nov-16,705.1
8-Nov-16,710.5
9-Nov-16,721.8
10-Nov-16,713.9
11-Nov-16,716
12-Nov-16,704.4
13-Nov-16,704.4
14-Nov-16,706.8
15-Nov-16,712.4
16-Nov-16,743.4
17-Nov-16,735.3
18-Nov-16,750.1
19-Nov-16,751.2
20-Nov-16,729.1
21-Nov-16,738
22-Nov-16,747.9
23-Nov-16,742.6
24-Nov-16,738.5
25-Nov-16,740.3
26-Nov-16,734.8
27-Nov-16,728.9
28-Nov-16,733.1
29-Nov-16,732
30-Nov-16,742
1-Dec-16,753.8
2-Dec-16,771.3
3-Dec-16,765.4
4-Dec-16,767
5-Dec-16,751
6-Dec-16,759.5
7-Dec-16,764.5
8-Dec-16,766.7
9-Dec-16,770.1
10-Dec-16,771.9
11-Dec-16,767.2
12-Dec-16,777.1
13-Dec-16,775
14-Dec-16,775.9
15-Dec-16,775
16-Dec-16,781.2
17-Dec-16,788.8
18-Dec-16,787.9
19-Dec-16,789.2
20-Dec-16,798.1
21-Dec-16,830.7
22-Dec-16,859
23-Dec-16,914.3
24-Dec-16,892.4
25-Dec-16,898
26-Dec-16,906.2
27-Dec-16,932
28-Dec-16,979.2
29-Dec-16,972
30-Dec-16,963.4
31-Dec-16,968.6
1-Jan-17,997.6
2-Jan-17,"1,019.20"
3-Jan-17,"1,031.70"
4-Jan-17,"1,135.20"
5-Jan-17,"1,002.90"
6-Jan-17,895.5
7-Jan-17,902
8-Jan-17,915.6
9-Jan-17,899.6
10-Jan-17,905.6
11-Jan-17,779.4
12-Jan-17,806.9
13-Jan-17,829
14-Jan-17,822
15-Jan-17,825
16-Jan-17,834.2
17-Jan-17,905.8
18-Jan-17,888
19-Jan-17,901.3
20-Jan-17,894.3
21-Jan-17,923.6
22-Jan-17,920.2
23-Jan-17,913.7
24-Jan-17,886.2
25-Jan-17,893.8
26-Jan-17,915
27-Jan-17,919.6
28-Jan-17,920
29-Jan-17,915.2
30-Jan-17,921.3
31-Jan-17,970.4
1-Feb-17,987.5
2-Feb-17,"1,007.00"
3-Feb-17,"1,017.70"
4-Feb-17,"1,032.20"
5-Feb-17,"1,012.70"
6-Feb-17,"1,024.30"
7-Feb-17,"1,052.20"
8-Feb-17,"1,053.90"
9-Feb-17,990.8
10-Feb-17,997.8
11-Feb-17,"1,011.30"
12-Feb-17,"1,001.90"
13-Feb-17,"1,000.50"
14-Feb-17,"1,012.40"
15-Feb-17,"1,012.90"
16-Feb-17,"1,034.40"
17-Feb-17,"1,057.10"
18-Feb-17,"1,061.10"
19-Feb-17,"1,054.30"
20-Feb-17,"1,087.00"
21-Feb-17,"1,125.70"
22-Feb-17,"1,126.70"
23-Feb-17,"1,178.20"
24-Feb-17,"1,184.50"
25-Feb-17,"1,152.20"
26-Feb-17,"1,181.30"
27-Feb-17,"1,195.20"
28-Feb-17,"1,191.20"
1-Mar-17,"1,226.20"
2-Mar-17,"1,260.90"
3-Mar-17,"1,291.40"
4-Mar-17,"1,269.40"
5-Mar-17,"1,283.00"
6-Mar-17,"1,282.00"
7-Mar-17,"1,231.60"
8-Mar-17,"1,151.80"
9-Mar-17,"1,192.90"
10-Mar-17,"1,115.00"
11-Mar-17,"1,182.50"
12-Mar-17,"1,231.10"
13-Mar-17,"1,246.20"
14-Mar-17,"1,245.30"
15-Mar-17,"1,259.30"
16-Mar-17,"1,175.90"
17-Mar-17,"1,070.20"
18-Mar-17,966.9
19-Mar-17,"1,015.80"
20-Mar-17,"1,040.20"
21-Mar-17,"1,113.20"
22-Mar-17,"1,037.10"
23-Mar-17,"1,029.00"
24-Mar-17,934.5
25-Mar-17,963
26-Mar-17,933.9
27-Mar-17,"1,040.10"
28-Mar-17,"1,044.50"
29-Mar-17,"1,039.60"
30-Mar-17,"1,038.30"
31-Mar-17,"1,079.20"
1-Apr-17,"1,089.50"
2-Apr-17,"1,102.30"
3-Apr-17,"1,147.10"
4-Apr-17,"1,142.50"
5-Apr-17,"1,134.10"
6-Apr-17,"1,190.80"
7-Apr-17,"1,192.10"
8-Apr-17,"1,183.60"
9-Apr-17,"1,208.20"
10-Apr-17,"1,213.40"
11-Apr-17,"1,224.50"
12-Apr-17,"1,215.80"
13-Apr-17,"1,178.30"
14-Apr-17,"1,176.00"
15-Apr-17,"1,178.80"
16-Apr-17,"1,179.00"
17-Apr-17,"1,195.00"
18-Apr-17,"1,201.30"
19-Apr-17,"1,209.40"
20-Apr-17,"1,233.70"
21-Apr-17,"1,246.00"
22-Apr-17,"1,239.60"
23-Apr-17,"1,245.00"
24-Apr-17,"1,253.90"
25-Apr-17,"1,277.80"
26-Apr-17,"1,292.50"
27-Apr-17,"1,338.00"
28-Apr-17,"1,343.80"
29-Apr-17,"1,350.00"
30-Apr-17,"1,362.40"
1-May-17,"1,418.90"
2-May-17,"1,460.10"
3-May-17,"1,513.70"
4-May-17,"1,548.50"
5-May-17,"1,551.90"
6-May-17,"1,578.50"
7-May-17,"1,589.60"
8-May-17,"1,644.80"
9-May-17,"1,718.20"
10-May-17,"1,785.10"
11-May-17,"1,831.50"
12-May-17,"1,695.80"
13-May-17,"1,782.10"
14-May-17,"1,794.00"
15-May-17,"1,735.90"
16-May-17,"1,777.00"
17-May-17,"1,802.90"
18-May-17,"1,886.70"
19-May-17,"1,964.20"
20-May-17,"2,000.00"
21-May-17,"1,999.60"
22-May-17,"2,104.90"
23-May-17,"2,257.10"
24-May-17,"2,398.90"
25-May-17,"2,332.00"
26-May-17,"2,263.20"
27-May-17,"2,085.80"
28-May-17,"2,227.60"
29-May-17,"2,305.00"
30-May-17,"2,203.60"
31-May-17,"2,305.20"
1-Jun-17,"2,414.10"
2-Jun-17,"2,474.20"
3-Jun-17,"2,546.40"
4-Jun-17,"2,534.10"
5-Jun-17,"2,690.00"
6-Jun-17,"2,871.00"
7-Jun-17,"2,702.90"
8-Jun-17,"2,810.90"
9-Jun-17,"2,806.10"
10-Jun-17,"2,900.00"
11-Jun-17,"2,957.00"
12-Jun-17,"2,658.30"
13-Jun-17,"2,716.40"
14-Jun-17,"2,464.40"
15-Jun-17,"2,435.00"
16-Jun-17,"2,491.00"
17-Jun-17,"2,640.10"
18-Jun-17,"2,526.30"
19-Jun-17,"2,597.30"
20-Jun-17,"2,734.40"
21-Jun-17,"2,648.10"
22-Jun-17,"2,691.20"
23-Jun-17,"2,685.60"
24-Jun-17,"2,573.50"
25-Jun-17,"2,498.80"
26-Jun-17,"2,419.20"
27-Jun-17,"2,570.30"
28-Jun-17,"2,556.70"
29-Jun-17,"2,540.00"
30-Jun-17,"2,470.00"
1-Jul-17,"2,424.10"
2-Jul-17,"2,515.60"
3-Jul-17,"2,548.60"
4-Jul-17,"2,608.90"
5-Jul-17,"2,614.40"
6-Jul-17,"2,601.50"
7-Jul-17,"2,497.90"
8-Jul-17,"2,547.10"
9-Jul-17,"2,502.30"
10-Jul-17,"2,333.30"
11-Jul-17,"2,300.50"
12-Jul-17,"2,385.90"
13-Jul-17,"2,340.50"
14-Jul-17,"2,219.20"
15-Jul-17,"1,965.00"
16-Jul-17,"1,899.80"
17-Jul-17,"2,233.50"
18-Jul-17,"2,295.90"
19-Jul-17,"2,260.40"
20-Jul-17,"2,845.00"
21-Jul-17,"2,670.00"
22-Jul-17,"2,815.00"
23-Jul-17,"2,757.60"
24-Jul-17,"2,760.60"
25-Jul-17,"2,559.80"
26-Jul-17,"2,525.10"
27-Jul-17,"2,663.20"
28-Jul-17,"2,782.60"
29-Jul-17,"2,699.10"
30-Jul-17,"2,728.30"
31-Jul-17,"2,840.00"
1-Aug-17,"2,739.10"
2-Aug-17,"2,702.90"
3-Aug-17,"2,788.90"
4-Aug-17,"2,858.00"
5-Aug-17,"3,260.70"
6-Aug-17,"3,229.30"
7-Aug-17,"3,384.90"
8-Aug-17,"3,420.50"
9-Aug-17,"3,342.10"
10-Aug-17,"3,417.90"
11-Aug-17,"3,639.60"
12-Aug-17,"3,870.10"
13-Aug-17,"4,053.90"
14-Aug-17,"4,321.50"
15-Aug-17,"4,156.90"
16-Aug-17,"4,384.10"
17-Aug-17,"4,275.70"
18-Aug-17,"4,106.90"
19-Aug-17,"4,148.20"
20-Aug-17,"4,061.30"
21-Aug-17,"3,990.90"
22-Aug-17,"4,021.90"
23-Aug-17,"4,157.50"
24-Aug-17,"4,312.40"
25-Aug-17,"4,356.30"
26-Aug-17,"4,340.90"
27-Aug-17,"4,315.70"
28-Aug-17,"4,385.00"
29-Aug-17,"4,589.10"
30-Aug-17,"4,577.30"
31-Aug-17,"4,732.20"
1-Sep-17,"4,927.30"
2-Sep-17,"4,606.30"
3-Sep-17,"4,609.30"
4-Sep-17,"4,260.00"
5-Sep-17,"4,217.50"
6-Sep-17,"4,609.60"
7-Sep-17,"4,620.30"
8-Sep-17,"4,335.10"
9-Sep-17,"4,309.80"
10-Sep-17,"4,239.80"
11-Sep-17,"4,202.00"
12-Sep-17,"4,160.90"
13-Sep-17,"3,855.00"
14-Sep-17,"3,239.10"
15-Sep-17,"3,715.00"
16-Sep-17,"3,690.00"
17-Sep-17,"3,694.50"
18-Sep-17,"4,097.50"
19-Sep-17,"3,899.20"
20-Sep-17,"3,890.60"
21-Sep-17,"3,616.30"
22-Sep-17,"3,611.10"
23-Sep-17,"3,786.10"
24-Sep-17,"3,666.90"
25-Sep-17,"3,917.90"
26-Sep-17,"3,879.10"
27-Sep-17,"4,196.00"
28-Sep-17,"4,186.80"
29-Sep-17,"4,158.20"
30-Sep-17,"4,328.00"
1-Oct-17,"4,386.70"
2-Oct-17,"4,388.20"
3-Oct-17,"4,310.80"
4-Oct-17,"4,216.10"
5-Oct-17,"4,312.00"
6-Oct-17,"4,364.20"
7-Oct-17,"4,425.00"
8-Oct-17,"4,589.90"
9-Oct-17,"4,744.50"
10-Oct-17,"4,749.20"
11-Oct-17,"4,815.00"
12-Oct-17,"5,438.30"
13-Oct-17,"5,646.40"
14-Oct-17,"5,788.10"
15-Oct-17,"5,705.00"
16-Oct-17,"5,745.60"
17-Oct-17,"5,597.00"
18-Oct-17,"5,572.40"
19-Oct-17,"5,721.60"
20-Oct-17,"5,981.90"
21-Oct-17,"6,013.60"
22-Oct-17,"5,989.90"
23-Oct-17,"5,903.70"
24-Oct-17,"5,521.30"
25-Oct-17,"5,736.60"
26-Oct-17,"5,889.20"
27-Oct-17,"5,764.30"
28-Oct-17,"5,730.80"
29-Oct-17,"6,138.10"
30-Oct-17,"6,124.80"
31-Oct-17,"6,448.60"
1-Nov-17,"6,740.00"
2-Nov-17,"7,032.60"
3-Nov-17,"7,170.70"
4-Nov-17,"7,392.80"
5-Nov-17,"7,383.30"
6-Nov-17,"6,950.30"
7-Nov-17,"7,123.50"
8-Nov-17,"7,477.00"
9-Nov-17,"7,151.30"
10-Nov-17,"6,571.90"
11-Nov-17,"6,351.10"
12-Nov-17,"5,856.40"
13-Nov-17,"6,523.90"
14-Nov-17,"6,604.20"
15-Nov-17,"7,292.60"
16-Nov-17,"7,841.80"
17-Nov-17,"7,690.40"
18-Nov-17,"7,780.00"
19-Nov-17,"8,041.10"
20-Nov-17,"8,231.90"
21-Nov-17,"8,098.40"
22-Nov-17,"8,234.20"
23-Nov-17,"8,010.00"
24-Nov-17,"8,205.30"
25-Nov-17,"8,785.00"
26-Nov-17,"9,334.30"
27-Nov-17,"9,755.00"
28-Nov-17,"9,936.20"
29-Nov-17,"9,820.00"
30-Nov-17,"9,942.00"
1-Dec-17,"10,860.50"
2-Dec-17,"10,900.00"
3-Dec-17,"11,175.00"
4-Dec-17,"11,625.10"
5-Dec-17,"11,693.50"
6-Dec-17,"13,652.00"
7-Dec-17,"16,796.20"
8-Dec-17,"16,158.90"
9-Dec-17,"15,062.90"
10-Dec-17,"15,302.00"
11-Dec-17,"16,765.50"
12-Dec-17,"17,359.60"
13-Dec-17,"16,517.60"
14-Dec-17,"16,598.40"
15-Dec-17,"17,685.60"
16-Dec-17,"19,358.00"
17-Dec-17,"19,050.00"
18-Dec-17,"18,937.50"
19-Dec-17,"17,596.10"
20-Dec-17,"16,491.00"
21-Dec-17,"15,283.00"
22-Dec-17,"14,058.50"
23-Dec-17,"14,664.10"
24-Dec-17,"14,053.40"
25-Dec-17,"13,940.80"
26-Dec-17,"15,783.90"
27-Dec-17,"15,408.80"
28-Dec-17,"14,486.40"
29-Dec-17,"14,486.90"
30-Dec-17,"12,676.40"
31-Dec-17,"13,863.50"
1-Jan-18,"13,403.20"
2-Jan-18,"14,704.10"
3-Jan-18,"15,142.20"
4-Jan-18,"15,170.60"
5-Jan-18,"16,923.70"
6-Jan-18,"17,152.00"
7-Jan-18,"16,171.50"
8-Jan-18,"14,991.20"
9-Jan-18,"14,419.50"
10-Jan-18,"14,894.30"
11-Jan-18,"13,311.80"
12-Jan-18,"13,823.50"
13-Jan-18,"14,230.00"
14-Jan-18,"13,619.70"
15-Jan-18,"13,571.10"
16-Jan-18,"11,369.30"
17-Jan-18,"11,185.30"
18-Jan-18,"11,375.50"
19-Jan-18,"11,537.10"
20-Jan-18,"12,770.50"
21-Jan-18,"11,490.20"
22-Jan-18,"10,769.40"
23-Jan-18,"10,866.20"
24-Jan-18,"11,382.20"
25-Jan-18,"11,138.70"
26-Jan-18,"11,110.80"
27-Jan-18,"11,423.00"
28-Jan-18,"11,693.80"
29-Jan-18,"11,143.80"
30-Jan-18,"10,000.20"
31-Jan-18,"10,140.50"
1-Feb-18,"9,008.90"
2-Feb-18,"8,813.80"
3-Feb-18,"9,239.20"
4-Feb-18,"8,210.80"
5-Feb-18,"6,930.80"
6-Feb-18,"7,695.90"
7-Feb-18,"7,574.70"
8-Feb-18,"8,253.00"
9-Feb-18,"8,713.60"
10-Feb-18,"8,558.70"
11-Feb-18,"8,088.40"
12-Feb-18,"8,900.00"
13-Feb-18,"8,515.10"
14-Feb-18,"9,496.10"
15-Feb-18,"10,025.30"
16-Feb-18,"10,184.30"
17-Feb-18,"11,099.40"
18-Feb-18,"10,388.40"
19-Feb-18,"11,163.10"
20-Feb-18,"11,226.70"
21-Feb-18,"10,470.50"
22-Feb-18,"9,824.00"
23-Feb-18,"10,164.10"
24-Feb-18,"9,683.40"
25-Feb-18,"9,589.80"
26-Feb-18,"10,296.80"
27-Feb-18,"10,570.70"
28-Feb-18,"10,300.50"
1-Mar-18,"10,908.80"
2-Mar-18,"11,023.80"
3-Mar-18,"11,433.60"
4-Mar-18,"11,491.90"
5-Mar-18,"11,403.30"
6-Mar-18,"10,701.30"
7-Mar-18,"9,886.70"
8-Mar-18,"9,292.90"
9-Mar-18,"9,241.90"
10-Mar-18,"8,791.50"
11-Mar-18,"9,531.00"
12-Mar-18,"9,100.00"
13-Mar-18,"9,154.00"
14-Mar-18,"8,206.10"
15-Mar-18,"8,259.40"
16-Mar-18,"8,268.00"
17-Mar-18,"7,882.10"
18-Mar-18,"8,198.70"
19-Mar-18,"8,595.70"
20-Mar-18,"8,948.50"
21-Mar-18,"8,910.10"
22-Mar-18,"8,730.20"
23-Mar-18,"8,928.00"
24-Mar-18,"8,541.30"
25-Mar-18,"8,448.10"
26-Mar-18,"8,143.00"
27-Mar-18,"7,793.40"
28-Mar-18,"7,949.70"
29-Mar-18,"7,085.80"
30-Mar-18,"6,845.10"
31-Mar-18,"6,925.20"
1-Apr-18,"6,827.40"
2-Apr-18,"7,043.90"
3-Apr-18,"7,424.30"
4-Apr-18,"6,778.40"
5-Apr-18,"6,774.50"
6-Apr-18,"6,619.20"
7-Apr-18,"6,894.30"
8-Apr-18,"7,019.20"
9-Apr-18,"6,772.90"
10-Apr-18,"6,831.20"
11-Apr-18,"6,937.50"
12-Apr-18,"7,919.40"
13-Apr-18,"7,878.80"
14-Apr-18,"7,996.00"
15-Apr-18,"8,361.00"
16-Apr-18,"8,049.80"
17-Apr-18,"7,891.30"
18-Apr-18,"8,168.10"
19-Apr-18,"8,275.60"
20-Apr-18,"8,859.70"
21-Apr-18,"8,924.40"
22-Apr-18,"8,797.00"
23-Apr-18,"8,938.80"
24-Apr-18,"9,686.10"
25-Apr-18,"8,864.40"
26-Apr-18,"9,280.00"
27-Apr-18,"9,128.60"
28-Apr-18,"9,346.50"
29-Apr-18,"9,388.10"
30-Apr-18,"9,232.70"
1-May-18,"9,055.00"
2-May-18,"9,229.80"
3-May-18,"9,719.80"
4-May-18,"9,695.80"
5-May-18,"9,815.60"
6-May-18,"9,620.00"
7-May-18,"9,364.50"
8-May-18,"9,183.00"
9-May-18,"9,304.70"
10-May-18,"9,016.90"
11-May-18,"8,407.80"
12-May-18,"8,464.20"
13-May-18,"8,692.80"
14-May-18,"8,683.60"
15-May-18,"8,475.90"
16-May-18,"8,340.50"
17-May-18,"8,062.20"
18-May-18,"8,244.30"
19-May-18,"8,241.20"
20-May-18,"8,520.00"
21-May-18,"8,403.30"
22-May-18,"7,991.20"
23-May-18,"7,506.20"
24-May-18,"7,575.60"
25-May-18,"7,463.10"
26-May-18,"7,336.70"
27-May-18,"7,347.30"
28-May-18,"7,120.10"
29-May-18,"7,464.40"
30-May-18,"7,377.10"
31-May-18,"7,487.60"
1-Jun-18,"7,526.00"
2-Jun-18,"7,633.90"
3-Jun-18,"7,713.20"
4-Jun-18,"7,490.70"
5-Jun-18,"7,619.90"
6-Jun-18,"7,656.10"
7-Jun-18,"7,689.70"
8-Jun-18,"7,618.90"
9-Jun-18,"7,502.80"
10-Jun-18,"6,762.20"
11-Jun-18,"6,880.10"
12-Jun-18,"6,548.60"
13-Jun-18,"6,301.40"
14-Jun-18,"6,640.50"
15-Jun-18,"6,470.00"
16-Jun-18,"6,485.90"
17-Jun-18,"6,444.50"
18-Jun-18,"6,712.90"
19-Jun-18,"6,742.20"
20-Jun-18,"6,760.00"
21-Jun-18,"6,718.30"
22-Jun-18,"6,063.30"
23-Jun-18,"6,177.20"
24-Jun-18,"6,151.60"
25-Jun-18,"6,248.10"
26-Jun-18,"6,073.00"
27-Jun-18,"6,134.30"
28-Jun-18,"5,848.00"
29-Jun-18,"6,207.40"
30-Jun-18,"6,385.50"
1-Jul-18,"6,348.50"
2-Jul-18,"6,618.20"
3-Jul-18,"6,498.40"
4-Jul-18,"6,585.90"
5-Jul-18,"6,530.90"
6-Jul-18,"6,601.60"
7-Jul-18,"6,755.60"
8-Jul-18,"6,703.80"
9-Jul-18,"6,660.00"
10-Jul-18,"6,300.30"
11-Jul-18,"6,380.40"
12-Jul-18,"6,243.00"
13-Jul-18,"6,221.50"
14-Jul-18,"6,252.90"
15-Jul-18,"6,345.90"
16-Jul-18,"6,723.80"
17-Jul-18,"7,317.00"
18-Jul-18,"7,378.60"
19-Jul-18,"7,466.60"
20-Jul-18,"7,329.40"
21-Jul-18,"7,404.20"
22-Jul-18,"7,394.60"
23-Jul-18,"7,714.60"
24-Jul-18,"8,400.50"
25-Jul-18,"8,162.20"
26-Jul-18,"7,920.40"
27-Jul-18,"8,181.30"
28-Jul-18,"8,225.60"
29-Jul-18,"8,215.60"
30-Jul-18,"8,162.70"
31-Jul-18,"7,728.60"
1-Aug-18,"7,607.60"
2-Aug-18,"7,538.10"
3-Aug-18,"7,415.00"
4-Aug-18,"7,003.70"
5-Aug-18,"7,025.30"
6-Aug-18,"6,938.40"
7-Aug-18,"6,718.50"
8-Aug-18,"6,277.90"
9-Aug-18,"6,531.00"
10-Aug-18,"6,144.00"
11-Aug-18,"6,237.00"
12-Aug-18,"6,315.50"
13-Aug-18,"6,254.00"
14-Aug-18,"6,194.40"
15-Aug-18,"6,274.90"
16-Aug-18,"6,315.40"
17-Aug-18,"6,580.60"
18-Aug-18,"6,396.60"
19-Aug-18,"6,489.20"
20-Aug-18,"6,251.00"
21-Aug-18,"6,480.00"
22-Aug-18,"6,354.60"
23-Aug-18,"6,522.10"
24-Aug-18,"6,695.80"
25-Aug-18,"6,734.40"
26-Aug-18,"6,713.00"
27-Aug-18,"6,905.50"
28-Aug-18,"7,074.50"
29-Aug-18,"7,035.70"
30-Aug-18,"6,979.60"
31-Aug-18,"7,015.90"
1-Sep-18,"7,194.60"
2-Sep-18,"7,289.50"
3-Sep-18,"7,261.50"
4-Sep-18,"7,359.60"
5-Sep-18,"6,683.60"
6-Sep-18,"6,491.10"
7-Sep-18,"6,400.50"
8-Sep-18,"6,184.20"
9-Sep-18,"6,239.80"
10-Sep-18,"6,305.10"
11-Sep-18,"6,279.50"
12-Sep-18,"6,335.00"
13-Sep-18,"6,486.00"
14-Sep-18,"6,527.70"
15-Sep-18,"6,524.20"
16-Sep-18,"6,498.00"
17-Sep-18,"6,249.40"
18-Sep-18,"6,332.80"
19-Sep-18,"6,389.30"
20-Sep-18,"6,493.80"
21-Sep-18,"6,753.10"
22-Sep-18,"6,716.80"
23-Sep-18,"6,701.20"
24-Sep-18,"6,577.50"
25-Sep-18,"6,434.50"
26-Sep-18,"6,454.40"
27-Sep-18,"6,683.20"
28-Sep-18,"6,622.80"
29-Sep-18,"6,583.00"
30-Sep-18,"6,593.80"
1-Oct-18,"6,575.00"
2-Oct-18,"6,500.70"
3-Oct-18,"6,463.00"
4-Oct-18,"6,551.20"
5-Oct-18,"6,559.00"
6-Oct-18,"6,550.90"
7-Oct-18,"6,574.30"
8-Oct-18,"6,606.50"
9-Oct-18,"6,587.00"
10-Oct-18,"6,532.00"
11-Oct-18,"6,152.60"
12-Oct-18,"6,185.00"
13-Oct-18,"6,198.40"
14-Oct-18,"6,185.30"
15-Oct-18,"6,434.50"
16-Oct-18,"6,453.10"
17-Oct-18,"6,440.40"
18-Oct-18,"6,395.70"
19-Oct-18,"6,386.80"
20-Oct-18,"6,415.50"
21-Oct-18,"6,410.30"
22-Oct-18,"6,409.10"
23-Oct-18,"6,395.80"
24-Oct-18,"6,412.00"
25-Oct-18,"6,389.00"
26-Oct-18,"6,408.80"
27-Oct-18,"6,410.30"
28-Oct-18,"6,410.30"
29-Oct-18,"6,265.20"
30-Oct-18,"6,274.90"
31-Oct-18,"6,307.00"
1-Nov-18,"6,345.10"
2-Nov-18,"6,350.50"
3-Nov-18,"6,334.10"
4-Nov-18,"6,418.80"
5-Nov-18,"6,405.00"
6-Nov-18,"6,447.90"
7-Nov-18,"6,501.40"
8-Nov-18,"6,413.80"
9-Nov-18,"6,339.20"
10-Nov-18,"6,351.50"
11-Nov-18,"6,364.80"
12-Nov-18,"6,326.40"
13-Nov-18,"6,259.80"
14-Nov-18,"5,605.90"
15-Nov-18,"5,576.40"
16-Nov-18,"5,515.10"
17-Nov-18,"5,509.70"
18-Nov-18,"5,555.00"
19-Nov-18,"4,734.10"
20-Nov-18,"4,353.30"
21-Nov-18,"4,547.20"
22-Nov-18,"4,261.40"
23-Nov-18,"4,288.70"
24-Nov-18,"3,780.20"
25-Nov-18,"3,940.30"
26-Nov-18,"3,729.10"
27-Nov-18,"3,776.70"
28-Nov-18,"4,215.70"
29-Nov-18,"4,245.00"
30-Nov-18,"3,975.00"
1-Dec-18,"4,146.00"
2-Dec-18,"4,099.80"
3-Dec-18,"3,834.20"
4-Dec-18,"3,902.90"
5-Dec-18,"3,690.30"
6-Dec-18,"3,442.10"
7-Dec-18,"3,380.10"
8-Dec-18,"3,397.90"
9-Dec-18,"3,532.00"
10-Dec-18,"3,413.80"
11-Dec-18,"3,350.20"
12-Dec-18,"3,431.40"
13-Dec-18,"3,263.10"
14-Dec-18,"3,192.80"
15-Dec-18,"3,182.80"
16-Dec-18,"3,195.20"
17-Dec-18,"3,498.90"
18-Dec-18,"3,668.60"
19-Dec-18,"3,688.20"
20-Dec-18,"4,137.50"
21-Dec-18,"3,838.30"
22-Dec-18,"3,993.10"
23-Dec-18,"3,945.80"
24-Dec-18,"4,034.10"
25-Dec-18,"3,780.80"
26-Dec-18,"3,807.10"
27-Dec-18,"3,594.80"
28-Dec-18,"3,889.90"
29-Dec-18,"3,726.10"
30-Dec-18,"3,830.70"
31-Dec-18,"3,689.40"
1-Jan-19,"3,823.20"
2-Jan-19,"3,889.10"
3-Jan-19,"3,785.60"
4-Jan-19,"3,823.00"
5-Jan-19,"3,796.40"
6-Jan-19,"4,038.40"
7-Jan-19,"4,004.90"
8-Jan-19,"3,996.60"
9-Jan-19,"4,001.10"
10-Jan-19,"3,624.20"
11-Jan-19,"3,634.50"
12-Jan-19,"3,615.70"
13-Jan-19,"3,511.50"
14-Jan-19,"3,665.50"
15-Jan-19,"3,585.50"
16-Jan-19,"3,608.20"
17-Jan-19,"3,637.10"
18-Jan-19,"3,607.80"
19-Jan-19,"3,685.50"
20-Jan-19,"3,534.90"
21-Jan-19,"3,534.60"
22-Jan-19,"3,579.30"
23-Jan-19,"3,555.00"
24-Jan-19,"3,569.90"
25-Jan-19,"3,561.40"
26-Jan-19,"3,557.00"
27-Jan-19,"3,532.60"
28-Jan-19,"3,432.30"
29-Jan-19,"3,394.80"
30-Jan-19,"3,435.50"
31-Jan-19,"3,410.20"
1-Feb-19,"3,437.60"
2-Feb-19,"3,467.40"
3-Feb-19,"3,415.40"
4-Feb-19,"3,412.90"
5-Feb-19,"3,431.00"
6-Feb-19,"3,366.00"
7-Feb-19,"3,360.00"
8-Feb-19,"3,620.70"
9-Feb-19,"3,621.80"
10-Feb-19,"3,647.80"
11-Feb-19,"3,591.10"
12-Feb-19,"3,587.90"
13-Feb-19,"3,580.60"
14-Feb-19,"3,562.40"
15-Feb-19,"3,564.30"
16-Feb-19,"3,577.90"
17-Feb-19,"3,623.70"
18-Feb-19,"3,868.60"
19-Feb-19,"3,894.10"
20-Feb-19,"3,939.90"
21-Feb-19,"3,900.00"
22-Feb-19,"3,943.10"
23-Feb-19,"4,110.20"
24-Feb-19,"3,732.50"
25-Feb-19,"3,818.80"
26-Feb-19,"3,799.40"
27-Feb-19,"3,799.30"
28-Feb-19,"3,793.20"
1-Mar-19,"3,830.10"
2-Mar-19,"3,813.10"
3-Mar-19,"3,787.60"
4-Mar-19,"3,702.00"
5-Mar-19,"3,845.40"
6-Mar-19,"3,851.50"
7-Mar-19,"3,855.40"
8-Mar-19,"3,842.80"
9-Mar-19,"3,917.50"
10-Mar-19,"3,899.60"
11-Mar-19,"3,848.90"
12-Mar-19,"3,860.90"
13-Mar-19,"3,852.20"
14-Mar-19,"3,852.60"
15-Mar-19,"3,901.40"
16-Mar-19,"3,990.00"
17-Mar-19,"3,965.40"
18-Mar-19,"3,971.10"
19-Mar-19,"4,000.70"
20-Mar-19,"4,032.80"
21-Mar-19,"3,977.60"
22-Mar-19,"3,984.90"
23-Mar-19,"3,983.40"
24-Mar-19,"3,971.00"
25-Mar-19,"3,908.00"
26-Mar-19,"3,920.80"
27-Mar-19,"4,028.90"
28-Mar-19,"4,012.40"
29-Mar-19,"4,091.60"
30-Mar-19,"4,093.20"
31-Mar-19,"4,093.00"
1-Apr-19,"4,139.30"
2-Apr-19,"4,900.80"
3-Apr-19,"4,973.90"
4-Apr-19,"4,901.00"
5-Apr-19,"5,040.00"
6-Apr-19,"5,036.80"
7-Apr-19,"5,191.50"
8-Apr-19,"5,294.70"
9-Apr-19,"5,192.80"
10-Apr-19,"5,319.30"
11-Apr-19,"5,049.00"
12-Apr-19,"5,078.30"
13-Apr-19,"5,070.30"
14-Apr-19,"5,159.00"
15-Apr-19,"5,034.80"
16-Apr-19,"5,205.50"
17-Apr-19,"5,229.30"
18-Apr-19,"5,282.80"
19-Apr-19,"5,290.00"
20-Apr-19,"5,322.00"
21-Apr-19,"5,298.00"
22-Apr-19,"5,384.30"
23-Apr-19,"5,540.30"
24-Apr-19,"5,444.80"
25-Apr-19,"5,129.00"
26-Apr-19,"5,156.80"
27-Apr-19,"5,168.00"
28-Apr-19,"5,155.80"
29-Apr-19,"5,147.80"
30-Apr-19,"5,266.00"
1-May-19,"5,323.00"
2-May-19,"5,387.80"
3-May-19,"5,657.30"
4-May-19,"5,771.30"
5-May-19,"5,716.50"
6-May-19,"5,684.30"
7-May-19,"5,745.00"
8-May-19,"5,942.80"
9-May-19,"6,145.00"
10-May-19,"6,348.00"
11-May-19,"7,223.30"
12-May-19,"6,981.30"
13-May-19,"7,822.00"
14-May-19,"7,995.30"
15-May-19,"8,199.80"
16-May-19,"7,883.30"
17-May-19,"7,374.80"
18-May-19,"7,268.30"
19-May-19,"8,191.00"
20-May-19,"8,020.30"
21-May-19,"7,950.50"
22-May-19,"7,634.50"
23-May-19,"7,879.80"
24-May-19,"7,999.30"
25-May-19,"8,075.30"
26-May-19,"8,741.00"
27-May-19,"8,776.30"
28-May-19,"8,721.00"
29-May-19,"8,658.50"
30-May-19,"8,272.50"
31-May-19,"8,554.50"
1-Jun-19,"8,556.00"
2-Jun-19,"8,739.50"
3-Jun-19,"8,113.50"
4-Jun-19,"7,672.80"
5-Jun-19,"7,794.80"
6-Jun-19,"7,801.80"
7-Jun-19,"7,995.30"
8-Jun-19,"7,937.30"
9-Jun-19,"7,644.30"
10-Jun-19,"8,017.00"
11-Jun-19,"7,919.50"
12-Jun-19,"8,176.80"
13-Jun-19,"8,233.80"
14-Jun-19,"8,698.80"
15-Jun-19,"8,851.00"
16-Jun-19,"8,976.00"
17-Jun-19,"9,331.50"
18-Jun-19,"9,079.50"
19-Jun-19,"9,289.30"
20-Jun-19,"9,531.80"
21-Jun-19,"10,240.00"
22-Jun-19,"10,689.30"
23-Jun-19,"10,837.30"
24-Jun-19,"11,024.50"
25-Jun-19,"11,762.80"
26-Jun-19,"12,908.30"
27-Jun-19,"11,138.80"
28-Jun-19,"12,361.00"
29-Jun-19,"11,861.30"
30-Jun-19,"10,739.00"
1-Jul-19,"10,554.80"
2-Jul-19,"10,824.00"
3-Jul-19,"11,980.50"
4-Jul-19,"11,150.00"
5-Jul-19,"10,987.80"
6-Jul-19,"11,208.30"
7-Jul-19,"11,474.30"
8-Jul-19,"12,305.50"
9-Jul-19,"12,558.80"
10-Jul-19,"12,116.80"
11-Jul-19,"11,358.00"
12-Jul-19,"11,800.50"
13-Jul-19,"11,388.80"
14-Jul-19,"10,199.00"
15-Jul-19,"10,848.50"
16-Jul-19,"9,417.50"
17-Jul-19,"9,710.30"
18-Jul-19,"10,648.80"
19-Jul-19,"10,537.80"
20-Jul-19,"10,756.00"
21-Jul-19,"10,587.80"
22-Jul-19,"10,318.30"
23-Jul-19,"9,858.30"
24-Jul-19,"9,771.50"
25-Jul-19,"9,878.30"
26-Jul-19,"9,851.30"
27-Jul-19,"9,474.00"
28-Jul-19,"9,526.00"
29-Jul-19,"9,502.00"
30-Jul-19,"9,590.00"
31-Jul-19,"10,091.00"
1-Aug-19,"10,404.00"
2-Aug-19,"10,534.30"
3-Aug-19,"10,822.00"
4-Aug-19,"10,983.30"
5-Aug-19,"11,796.80"
6-Aug-19,"11,465.50"
7-Aug-19,"11,959.30"
8-Aug-19,"12,006.80"
9-Aug-19,"11,853.30"
10-Aug-19,"11,283.00"
11-Aug-19,"11,538.30"
12-Aug-19,"11,387.00"
13-Aug-19,"10,868.00"
14-Aug-19,"10,020.00"
15-Aug-19,"10,305.00"
16-Aug-19,"10,361.00"
17-Aug-19,"10,214.30"
18-Aug-19,"10,321.80"
19-Aug-19,"10,922.50"
20-Aug-19,"10,762.80"
21-Aug-19,"10,125.00"
22-Aug-19,"10,107.30"
23-Aug-19,"10,407.00"
24-Aug-19,"10,134.30"
25-Aug-19,"10,140.00"
26-Aug-19,"10,362.50"
27-Aug-19,"10,178.50"
28-Aug-19,"9,725.50"
29-Aug-19,"9,498.30"
30-Aug-19,"9,574.80"
31-Aug-19,"9,603.80"
1-Sep-19,"9,767.00"
2-Sep-19,"10,388.80"
3-Sep-19,"10,632.00"
4-Sep-19,"10,587.00"
5-Sep-19,"10,580.80"
6-Sep-19,"10,325.80"
7-Sep-19,"10,485.50"
8-Sep-19,"10,410.80"
9-Sep-19,"10,313.50"
10-Sep-19,"10,103.30"
11-Sep-19,"10,162.00"
12-Sep-19,"10,430.30"
13-Sep-19,"10,367.50"
14-Sep-19,"10,365.00"
15-Sep-19,"10,307.30"
16-Sep-19,"10,264.50"
17-Sep-19,"10,200.00"
18-Sep-19,"10,157.80"
19-Sep-19,"10,275.50"
20-Sep-19,"10,171.00"
21-Sep-19,"9,990.00"
22-Sep-19,"10,032.00"
23-Sep-19,"9,683.50"
24-Sep-19,"8,529.50"
25-Sep-19,"8,440.50"
26-Sep-19,"8,060.50"
27-Sep-19,"8,192.80"
28-Sep-19,"8,228.30"
29-Sep-19,"8,057.50"
30-Sep-19,"8,322.50"
1-Oct-19,"8,326.50"
2-Oct-19,"8,384.30"
3-Oct-19,"8,240.80"
4-Oct-19,"8,165.30"
5-Oct-19,"8,150.80"
6-Oct-19,"7,858.30"
7-Oct-19,"8,215.00"
8-Oct-19,"8,188.50"
9-Oct-19,"8,602.30"
10-Oct-19,"8,589.50"
11-Oct-19,"8,276.80"
12-Oct-19,"8,304.50"
13-Oct-19,"8,287.00"
14-Oct-19,"8,361.00"
15-Oct-19,"8,163.50"
16-Oct-19,"7,999.00"
17-Oct-19,"8,077.00"
18-Oct-19,"7,959.50"
19-Oct-19,"7,954.00"
20-Oct-19,"8,230.00"
21-Oct-19,"8,220.00"
22-Oct-19,"8,029.50"
23-Oct-19,"7,478.80"
24-Oct-19,"7,426.80"
25-Oct-19,"8,667.30"
26-Oct-19,"9,259.00"
27-Oct-19,"9,552.30"
28-Oct-19,"9,200.00"
29-Oct-19,"9,431.00"
30-Oct-19,"9,166.30"
31-Oct-19,"9,157.80"
1-Nov-19,"9,254.80"
2-Nov-19,"9,307.30"
3-Nov-19,"9,210.00"
4-Nov-19,"9,416.30"
5-Nov-19,"9,317.80"
6-Nov-19,"9,343.80"
7-Nov-19,"9,209.50"
8-Nov-19,"8,768.00"
9-Nov-19,"8,808.30"
10-Nov-19,"9,039.80"
11-Nov-19,"8,719.80"
12-Nov-19,"8,810.00"
13-Nov-19,"8,764.50"
14-Nov-19,"8,632.80"
15-Nov-19,"8,458.00"
16-Nov-19,"8,475.50"
17-Nov-19,"8,509.00"
18-Nov-19,"8,179.80"
19-Nov-19,"8,117.80"
20-Nov-19,"8,084.50"
21-Nov-19,"7,616.00"
22-Nov-19,"7,286.00"
23-Nov-19,"7,327.80"
24-Nov-19,"6,908.30"
25-Nov-19,"7,131.30"
26-Nov-19,"7,159.30"
27-Nov-19,"7,530.00"
28-Nov-19,"7,434.30"
29-Nov-19,"7,756.00"
30-Nov-19,"7,559.30"
1-Dec-19,"7,303.50"
