4/28/2013,4.3
4/29/2013,4.37
4/30/2013,4.4
5/1/2013,4.29
5/2/2013,3.78
5/3/2013,3.39
5/4/2013,3.03
5/5/2013,3.49
5/6/2013,3.59
5/7/2013,3.37
5/8/2013,3.28
5/9/2013,3.4
5/10/2013,3.41
5/11/2013,3.46
5/12/2013,3.36
5/13/2013,3.26
5/14/2013,3.28
5/15/2013,2.82
5/16/2013,2.93
5/17/2013,2.89
5/18/2013,3.2
5/19/2013,3.3
5/20/2013,3.31
5/21/2013,3.19
5/22/2013,3.09
5/23/2013,3.12
5/24/2013,3.17
5/25/2013,3.19
5/26/2013,3.12
5/27/2013,3.23
5/28/2013,3.1
5/29/2013,3.09
5/30/2013,3.08
5/31/2013,2.97
6/1/2013,2.94
6/2/2013,2.83
6/3/2013,2.73
6/4/2013,2.7
6/5/2013,2.87
6/6/2013,2.88
6/7/2013,2.78
6/8/2013,2.6
6/9/2013,2.55
6/10/2013,2.38
6/11/2013,2.49
6/12/2013,2.41
6/13/2013,2.4
6/14/2013,2.27
6/15/2013,2.14
6/16/2013,2.09
6/17/2013,2.14
6/18/2013,2.28
6/19/2013,2.3
6/20/2013,2.3
6/21/2013,2.33
6/22/2013,2.86
6/23/2013,2.9
6/24/2013,3.13
6/25/2013,2.85
6/26/2013,2.81
6/27/2013,2.88
6/28/2013,3.04
6/29/2013,2.76
6/30/2013,2.79
7/1/2013,3.01
7/2/2013,2.95
7/3/2013,2.85
7/4/2013,2.68
7/5/2013,2.71
7/6/2013,2.42
7/7/2013,2.46
7/8/2013,2.71
7/9/2013,2.58
7/10/2013,2.61
7/11/2013,2.84
7/12/2013,2.72
7/13/2013,2.81
7/14/2013,2.93
7/15/2013,2.87
7/16/2013,3
7/17/2013,3.08
7/18/2013,3.15
7/19/2013,2.88
7/20/2013,2.96
7/21/2013,2.87
7/22/2013,2.95
7/23/2013,2.89
7/24/2013,2.99
7/25/2013,2.95
7/26/2013,2.98
7/27/2013,2.9
7/28/2013,2.88
7/29/2013,2.94
7/30/2013,2.97
7/31/2013,3
8/1/2013,2.87
8/2/2013,2.94
8/3/2013,2.84
8/4/2013,3.01
8/5/2013,3
8/6/2013,2.84
8/7/2013,2.82
8/8/2013,2.75
8/9/2013,2.71
8/10/2013,2.69
8/11/2013,2.55
8/12/2013,2.69
8/13/2013,2.66
8/14/2013,2.76
8/15/2013,2.74
8/16/2013,2.76
8/17/2013,2.72
8/18/2013,2.8
8/19/2013,2.8
8/20/2013,2.82
8/21/2013,2.77
8/22/2013,2.69
8/23/2013,2.78
8/24/2013,2.74
8/25/2013,2.68
8/26/2013,2.58
8/27/2013,2.57
8/28/2013,2.58
8/29/2013,2.54
8/30/2013,2.54
8/31/2013,2.66
9/1/2013,2.59
9/2/2013,2.57
9/3/2013,2.55
9/4/2013,2.6
9/5/2013,2.82
9/6/2013,2.78
9/7/2013,2.68
9/8/2013,2.7
9/9/2013,2.73
9/10/2013,2.73
9/11/2013,2.64
9/12/2013,2.75
9/13/2013,2.69
9/14/2013,2.66
9/15/2013,2.59
9/16/2013,2.65
9/17/2013,2.63
9/18/2013,2.6
9/19/2013,2.55
9/20/2013,2.61
9/21/2013,2.48
9/22/2013,2.53
9/23/2013,2.53
9/24/2013,2.47
9/25/2013,2.47
9/26/2013,2.37
9/27/2013,2.4
9/28/2013,2.39
9/29/2013,2.27
9/30/2013,2.3
10/1/2013,2.34
10/2/2013,2.42
10/3/2013,1.98
10/4/2013,2.18
10/5/2013,2.19
10/6/2013,2.13
10/7/2013,2.17
10/8/2013,2.1
10/9/2013,1.98
10/10/2013,1.93
10/11/2013,2.03
10/12/2013,2.07
10/13/2013,2.12
10/14/2013,2.15
10/15/2013,2.06
10/16/2013,1.97
10/17/2013,1.92
10/18/2013,1.92
10/19/2013,1.91
10/20/2013,1.87
10/21/2013,1.93
10/22/2013,1.82
10/23/2013,1.7
10/24/2013,2.06
10/25/2013,2.29
10/26/2013,2.16
10/27/2013,2.2
10/28/2013,2.13
10/29/2013,2.17
10/30/2013,2.13
10/31/2013,2.28
11/1/2013,2.34
11/2/2013,2.46
11/3/2013,2.72
11/4/2013,2.9
11/5/2013,3.08
11/6/2013,3.04
11/7/2013,3.36
11/8/2013,4.38
11/9/2013,4.61
11/10/2013,4.34
11/11/2013,3.91
11/12/2013,4.01
11/13/2013,4.02
11/14/2013,4.11
11/15/2013,4.27
11/16/2013,4.19
11/17/2013,4.33
11/18/2013,4.13
11/19/2013,9.42
11/20/2013,7.96
11/21/2013,8.01
11/22/2013,9.36
11/23/2013,10.12
11/24/2013,10.59
11/25/2013,10.32
11/26/2013,12.38
11/27/2013,19.91
11/28/2013,38.99
11/29/2013,44.37
11/30/2013,36.94
12/1/2013,40.57
12/2/2013,34.47
12/3/2013,33.35
12/4/2013,39.32
12/5/2013,44.53
12/6/2013,37.46
12/7/2013,29.74
12/8/2013,23.18
12/9/2013,27.21
12/10/2013,31.5
12/11/2013,36.29
12/12/2013,31.23
12/13/2013,31.65
12/14/2013,31.45
12/15/2013,30.46
12/16/2013,31.39
12/17/2013,24.43
12/18/2013,21.85
12/19/2013,13.43
12/20/2013,19.85
12/21/2013,17.31
12/22/2013,16.6
12/23/2013,16.74
12/24/2013,17.81
12/25/2013,17.65
12/26/2013,21.65
12/27/2013,24.81
12/28/2013,23.19
12/29/2013,22.56
12/30/2013,23.89
12/31/2013,24.51
1/1/2014,24.35
1/2/2014,24.7
1/3/2014,25.67
1/4/2014,24.81
1/5/2014,25.04
1/6/2014,26.91
1/7/2014,29.24
1/8/2014,22.84
1/9/2014,24.49
1/10/2014,24.45
1/11/2014,24.99
1/12/2014,27.05
1/13/2014,25.13
1/14/2014,24.28
1/15/2014,24.1
1/16/2014,25.27
1/17/2014,24.4
1/18/2014,23.81
1/19/2014,24.56
1/20/2014,25.43
1/21/2014,25.2
1/22/2014,24.85
1/23/2014,23.65
1/24/2014,22.3
1/25/2014,20.7
1/26/2014,23.2
1/27/2014,24.13
1/28/2014,20.12
1/29/2014,21.42
1/30/2014,21.91
1/31/2014,21.65
2/1/2014,22.1
2/2/2014,22.5
2/3/2014,22.37
2/4/2014,21.9
2/5/2014,21.53
2/6/2014,20.86
2/7/2014,19.9
2/8/2014,18.53
2/9/2014,18.02
2/10/2014,18.3
2/11/2014,17.76
2/12/2014,17.41
2/13/2014,16.93
2/14/2014,15.37
2/15/2014,16.45
2/16/2014,16.09
2/17/2014,15.14
2/18/2014,15.47
2/19/2014,15.56
2/20/2014,15.7
2/21/2014,13.98
2/22/2014,13.92
2/23/2014,14.98
2/24/2014,15.42
2/25/2014,14.5
2/26/2014,13.8
2/27/2014,14.26
2/28/2014,14.29
3/1/2014,13.23
3/2/2014,13.66
3/3/2014,12.78
3/4/2014,14.29
3/5/2014,16.99
3/6/2014,16.38
3/7/2014,16.48
3/8/2014,15.86
3/9/2014,15.41
3/10/2014,15.98
3/11/2014,16.01
3/12/2014,16.1
3/13/2014,17.16
3/14/2014,17
3/15/2014,16.6
3/16/2014,16.89
3/17/2014,17.35
3/18/2014,17.29
3/19/2014,19.45
3/20/2014,17.17
3/21/2014,16.4
3/22/2014,15.64
3/23/2014,15.71
3/24/2014,15.3
3/25/2014,16.23
3/26/2014,16.29
3/27/2014,16.28
3/28/2014,12.66
3/29/2014,13.91
3/30/2014,13.45
3/31/2014,13.15
4/1/2014,12.77
4/2/2014,13.09
4/3/2014,11.26
4/4/2014,11.07
4/5/2014,11
4/6/2014,11.18
4/7/2014,11.66
4/8/2014,11.21
4/9/2014,11.38
4/10/2014,11.19
4/11/2014,8.42
4/12/2014,10.9
4/13/2014,10.66
4/14/2014,10.39
4/15/2014,11.46
4/16/2014,13.3
4/17/2014,13.42
4/18/2014,12.46
4/19/2014,12.05
4/20/2014,12.85
4/21/2014,12.56
4/22/2014,12.5
4/23/2014,12.04
4/24/2014,12.14
4/25/2014,12.54
4/26/2014,10.81
4/27/2014,10.56
4/28/2014,9.79
4/29/2014,10.12
4/30/2014,10.4
5/1/2014,10.93
5/2/2014,11.13
5/3/2014,10.52
5/4/2014,10.3
5/5/2014,10.31
5/6/2014,10.21
5/7/2014,10.34
5/8/2014,10.51
5/9/2014,10.42
5/10/2014,10.76
5/11/2014,10.72
5/12/2014,10.34
5/13/2014,10.42
5/14/2014,10.41
5/15/2014,10.43
5/16/2014,10.48
5/17/2014,10.44
5/18/2014,10.35
5/19/2014,10.34
5/20/2014,10.3
5/21/2014,10.6
5/22/2014,10.58
5/23/2014,10.65
5/24/2014,11.21
5/25/2014,11.12
5/26/2014,11.58
5/27/2014,11.55
5/28/2014,11.16
5/29/2014,11.01
5/30/2014,10.78
5/31/2014,11.26
6/1/2014,10.93
6/2/2014,11.15
6/3/2014,11.36
6/4/2014,11.47
6/5/2014,11.04
6/6/2014,11.3
6/7/2014,11.2
6/8/2014,11.11
6/9/2014,11.27
6/10/2014,11.21
6/11/2014,11.1
6/12/2014,10.93
6/13/2014,10.16
6/14/2014,10.26
6/15/2014,9.87
6/16/2014,9.96
6/17/2014,9.68
6/18/2014,9.67
6/19/2014,9.68
6/20/2014,10
6/21/2014,9.84
6/22/2014,9.85
6/23/2014,9.77
6/24/2014,9.73
6/25/2014,9.61
6/26/2014,9.2
6/27/2014,9.09
6/28/2014,9.27
6/29/2014,9.2
6/30/2014,8.97
7/1/2014,8.96
7/2/2014,7.98
7/3/2014,8.07
7/4/2014,8.03
7/5/2014,7.32
7/6/2014,7.3
7/7/2014,7.1
7/8/2014,7.58
7/9/2014,7.77
7/10/2014,7.78
7/11/2014,7.8
7/12/2014,7.86
7/13/2014,8.61
7/14/2014,8.9
7/15/2014,8.62
7/16/2014,8.56
7/17/2014,8.33
7/18/2014,8.66
7/19/2014,8.72
7/20/2014,8.61
7/21/2014,8.46
7/22/2014,8.59
7/23/2014,8.57
7/24/2014,8.47
7/25/2014,7.78
7/26/2014,7.58
7/27/2014,7.61
7/28/2014,7.76
7/29/2014,7.59
7/30/2014,7.65
7/31/2014,7.28
8/1/2014,7.54
8/2/2014,7.71
8/3/2014,7.63
8/4/2014,7.54
8/5/2014,7.41
8/6/2014,7.26
8/7/2014,7.19
8/8/2014,7.18
8/9/2014,7.06
8/10/2014,6.95
8/11/2014,6.96
8/12/2014,6.06
8/13/2014,5.65
8/14/2014,5.04
8/15/2014,5.06
8/16/2014,5.05
8/17/2014,4.97
8/18/2014,4.35
8/19/2014,3.71
8/20/2014,4.72
8/21/2014,5.46
8/22/2014,5.8
8/23/2014,5.24
8/24/2014,4.89
8/25/2014,5.4
8/26/2014,5.2
8/27/2014,5.55
8/28/2014,5.39
8/29/2014,5.29
8/30/2014,5.36
8/31/2014,5.21
9/1/2014,4.86
9/2/2014,4.71
9/3/2014,4.82
9/4/2014,4.87
9/5/2014,5.17
9/6/2014,4.97
9/7/2014,4.99
9/8/2014,5.16
9/9/2014,5.09
9/10/2014,5.06
9/11/2014,5.34
9/12/2014,5.46
9/13/2014,5.39
9/14/2014,5.45
9/15/2014,5.4
9/16/2014,5.17
9/17/2014,5.09
9/18/2014,5.07
9/19/2014,4.69
9/20/2014,4.33
9/21/2014,4.26
9/22/2014,4.25
9/23/2014,4.24
9/24/2014,4.74
9/25/2014,4.67
9/26/2014,4.51
9/27/2014,4.43
9/28/2014,4.42
9/29/2014,4.24
9/30/2014,4.25
10/1/2014,4.47
10/2/2014,4.43
10/3/2014,4.32
10/4/2014,4.17
10/5/2014,3.94
10/6/2014,3.7
10/7/2014,3.81
10/8/2014,3.86
10/9/2014,3.91
10/10/2014,3.9
10/11/2014,3.8
10/12/2014,3.78
10/13/2014,3.85
10/14/2014,3.86
10/15/2014,4.08
10/16/2014,4.06
10/17/2014,3.99
10/18/2014,3.99
10/19/2014,4.06
10/20/2014,3.98
10/21/2014,3.91
10/22/2014,3.94
10/23/2014,3.85
10/24/2014,3.74
10/25/2014,3.75
10/26/2014,3.67
10/27/2014,3.72
10/28/2014,3.81
10/29/2014,3.85
10/30/2014,3.73
10/31/2014,3.78
11/1/2014,3.76
11/2/2014,3.58
11/3/2014,3.59
11/4/2014,3.58
11/5/2014,3.59
11/6/2014,3.64
11/7/2014,3.65
11/8/2014,3.56
11/9/2014,3.55
11/10/2014,3.63
11/11/2014,3.7
11/12/2014,3.68
11/13/2014,4.13
11/14/2014,4.09
11/15/2014,3.99
11/16/2014,3.84
11/17/2014,3.88
11/18/2014,3.88
11/19/2014,3.78
11/20/2014,3.81
11/21/2014,3.61
11/22/2014,3.5
11/23/2014,3.52
11/24/2014,3.59
11/25/2014,3.62
11/26/2014,3.57
11/27/2014,3.57
11/28/2014,3.56
11/29/2014,3.6
11/30/2014,3.59
12/1/2014,3.58
12/2/2014,3.58
12/3/2014,3.63
12/4/2014,3.61
12/5/2014,3.59
12/6/2014,3.62
12/7/2014,3.62
12/8/2014,3.71
12/9/2014,3.66
12/10/2014,3.52
12/11/2014,3.49
12/12/2014,3.48
12/13/2014,3.49
12/14/2014,3.48
12/15/2014,3.48
12/16/2014,3.45
12/17/2014,3.01
12/18/2014,2.94
12/19/2014,2.81
12/20/2014,2.87
12/21/2014,2.91
12/22/2014,2.86
12/23/2014,2.89
12/24/2014,2.88
12/25/2014,2.74
12/26/2014,2.7
12/27/2014,2.78
12/28/2014,2.72
12/29/2014,2.73
12/30/2014,2.7
12/31/2014,2.7
1/1/2015,2.72
1/2/2015,2.7
1/3/2015,2.67
1/4/2015,2.11
1/5/2015,1.96
1/6/2015,2.08
1/7/2015,2.12
1/8/2015,2.12
1/9/2015,2.01
1/10/2015,1.97
1/11/2015,1.65
1/12/2015,1.72
1/13/2015,1.71
1/14/2015,1.55
1/15/2015,1.15
1/16/2015,1.28
1/17/2015,1.4
1/18/2015,1.3
1/19/2015,1.33
1/20/2015,1.34
1/21/2015,1.32
1/22/2015,1.37
1/23/2015,1.41
1/24/2015,1.43
1/25/2015,1.84
1/26/2015,2.25
1/27/2015,2.07
1/28/2015,2.09
1/29/2015,1.88
1/30/2015,1.91
1/31/2015,1.9
2/1/2015,1.88
2/2/2015,1.81
2/3/2015,1.87
2/4/2015,1.82
2/5/2015,1.79
2/6/2015,1.74
2/7/2015,1.76
2/8/2015,1.79
2/9/2015,1.79
2/10/2015,1.73
2/11/2015,1.76
2/12/2015,1.73
2/13/2015,1.76
2/14/2015,1.82
2/15/2015,1.94
2/16/2015,1.84
2/17/2015,1.79
2/18/2015,1.86
2/19/2015,1.83
2/20/2015,1.84
2/21/2015,1.85
2/22/2015,1.85
2/23/2015,1.8
2/24/2015,1.81
2/25/2015,1.83
2/26/2015,1.81
2/27/2015,1.8
2/28/2015,1.85
3/1/2015,1.85
3/2/2015,1.89
3/3/2015,1.94
3/4/2015,1.96
3/5/2015,1.92
3/6/2015,1.92
3/7/2015,1.89
3/8/2015,1.91
3/9/2015,1.89
3/10/2015,1.94
3/11/2015,2.01
3/12/2015,2.02
3/13/2015,2.04
3/14/2015,2
3/15/2015,1.99
3/16/2015,2.02
3/17/2015,2.03
3/18/2015,1.98
3/19/2015,1.74
3/20/2015,1.76
3/21/2015,1.77
3/22/2015,1.75
3/23/2015,1.8
3/24/2015,1.78
3/25/2015,1.65
3/26/2015,1.67
3/27/2015,1.69
3/28/2015,1.68
3/29/2015,1.7
3/30/2015,1.66
3/31/2015,1.67
4/1/2015,1.65
4/2/2015,1.67
4/3/2015,1.68
4/4/2015,1.7
4/5/2015,1.68
4/6/2015,1.7
4/7/2015,1.69
4/8/2015,1.67
4/9/2015,1.62
4/10/2015,1.59
4/11/2015,1.52
4/12/2015,1.46
4/13/2015,1.47
4/14/2015,1.38
4/15/2015,1.38
4/16/2015,1.38
4/17/2015,1.42
4/18/2015,1.41
4/19/2015,1.41
4/20/2015,1.38
4/21/2015,1.41
4/22/2015,1.43
4/23/2015,1.46
4/24/2015,1.46
4/25/2015,1.42
4/26/2015,1.4
4/27/2015,1.32
4/28/2015,1.38
4/29/2015,1.36
4/30/2015,1.36
5/1/2015,1.44
5/2/2015,1.41
5/3/2015,1.42
5/4/2015,1.43
5/5/2015,1.41
5/6/2015,1.41
5/7/2015,1.39
5/8/2015,1.45
5/9/2015,1.48
5/10/2015,1.45
5/11/2015,1.44
5/12/2015,1.44
5/13/2015,1.44
5/14/2015,1.45
5/15/2015,1.45
5/16/2015,1.45
5/17/2015,1.45
5/18/2015,1.45
5/19/2015,1.45
5/20/2015,1.45
5/21/2015,1.46
5/22/2015,1.48
5/23/2015,1.83
5/24/2015,1.79
5/25/2015,1.83
5/26/2015,1.8
5/27/2015,1.82
5/28/2015,1.85
5/29/2015,1.84
5/30/2015,1.83
5/31/2015,1.81
6/1/2015,1.64
6/2/2015,1.62
6/3/2015,1.67
6/4/2015,1.69
6/5/2015,1.67
6/6/2015,1.76
6/7/2015,1.76
6/8/2015,1.73
6/9/2015,1.78
6/10/2015,1.8
6/11/2015,1.76
6/12/2015,1.79
6/13/2015,1.8
6/14/2015,1.86
6/15/2015,2
6/16/2015,2.02
6/17/2015,2.9
6/18/2015,2.89
6/19/2015,3.1
6/20/2015,2.81
6/21/2015,3.04
6/22/2015,3.02
6/23/2015,3.03
6/24/2015,2.97
6/25/2015,2.77
6/26/2015,2.85
6/27/2015,2.86
6/28/2015,3.09
6/29/2015,3.19
6/30/2015,3.74
7/1/2015,4.09
7/2/2015,3.93
7/3/2015,4.06
7/4/2015,4.12
7/5/2015,4.13
7/6/2015,4.95
7/7/2015,5.44
7/8/2015,5.25
7/9/2015,6.36
7/10/2015,7.53
7/11/2015,4.48
7/12/2015,4.39
7/13/2015,5.3
7/14/2015,4.68
7/15/2015,4.65
7/16/2015,4.2
7/17/2015,3.72
7/18/2015,3.78
7/19/2015,4
7/20/2015,3.77
7/21/2015,3.93
7/22/2015,3.78
7/23/2015,3.83
7/24/2015,3.79
7/25/2015,4.6
7/26/2015,4.63
7/27/2015,4.68
7/28/2015,4.67
7/29/2015,5.05
7/30/2015,4.79
7/31/2015,4.58
8/1/2015,4.64
8/2/2015,4.09
8/3/2015,4.17
8/4/2015,4.18
8/5/2015,4.37
8/6/2015,4.35
8/7/2015,4.06
8/8/2015,4.22
8/9/2015,3.84
8/10/2015,3.9
8/11/2015,3.95
8/12/2015,4.14
8/13/2015,3.97
8/14/2015,3.88
8/15/2015,4.02
8/16/2015,3.93
8/17/2015,3.96
8/18/2015,3.98
8/19/2015,3.48
8/20/2015,3.47
8/21/2015,3.6
8/22/2015,3.56
8/23/2015,3.51
8/24/2015,3.39
8/25/2015,2.98
8/26/2015,2.95
8/27/2015,2.95
8/28/2015,2.84
8/29/2015,2.92
8/30/2015,2.87
8/31/2015,2.85
9/1/2015,2.85
9/2/2015,2.82
9/3/2015,2.8
9/4/2015,2.64
9/5/2015,2.7
9/6/2015,2.92
9/7/2015,3.04
9/8/2015,3.05
9/9/2015,3.05
9/10/2015,2.92
9/11/2015,2.95
9/12/2015,2.96
9/13/2015,2.82
9/14/2015,2.81
9/15/2015,2.84
9/16/2015,2.83
9/17/2015,2.81
9/18/2015,2.91
9/19/2015,2.95
9/20/2015,2.88
9/21/2015,2.85
9/22/2015,2.8
9/23/2015,2.86
9/24/2015,2.87
9/25/2015,2.93
9/26/2015,2.89
9/27/2015,2.89
9/28/2015,2.88
9/29/2015,3.1
9/30/2015,2.97
10/1/2015,3.01
10/2/2015,3
10/3/2015,3
10/4/2015,3.03
10/5/2015,3.02
10/6/2015,3.02
10/7/2015,3.15
10/8/2015,3.06
10/9/2015,3.07
10/10/2015,3.11
10/11/2015,3.11
10/12/2015,3.15
10/13/2015,3.14
10/14/2015,3.18
10/15/2015,3.15
10/16/2015,3.11
10/17/2015,3.11
10/18/2015,3.07
10/19/2015,3.03
10/20/2015,3.05
10/21/2015,3.09
10/22/2015,3.08
10/23/2015,3.12
10/24/2015,3.11
10/25/2015,3.11
10/26/2015,3.07
10/27/2015,3.11
10/28/2015,3.1
10/29/2015,3.1
10/30/2015,3.77
10/31/2015,4.08
11/1/2015,3.82
11/2/2015,3.98
11/3/2015,4.17
11/4/2015,4.58
11/5/2015,4.2
11/6/2015,3.95
11/7/2015,3.55
11/8/2015,3.62
11/9/2015,3.43
11/10/2015,3.4
11/11/2015,3.12
11/12/2015,2.97
11/13/2015,3.27
11/14/2015,3.22
11/15/2015,3.2
11/16/2015,3.07
11/17/2015,3.19
11/18/2015,3.2
11/19/2015,3.19
11/20/2015,3.14
11/21/2015,3.12
11/22/2015,3.16
11/23/2015,3.14
11/24/2015,3.13
11/25/2015,3.11
11/26/2015,3.35
11/27/2015,3.6
11/28/2015,3.58
11/29/2015,3.53
11/30/2015,3.66
12/1/2015,3.63
12/2/2015,3.43
12/3/2015,3.35
12/4/2015,3.38
12/5/2015,3.37
12/6/2015,3.53
12/7/2015,3.45
12/8/2015,3.65
12/9/2015,3.68
12/10/2015,3.67
12/11/2015,3.67
12/12/2015,3.84
12/13/2015,3.6
12/14/2015,3.64
12/15/2015,3.62
12/16/2015,3.84
12/17/2015,3.7
12/18/2015,3.75
12/19/2015,3.77
12/20/2015,3.74
12/21/2015,3.55
12/22/2015,3.46
12/23/2015,3.43
12/24/2015,3.59
12/25/2015,3.65
12/26/2015,3.64
12/27/2015,3.42
12/28/2015,3.48
12/29/2015,3.47
12/30/2015,3.51
12/31/2015,3.46
1/1/2016,3.48
1/2/2016,3.52
1/3/2016,3.5
1/4/2016,3.48
1/5/2016,3.49
1/6/2016,3.47
1/7/2016,3.45
1/8/2016,3.6
1/9/2016,3.57
1/10/2016,3.56
1/11/2016,3.53
1/12/2016,3.55
1/13/2016,3.49
1/14/2016,3.47
1/15/2016,3.46
1/16/2016,2.97
1/17/2016,3.09
1/18/2016,3.02
1/19/2016,3.05
1/20/2016,3.01
1/21/2016,3.38
1/22/2016,3.23
1/23/2016,3.08
1/24/2016,3.11
1/25/2016,3.19
1/26/2016,3.13
1/27/2016,3.16
1/28/2016,3.29
1/29/2016,3.14
1/30/2016,3.12
1/31/2016,3.1
2/1/2016,3.07
2/2/2016,3.09
2/3/2016,3.09
2/4/2016,3.06
2/5/2016,3.17
2/6/2016,3.15
2/7/2016,3.11
2/8/2016,3.09
2/9/2016,3.08
2/10/2016,3.09
2/11/2016,3.11
2/12/2016,3.09
2/13/2016,3.12
2/14/2016,3.15
2/15/2016,3.23
2/16/2016,3.2
2/17/2016,3.23
2/18/2016,3.25
2/19/2016,3.26
2/20/2016,3.27
2/21/2016,3.46
2/22/2016,3.47
2/23/2016,3.49
2/24/2016,3.4
2/25/2016,3.39
2/26/2016,3.37
2/27/2016,3.43
2/28/2016,3.41
2/29/2016,3.44
3/1/2016,3.45
3/2/2016,3.43
3/3/2016,3.36
3/4/2016,3.32
3/5/2016,3.25
3/6/2016,3.19
3/7/2016,3.22
3/8/2016,3.27
3/9/2016,3.25
3/10/2016,3.28
3/11/2016,3.29
3/12/2016,3.39
3/13/2016,3.29
3/14/2016,3.31
3/15/2016,3.3
3/16/2016,3.31
3/17/2016,3.31
3/18/2016,3.31
3/19/2016,3.17
3/20/2016,3.18
3/21/2016,3.21
3/22/2016,3.2
3/23/2016,3.23
3/24/2016,3.25
3/25/2016,3.23
3/26/2016,3.23
3/27/2016,3.23
3/28/2016,3.3
3/29/2016,3.26
3/30/2016,3.23
3/31/2016,3.23
4/1/2016,3.25
4/2/2016,3.25
4/3/2016,3.26
4/4/2016,3.26
4/5/2016,3.25
4/6/2016,3.26
4/7/2016,3.26
4/8/2016,3.24
4/9/2016,3.22
4/10/2016,3.22
4/11/2016,3.23
4/12/2016,3.24
4/13/2016,3.26
4/14/2016,3.25
4/15/2016,3.24
4/16/2016,3.28
4/17/2016,3.28
4/18/2016,3.26
4/19/2016,3.25
4/20/2016,3.29
4/21/2016,3.28
4/22/2016,3.35
4/23/2016,3.32
4/24/2016,3.35
4/25/2016,3.62
4/26/2016,3.8
4/27/2016,4.05
4/28/2016,3.88
4/29/2016,3.79
4/30/2016,3.81
5/1/2016,3.66
5/2/2016,3.71
5/3/2016,3.68
5/4/2016,3.74
5/5/2016,3.74
5/6/2016,3.72
5/7/2016,3.82
5/8/2016,3.94
5/9/2016,3.94
5/10/2016,4.06
5/11/2016,3.82
5/12/2016,3.88
5/13/2016,3.86
5/14/2016,3.93
5/15/2016,4.01
5/16/2016,4.06
5/17/2016,4
5/18/2016,3.98
5/19/2016,4
5/20/2016,3.82
5/21/2016,3.88
5/22/2016,3.96
5/23/2016,3.92
5/24/2016,3.96
5/25/2016,3.95
5/26/2016,4.05
5/27/2016,4.09
5/28/2016,4.51
5/29/2016,4.69
5/30/2016,4.63
5/31/2016,4.69
6/1/2016,4.65
6/2/2016,4.74
6/3/2016,4.72
6/4/2016,4.86
6/5/2016,4.8
6/6/2016,4.81
6/7/2016,4.95
6/8/2016,4.77
6/9/2016,4.78
6/10/2016,4.75
6/11/2016,4.88
6/12/2016,5.07
6/13/2016,5.41
6/14/2016,5.31
6/15/2016,5.22
6/16/2016,5.25
6/17/2016,5.67
6/18/2016,5.6
6/19/2016,5.56
6/20/2016,5.63
6/21/2016,5.27
6/22/2016,4.83
6/23/2016,3.92
6/24/2016,3.85
6/25/2016,4.27
6/26/2016,4.24
6/27/2016,4.05
6/28/2016,4.14
6/29/2016,4.1
6/30/2016,4.08
7/1/2016,4.19
7/2/2016,4.28
7/3/2016,4.66
7/4/2016,4.27
7/5/2016,4.56
7/6/2016,4.46
7/7/2016,4.5
7/8/2016,4.12
7/9/2016,4.24
7/10/2016,4.12
7/11/2016,4.12
7/12/2016,4.09
7/13/2016,4.16
7/14/2016,4.14
7/15/2016,4.15
7/16/2016,4.15
7/17/2016,4.14
7/18/2016,4.2
7/19/2016,4.15
7/20/2016,4.15
7/21/2016,4.13
7/22/2016,4.13
7/23/2016,4.04
7/24/2016,4.06
7/25/2016,4.07
7/26/2016,4.04
7/27/2016,3.96
7/28/2016,3.97
7/29/2016,3.97
7/30/2016,4.08
7/31/2016,4.08
8/1/2016,4.06
8/2/2016,3.87
8/3/2016,3.64
8/4/2016,3.71
8/5/2016,3.74
8/6/2016,3.72
8/7/2016,3.76
8/8/2016,3.77
8/9/2016,3.78
8/10/2016,3.76
8/11/2016,3.72
8/12/2016,3.74
8/13/2016,3.71
8/14/2016,3.72
8/15/2016,3.65
8/16/2016,3.59
8/17/2016,3.65
8/18/2016,3.6
8/19/2016,3.61
8/20/2016,3.61
8/21/2016,3.62
8/22/2016,3.62
8/23/2016,3.66
8/24/2016,3.93
8/25/2016,3.86
8/26/2016,3.8
8/27/2016,3.82
8/28/2016,3.74
8/29/2016,3.74
8/30/2016,3.77
8/31/2016,3.81
9/1/2016,3.8
9/2/2016,3.84
9/3/2016,3.83
9/4/2016,3.89
9/5/2016,4.02
9/6/2016,3.98
9/7/2016,3.99
9/8/2016,3.97
9/9/2016,3.98
9/10/2016,3.97
9/11/2016,3.97
9/12/2016,3.87
9/13/2016,3.83
9/14/2016,3.82
9/15/2016,3.83
9/16/2016,3.82
9/17/2016,3.8
9/18/2016,3.81
9/19/2016,4.04
9/20/2016,3.83
9/21/2016,3.87
9/22/2016,3.86
9/23/2016,3.77
9/24/2016,3.81
9/25/2016,3.8
9/26/2016,3.8
9/27/2016,3.86
9/28/2016,3.85
9/29/2016,3.84
9/30/2016,3.84
10/1/2016,3.85
10/2/2016,3.85
10/3/2016,3.85
10/4/2016,3.84
10/5/2016,3.83
10/6/2016,3.85
10/7/2016,3.84
10/8/2016,3.86
10/9/2016,3.84
10/10/2016,3.82
10/11/2016,3.8
10/12/2016,3.82
10/13/2016,3.75
10/14/2016,3.91
10/15/2016,3.9
10/16/2016,3.88
10/17/2016,3.89
10/18/2016,3.95
10/19/2016,3.85
10/20/2016,3.81
10/21/2016,3.79
10/22/2016,3.81
10/23/2016,3.89
10/24/2016,3.92
10/25/2016,3.87
10/26/2016,3.91
10/27/2016,3.96
10/28/2016,4.04
10/29/2016,3.98
10/30/2016,4.1
10/31/2016,4.04
11/1/2016,4
11/2/2016,4.09
11/3/2016,4.11
11/4/2016,3.86
11/5/2016,3.88
11/6/2016,3.86
11/7/2016,3.89
11/8/2016,3.84
11/9/2016,3.85
11/10/2016,3.86
11/11/2016,3.84
11/12/2016,3.81
11/13/2016,3.77
11/14/2016,3.88
11/15/2016,3.89
11/16/2016,3.9
11/17/2016,4.06
11/18/2016,3.96
11/19/2016,3.98
11/20/2016,3.97
11/21/2016,3.93
11/22/2016,3.95
11/23/2016,3.97
11/24/2016,3.93
11/25/2016,3.91
11/26/2016,3.92
11/27/2016,3.91
11/28/2016,3.9
11/29/2016,3.89
11/30/2016,3.89
12/1/2016,3.91
12/2/2016,3.92
12/3/2016,3.95
12/4/2016,3.93
12/5/2016,3.88
12/6/2016,3.49
12/7/2016,3.54
12/8/2016,3.6
12/9/2016,3.69
12/10/2016,3.69
12/11/2016,3.69
12/12/2016,3.64
12/13/2016,3.67
12/14/2016,3.66
12/15/2016,3.61
12/16/2016,3.63
12/17/2016,3.63
12/18/2016,3.7
12/19/2016,3.68
12/20/2016,3.66
12/21/2016,3.66
12/22/2016,3.67
12/23/2016,3.72
12/24/2016,4.65
12/25/2016,4.56
12/26/2016,4.35
12/27/2016,4.37
12/28/2016,4.49
12/29/2016,4.58
12/30/2016,4.56
12/31/2016,4.39
1/1/2017,4.33
1/2/2017,4.52
1/3/2017,4.66
1/4/2017,4.63
1/5/2017,4.91
1/6/2017,4.3
1/7/2017,3.86
1/8/2017,3.96
1/9/2017,4
1/10/2017,4.3
1/11/2017,4.6
1/12/2017,3.84
1/13/2017,3.95
1/14/2017,3.89
1/15/2017,3.89
1/16/2017,3.92
1/17/2017,3.91
1/18/2017,3.94
1/19/2017,3.84
1/20/2017,3.86
1/21/2017,3.89
1/22/2017,3.9
1/23/2017,3.86
1/24/2017,3.84
1/25/2017,3.79
1/26/2017,3.71
1/27/2017,3.84
1/28/2017,3.85
1/29/2017,3.85
1/30/2017,3.86
1/31/2017,4.02
2/1/2017,4.08
2/2/2017,4.08
2/3/2017,4.08
2/4/2017,4.08
2/5/2017,4.07
2/6/2017,4.06
2/7/2017,4.05
2/8/2017,4.05
2/9/2017,4.03
2/10/2017,3.8
2/11/2017,3.78
2/12/2017,3.8
2/13/2017,3.77
2/14/2017,3.72
2/15/2017,3.77
2/16/2017,3.8
2/17/2017,3.78
2/18/2017,3.83
2/19/2017,3.79
2/20/2017,3.77
2/21/2017,3.76
2/22/2017,3.79
2/23/2017,3.8
2/24/2017,3.83
2/25/2017,3.85
2/26/2017,3.82
2/27/2017,3.81
2/28/2017,3.8
3/1/2017,3.77
3/2/2017,3.8
3/3/2017,3.92
3/4/2017,3.91
3/5/2017,3.86
3/6/2017,3.87
3/7/2017,3.89
3/8/2017,3.81
3/9/2017,3.77
3/10/2017,3.83
3/11/2017,3.76
3/12/2017,3.79
3/13/2017,3.85
3/14/2017,4.17
3/15/2017,4.05
3/16/2017,4.15
3/17/2017,4.23
3/18/2017,4.04
3/19/2017,3.96
3/20/2017,3.95
3/21/2017,4.04
3/22/2017,3.99
3/23/2017,3.93
3/24/2017,3.97
3/25/2017,4.07
3/26/2017,4.07
3/27/2017,4.07
3/28/2017,4.07
3/29/2017,4.14
3/30/2017,4.18
3/31/2017,7.02
4/1/2017,6.65
4/2/2017,6.86
4/3/2017,7.74
4/4/2017,8.12
4/5/2017,8.25
4/6/2017,11.12
4/7/2017,10.22
4/8/2017,9.34
4/9/2017,9.89
4/10/2017,8.72
4/11/2017,8.91
4/12/2017,8.83
4/13/2017,10.76
4/14/2017,10.13
4/15/2017,10.34
4/16/2017,10.75
4/17/2017,10.6
4/18/2017,10.42
4/19/2017,10.31
4/20/2017,9.63
4/21/2017,10.29
4/22/2017,11.18
4/23/2017,13.07
4/24/2017,13.96
4/25/2017,14.98
4/26/2017,15.21
4/27/2017,14.84
4/28/2017,14.59
4/29/2017,14.4
4/30/2017,15.7
5/1/2017,15.71
5/2/2017,15.92
5/3/2017,15.88
5/4/2017,21.04
5/5/2017,23.47
5/6/2017,26.47
5/7/2017,28.2
5/8/2017,30.37
5/9/2017,28.96
5/10/2017,33.3
5/11/2017,32.66
5/12/2017,30.93
5/13/2017,27.22
5/14/2017,29.09
5/15/2017,28.89
5/16/2017,25.34
5/17/2017,23.24
5/18/2017,25.17
5/19/2017,28.29
5/20/2017,27.68
5/21/2017,27.48
5/22/2017,26.14
5/23/2017,25.3
5/24/2017,32.12
5/25/2017,34.47
5/26/2017,30.33
5/27/2017,23.4
5/28/2017,24.01
5/29/2017,24.32
5/30/2017,25.32
5/31/2017,24.29
6/1/2017,25.34
6/2/2017,28.9
6/3/2017,29.04
6/4/2017,27.65
6/5/2017,28.09
6/6/2017,30.84
6/7/2017,30.57
6/8/2017,28.38
6/9/2017,30.19
6/10/2017,29.68
6/11/2017,30.5
6/12/2017,33.23
6/13/2017,29.49
6/14/2017,30.74
6/15/2017,30.22
6/16/2017,30.28
6/17/2017,36.18
6/18/2017,47.44
6/19/2017,46.16
6/20/2017,50.41
6/21/2017,47.3
6/22/2017,47.72
6/23/2017,47.75
6/24/2017,47.25
6/25/2017,44.49
6/26/2017,44.04
6/27/2017,41.13
6/28/2017,40.82
6/29/2017,42.83
6/30/2017,41.04
7/1/2017,40.4
7/2/2017,38.95
7/3/2017,41.48
7/4/2017,46.56
7/5/2017,55.27
7/6/2017,53.2
7/7/2017,51.1
7/8/2017,46.64
7/9/2017,52.36
7/10/2017,49.91
7/11/2017,46.27
7/12/2017,45.26
7/13/2017,48.72
7/14/2017,46.36
7/15/2017,42.81
7/16/2017,38.92
7/17/2017,41.19
7/18/2017,42.62
7/19/2017,44.35
7/20/2017,40.96
7/21/2017,45.07
7/22/2017,45.77
7/23/2017,46.63
7/24/2017,44.16
7/25/2017,44.48
7/26/2017,42.29
7/27/2017,42.35
7/28/2017,42.22
7/29/2017,40.56
7/30/2017,41.18
7/31/2017,40.34
8/1/2017,43.02
8/2/2017,43.07
8/3/2017,42.19
8/4/2017,42.89
8/5/2017,43.49
8/6/2017,46.85
8/7/2017,45.17
8/8/2017,45.9
8/9/2017,48.59
8/10/2017,48.05
8/11/2017,46.4
8/12/2017,47.05
8/13/2017,46.57
8/14/2017,45.83
8/15/2017,45.81
8/16/2017,43.37
8/17/2017,44.18
8/18/2017,43.9
8/19/2017,47.05
8/20/2017,45.38
8/21/2017,46.19
8/22/2017,47.9
8/23/2017,46.71
8/24/2017,52.82
8/25/2017,50.17
8/26/2017,51.17
8/27/2017,51.8
8/28/2017,61.36
8/29/2017,62.39
8/30/2017,63.16
8/31/2017,64.16
9/1/2017,70.86
9/2/2017,85.83
9/3/2017,78.98
9/4/2017,76.73
9/5/2017,65.25
9/6/2017,71.78
9/7/2017,79.88
9/8/2017,78.45
9/9/2017,67.21
9/10/2017,65.8
9/11/2017,61.65
9/12/2017,66.24
9/13/2017,64.32
9/14/2017,61.64
9/15/2017,41.69
9/16/2017,48.13
9/17/2017,48.23
9/18/2017,48.53
9/19/2017,55.68
9/20/2017,52.74
9/21/2017,51.66
9/22/2017,46.65
9/23/2017,48.16
9/24/2017,49.25
9/25/2017,47.62
9/26/2017,51.69
9/27/2017,51.58
9/28/2017,56.21
9/29/2017,54.11
9/30/2017,52.63
10/1/2017,55.14
10/2/2017,54.55
10/3/2017,53.39
10/4/2017,52.28
10/5/2017,51.4
10/6/2017,51.64
10/7/2017,52.14
10/8/2017,52.49
10/9/2017,53.08
10/10/2017,50.15
10/11/2017,50.75
10/12/2017,50.89
10/13/2017,60.55
10/14/2017,59.41
10/15/2017,64.13
10/16/2017,65.72
10/17/2017,64.67
10/18/2017,59.59
10/19/2017,60.82
10/20/2017,59.81
10/21/2017,60.3
10/22/2017,58.27
10/23/2017,56.77
10/24/2017,54.96
10/25/2017,55.95
10/26/2017,56.47
10/27/2017,55.67
10/28/2017,55.38
10/29/2017,54.67
10/30/2017,56.84
10/31/2017,56.37
11/1/2017,55.74
11/2/2017,53.56
11/3/2017,54.58
11/4/2017,56.22
11/5/2017,55.03
11/6/2017,54.76
11/7/2017,54.99
11/8/2017,61.11
11/9/2017,62.49
11/10/2017,64.44
11/11/2017,59.35
11/12/2017,62.31
11/13/2017,59.18
11/14/2017,61.64
11/15/2017,62.78
11/16/2017,63.81
11/17/2017,70.45
11/18/2017,67.41
11/19/2017,69.51
11/20/2017,71.41
11/21/2017,72.2
11/22/2017,70.18
11/23/2017,71.98
11/24/2017,73.14
11/25/2017,77.91
11/26/2017,88.94
11/27/2017,85.89
11/28/2017,91.72
11/29/2017,96.01
11/30/2017,86.25
12/1/2017,88
12/2/2017,98.94
12/3/2017,100.19
12/4/2017,101.4
12/5/2017,104.28
12/6/2017,102.48
12/7/2017,99.98
12/8/2017,98.33
12/9/2017,127.48
12/10/2017,155.63
12/11/2017,148.26
12/12/2017,212.46
12/13/2017,315.36
12/14/2017,301.2
12/15/2017,280.97
12/16/2017,299.34
12/17/2017,301.78
12/18/2017,318.95
12/19/2017,359.13
12/20/2017,349.6
12/21/2017,314.66
12/22/2017,319.26
12/23/2017,269.27
12/24/2017,291.01
12/25/2017,277.49
12/26/2017,273.11
12/27/2017,286.59
12/28/2017,272.13
12/29/2017,250.35
12/30/2017,245.09
12/31/2017,216.98
1/1/2018,231.67
1/2/2018,228.99
1/3/2018,255.7
1/4/2018,245.48
1/5/2018,241.03
1/6/2018,249.77
1/7/2018,296.05
1/8/2018,287.73
1/9/2018,254.61
1/10/2018,248.07
1/11/2018,251.52
1/12/2018,229.79
1/13/2018,236.88
1/14/2018,260.58
1/15/2018,237.29
1/16/2018,232.82
1/17/2018,190.15
1/18/2018,186.95
1/19/2018,191.19
1/20/2018,194.38
1/21/2018,211.24
1/22/2018,191.79
1/23/2018,180.28
1/24/2018,178.43
1/25/2018,181.56
1/26/2018,179.82
1/27/2018,176.66
1/28/2018,181.42
1/29/2018,193.75
1/30/2018,181.45
1/31/2018,165.3
2/1/2018,163.68
2/2/2018,142.56
2/3/2018,131.4
2/4/2018,160.38
2/5/2018,148.73
2/6/2018,127.52
2/7/2018,142.48
2/8/2018,138.34
2/9/2018,149.73
2/10/2018,163.49
2/11/2018,155.39
2/12/2018,150.1
2/13/2018,161.77
2/14/2018,159.58
2/15/2018,212.35
2/16/2018,225.5
2/17/2018,229.5
2/18/2018,230.51
2/19/2018,215.41
2/20/2018,223.09
2/21/2018,230.95
2/22/2018,212.84
2/23/2018,194.19
2/24/2018,210.64
2/25/2018,208.13
2/26/2018,222.14
2/27/2018,221.71
2/28/2018,217.28
3/1/2018,203.12
3/2/2018,209.55
3/3/2018,213.84
3/4/2018,210.24
3/5/2018,213.74
3/6/2018,210.51
3/7/2018,196.83
3/8/2018,185.7
3/9/2018,176.48
3/10/2018,188.11
3/11/2018,177.51
3/12/2018,189.02
3/13/2018,177.6
3/14/2018,175.94
3/15/2018,161.2
3/16/2018,164.82
3/17/2018,165.19
3/18/2018,152.54
3/19/2018,155.48
3/20/2018,161.52
3/21/2018,169.56
3/22/2018,168.72
3/23/2018,163.58
3/24/2018,168.53
3/25/2018,158.86
3/26/2018,160.16
3/27/2018,148.96
3/28/2018,135.49
3/29/2018,131.93
3/30/2018,114.8
3/31/2018,118.64
4/1/2018,116.9
4/2/2018,115.24
4/3/2018,119.51
4/4/2018,133.91
4/5/2018,118.21
4/6/2018,118.82
4/7/2018,113.14
4/8/2018,116.29
4/9/2018,117.78
4/10/2018,115.21
4/11/2018,114.29
4/12/2018,118.29
4/13/2018,129.27
4/14/2018,125.22
4/15/2018,126.67
4/16/2018,131.97
4/17/2018,128.71
4/18/2018,132.38
4/19/2018,140.04
4/20/2018,146.5
4/21/2018,155.68
4/22/2018,148.61
4/23/2018,146.67
4/24/2018,152.57
4/25/2018,165.09
4/26/2018,144.7
4/27/2018,153.44
4/28/2018,145.74
4/29/2018,152.16
4/30/2018,153.65
5/1/2018,148.34
5/2/2018,148.45
5/3/2018,151.86
5/4/2018,160.47
5/5/2018,168.35
5/6/2018,178.02
5/7/2018,171.76
5/8/2018,164.83
5/9/2018,159.62
5/10/2018,157.15
5/11/2018,149.45
5/12/2018,137.26
5/13/2018,141.8
5/14/2018,144.62
5/15/2018,147.49
5/16/2018,139.65
5/17/2018,139.56
5/18/2018,132.7
5/19/2018,135.96
5/20/2018,135.27
5/21/2018,139.64
5/22/2018,134.26
5/23/2018,128.81
5/24/2018,119.19
5/25/2018,122.56
5/26/2018,119.35
5/27/2018,118.5
5/28/2018,117.93
5/29/2018,111.84
5/30/2018,119.54
5/31/2018,117.32
6/1/2018,118.03
6/2/2018,119.83
6/3/2018,123.29
6/4/2018,125.21
6/5/2018,119.9
6/6/2018,121.89
6/7/2018,121.34
6/8/2018,121.52
6/9/2018,120.11
6/10/2018,117.56
6/11/2018,106.54
6/12/2018,107.43
6/13/2018,100.8
6/14/2018,93.99
6/15/2018,101.11
6/16/2018,96.58
6/17/2018,97.72
6/18/2018,95.77
6/19/2018,98.73
6/20/2018,98.96
6/21/2018,97.88
6/22/2018,96.94
6/23/2018,85.09
6/24/2018,82.74
6/25/2018,80.37
6/26/2018,81.82
6/27/2018,76.93
6/28/2018,80.63
6/29/2018,74.81
6/30/2018,78.95
7/1/2018,81.5
7/2/2018,80.27
7/3/2018,85.39
7/4/2018,85.17
7/5/2018,85.65
7/6/2018,83.84
7/7/2018,83.4
7/8/2018,86.26
7/9/2018,82.54
7/10/2018,80.78
7/11/2018,76.13
7/12/2018,78.59
7/13/2018,77.29
7/14/2018,76.97
7/15/2018,76.7
7/16/2018,78.96
7/17/2018,84.3
7/18/2018,89.82
7/19/2018,86.9
7/20/2018,86.68
7/21/2018,82.66
7/22/2018,84.26
7/23/2018,83.23
7/24/2018,82.68
7/25/2018,88.66
7/26/2018,86.28
7/27/2018,83.73
7/28/2018,84.54
7/29/2018,84.05
7/30/2018,84.15
7/31/2018,82.69
8/1/2018,80.39
8/2/2018,77.71
8/3/2018,76.3
8/4/2018,77.42
8/5/2018,73.38
8/6/2018,75.06
8/7/2018,74
8/8/2018,68.16
8/9/2018,62.47
8/10/2018,63.98
8/11/2018,59.49
8/12/2018,58.22
