"Date","Price","Open","High","Low","Vol.","Change %"
"Dec 01, 2019","104,154,000","107,505,000","107,849,000","103,300,000","0.44K","-3.43%"
"Nov 30, 2019","107,848,000","109,999,000","110,633,000","105,002,000","0.45K","-1.95%"
"Nov 29, 2019","109,990,000","104,636,000","110,478,000","104,444,000","0.22K","5.31%"
"Nov 28, 2019","104,446,000","106,152,000","107,198,000","103,689,000","0.25K","-1.61%"
"Nov 27, 2019","106,152,000","102,101,000","108,010,000","97,733,000","0.34K","3.97%"
"Nov 26, 2019","102,102,000","101,544,000","104,000,000","100,410,000","0.26K","0.55%"
"Nov 25, 2019","101,544,000","99,205,000","105,154,000","94,000,000","0.53K","2.36%"
"Nov 24, 2019","99,205,000","104,850,000","104,980,000","99,082,000","0.21K","-5.28%"
"Nov 23, 2019","104,730,000","104,599,000","105,357,000","102,500,000","0.20K","0.13%"
"Nov 22, 2019","104,599,000","108,595,000","110,000,000","99,000,000","0.52K","-3.68%"
"Nov 21, 2019","108,595,000","114,713,000","115,391,000","107,500,000","0.37K","-5.33%"
"Nov 20, 2019","114,713,000","115,739,000","116,264,000","114,500,000","0.17K","-0.73%"
"Nov 19, 2019","115,559,000","116,235,000","116,600,000","114,000,000","0.19K","-0.64%"
"Nov 18, 2019","116,300,000","120,705,000","120,705,000","115,732,000","0.15K","-3.65%"
"Nov 17, 2019","120,705,000","120,450,000","121,495,000","119,883,000","0.08K","0.21%"
"Nov 16, 2019","120,449,000","120,150,000","121,264,000","120,000,000","0.07K","0.25%"
"Nov 15, 2019","120,150,000","122,577,000","123,800,000","119,838,000","0.18K","-1.98%"
"Nov 14, 2019","122,577,000","124,228,000","124,365,000","122,229,000","0.19K","-1.33%"
"Nov 13, 2019","124,227,000","124,505,000","124,676,000","123,501,000","0.09K","-0.22%"
"Nov 12, 2019","124,505,000","123,784,000","125,000,000","122,307,000","0.15K","0.58%"
"Nov 11, 2019","123,783,000","126,415,000","126,999,000","122,500,000","0.21K","-2.08%"
"Nov 10, 2019","126,413,000","124,502,000","127,082,000","123,948,000","0.13K","1.53%"
"Nov 09, 2019","124,502,000","124,690,000","125,602,000","123,611,000","0.09K","-0.15%"
"Nov 08, 2019","124,690,000","129,852,000","130,257,000","123,022,000","0.28K","-3.98%"
"Nov 07, 2019","129,852,000","130,217,000","130,559,000","128,700,000","0.16K","-0.39%"
"Nov 06, 2019","130,360,000","129,709,000","131,000,000","129,015,000","0.10K","0.50%"
"Nov 05, 2019","129,709,000","131,005,000","131,199,000","128,333,000","0.21K","-1.02%"
"Nov 04, 2019","131,050,000","128,807,000","131,807,000","128,000,000","0.16K","1.74%"
"Nov 03, 2019","128,807,000","129,501,000","130,500,000","127,700,000","0.13K","-0.54%"
"Nov 02, 2019","129,501,000","129,600,000","130,300,000","129,012,000","0.08K","-0.08%"
"Nov 01, 2019","129,600,000","129,200,000","130,405,000","127,792,000","0.15K","0.31%"
"Oct 31, 2019","129,200,000","129,800,000","132,059,000","127,079,000","0.21K","-0.46%"
"Oct 30, 2019","129,800,000","131,845,000","131,969,000","127,552,000","0.20K","-1.55%"
"Oct 29, 2019","131,845,000","129,435,000","132,796,000","129,116,000","0.19K","1.86%"
"Oct 28, 2019","129,435,000","131,805,000","135,600,992","129,435,000","0.22K","-1.80%"
"Oct 27, 2019","131,806,000","127,246,000","133,970,000","125,800,000","0.27K","3.58%"
"Oct 26, 2019","127,246,000","119,950,000","143,500,000","119,950,000","0.70K","6.04%"
"Oct 25, 2019","119,997,000","106,502,000","121,750,000","105,501,000","0.45K","12.67%"
"Oct 24, 2019","106,502,000","106,265,000","107,372,000","105,105,000","0.16K","0.33%"
"Oct 23, 2019","106,155,000","114,528,000","114,529,000","105,136,000","0.38K","-7.31%"
"Oct 22, 2019","114,529,000","116,212,000","117,500,000","114,000,000","0.15K","-1.45%"
"Oct 21, 2019","116,213,000","116,225,000","117,669,000","115,383,000","0.15K","-0.01%"
"Oct 20, 2019","116,224,000","113,498,000","116,700,000","112,796,000","0.13K","2.40%"
"Oct 19, 2019","113,499,000","113,257,000","114,750,000","113,000,000","0.14K","0.21%"
"Oct 18, 2019","113,258,000","114,500,000","115,088,000","112,150,000","0.12K","-1.08%"
"Oct 17, 2019","114,500,000","114,717,000","115,900,000","112,168,000","0.21K","-0.30%"
"Oct 16, 2019","114,849,000","117,600,000","117,702,000","114,000,000","0.22K","-2.39%"
"Oct 15, 2019","117,658,000","119,700,000","120,399,000","117,501,000","0.22K","-1.77%"
"Oct 14, 2019","119,778,000","118,499,000","120,000,000","118,029,000","0.16K","1.08%"
"Oct 13, 2019","118,500,000","118,900,000","120,544,000","118,063,000","0.10K","-0.34%"
"Oct 12, 2019","118,901,000","118,467,000","119,749,000","118,396,000","0.12K","0.37%"
"Oct 11, 2019","118,467,000","121,501,000","124,999,000","118,401,000","0.27K","-2.50%"
"Oct 10, 2019","121,502,000","122,055,000","122,498,000","120,100,000","0.12K","-0.45%"
"Oct 09, 2019","122,055,000","117,031,000","122,764,000","115,742,000","0.22K","4.39%"
"Oct 08, 2019","116,925,000","116,750,000","118,637,000","116,250,000","0.16K","0.15%"
"Oct 07, 2019","116,750,000","111,843,000","117,678,000","110,082,000","0.22K","4.39%"
"Oct 06, 2019","111,843,000","115,592,000","115,948,000","111,623,000","0.16K","-3.33%"
"Oct 05, 2019","115,694,000","116,302,000","116,512,000","114,374,000","0.09K","-0.69%"
"Oct 04, 2019","116,499,000","118,101,000","118,200,000","115,565,000","0.16K","-1.36%"
"Oct 03, 2019","118,101,000","119,701,000","120,326,000","116,000,000","0.21K","-1.34%"
"Oct 02, 2019","119,701,000","119,626,000","119,996,000","117,211,000","0.19K","0.06%"
"Oct 01, 2019","119,626,000","119,350,000","122,821,000","117,900,000","0.24K","0.33%"
"Sep 30, 2019","119,232,000","115,378,000","119,517,000","112,002,000","0.30K","3.34%"
"Sep 29, 2019","115,378,000","117,559,000","117,968,000","114,500,000","0.10K","-1.85%"
"Sep 28, 2019","117,547,000","117,419,000","119,000,000","115,814,000","0.10K","0.11%"
"Sep 27, 2019","117,419,000","116,400,000","118,000,000","113,498,000","0.26K","0.87%"
"Sep 26, 2019","116,401,000","121,000,000","121,451,000","112,000,000","0.30K","-3.80%"
"Sep 25, 2019","121,000,000","124,128,000","127,078,000","118,151,000","0.39K","-2.52%"
"Sep 24, 2019","124,128,000","139,383,008","140,114,000","119,374,000","0.47K","-10.95%"
"Sep 23, 2019","139,387,008","141,936,000","142,088,992","139,000,000","0.16K","-1.83%"
"Sep 22, 2019","141,979,008","142,020,000","142,960,000","140,000,000","0.11K","-0.03%"
"Sep 21, 2019","142,020,992","143,466,000","143,900,000","141,572,000","0.07K","-1.01%"
"Sep 20, 2019","143,466,000","145,620,000","145,700,000","141,863,008","0.13K","-1.22%"
"Sep 19, 2019","145,243,008","143,859,008","146,078,000","139,079,008","0.36K","0.96%"
"Sep 18, 2019","143,858,000","143,908,000","144,574,000","143,500,992","0.10K","-0.04%"
"Sep 17, 2019","143,908,992","145,054,000","145,300,992","143,700,000","0.10K","-0.87%"
"Sep 16, 2019","145,167,008","145,000,000","145,883,008","143,418,000","0.18K","0.12%"
"Sep 15, 2019","144,999,008","145,704,992","146,026,000","144,840,000","0.07K","-0.48%"
"Sep 14, 2019","145,704,992","146,135,008","146,500,000","144,894,000","0.10K","-0.29%"
"Sep 13, 2019","146,134,000","146,520,000","146,862,000","144,300,000","0.16K","-0.25%"
"Sep 12, 2019","146,500,000","145,150,000","147,258,000","143,210,000","0.17K","0.93%"
"Sep 11, 2019","145,150,000","143,748,000","145,150,000","141,091,008","0.24K","0.98%"
"Sep 10, 2019","143,748,000","146,000,000","146,700,000","142,188,000","0.15K","-1.54%"
"Sep 09, 2019","146,000,992","147,540,000","148,500,000","144,135,008","0.28K","-1.04%"
"Sep 08, 2019","147,540,000","148,440,000","149,000,000","146,146,000","0.12K","-0.61%"
"Sep 07, 2019","148,440,000","146,800,992","148,996,992","145,967,008","0.14K","1.12%"
"Sep 06, 2019","146,800,992","148,518,000","152,500,000","145,382,000","0.32K","-1.16%"
"Sep 05, 2019","148,518,000","148,283,008","149,232,000","147,000,000","0.10K","0.16%"
"Sep 04, 2019","148,283,008","149,500,000","150,778,000","146,115,008","0.24K","-0.81%"
"Sep 03, 2019","149,500,000","147,180,000","151,500,000","145,340,992","0.35K","1.58%"
"Sep 02, 2019","147,180,000","139,799,008","147,698,000","139,500,992","0.26K","5.28%"
"Sep 01, 2019","139,799,008","138,158,000","140,704,000","137,500,000","0.08K","1.19%"
"Aug 31, 2019","138,158,000","138,312,000","138,916,992","136,903,008","0.08K","-0.11%"
"Aug 30, 2019","138,312,000","138,998,000","139,530,000","136,500,000","0.24K","-0.49%"
"Aug 29, 2019","138,998,000","142,000,000","142,094,000","135,891,008","0.28K","-2.11%"
"Aug 28, 2019","142,000,992","147,396,992","147,398,000","139,996,000","0.34K","-3.66%"
"Aug 27, 2019","147,396,992","147,584,000","147,662,000","144,762,000","0.15K","-0.13%"
"Aug 26, 2019","147,584,000","145,588,992","150,870,000","145,588,992","0.31K","1.37%"
"Aug 25, 2019","145,588,000","146,070,000","148,000,000","144,000,000","0.16K","-0.33%"
"Aug 24, 2019","146,070,000","148,170,000","148,499,008","143,500,992","0.18K","-1.42%"
"Aug 23, 2019","148,170,000","145,502,000","148,996,992","144,724,000","0.16K","1.78%"
"Aug 22, 2019","145,576,000","147,358,000","147,466,000","142,298,000","0.24K","-1.21%"
"Aug 21, 2019","147,356,992","154,504,992","155,400,000","144,555,008","0.29K","-4.63%"
"Aug 20, 2019","154,506,000","156,504,992","156,840,992","152,320,992","0.18K","-1.28%"
"Aug 19, 2019","156,504,000","148,386,000","156,504,992","147,495,008","0.21K","5.47%"
"Aug 18, 2019","148,386,000","147,344,992","150,500,000","145,931,008","0.11K","0.71%"
"Aug 17, 2019","147,344,992","149,774,000","150,500,000","145,503,008","0.11K","-1.62%"
"Aug 16, 2019","149,774,000","150,100,992","152,804,992","142,018,000","0.41K","-0.22%"
"Aug 15, 2019","150,100,992","145,110,000","153,100,000","138,500,000","0.54K","3.46%"
"Aug 14, 2019","145,076,992","156,400,992","156,400,992","145,000,000","0.40K","-7.24%"
"Aug 13, 2019","156,400,992","164,100,000","164,112,000","154,184,992","0.32K","-4.69%"
"Aug 12, 2019","164,100,000","165,648,992","165,648,992","163,495,008","0.13K","-0.91%"
"Aug 11, 2019","165,600,000","163,468,992","165,650,000","161,603,008","0.16K","1.30%"
"Aug 10, 2019","163,468,992","168,758,000","169,884,992","162,590,000","0.28K","-3.13%"
"Aug 09, 2019","168,758,000","169,731,008","170,000,000","166,000,000","0.24K","-0.57%"
"Aug 08, 2019","169,731,008","168,300,992","169,790,000","164,595,008","0.27K","0.85%"
"Aug 07, 2019","168,300,992","165,298,000","170,807,008","162,500,992","0.40K","1.82%"
"Aug 06, 2019","165,296,992","165,050,000","170,980,000","160,396,000","0.71K","0.15%"
"Aug 05, 2019","165,048,992","152,500,000","167,392,992","152,500,000","0.58K","8.23%"
"Aug 04, 2019","152,500,000","151,180,000","152,976,992","147,535,008","0.22K","0.86%"
"Aug 03, 2019","151,195,008","148,000,000","151,792,992","147,999,008","0.21K","2.16%"
"Aug 02, 2019","148,000,000","146,544,992","149,990,000","145,336,000","0.29K","0.99%"
"Aug 01, 2019","146,544,992","142,820,000","147,000,000","139,988,000","0.28K","2.61%"
"Jul 31, 2019","142,820,000","136,483,008","142,820,000","136,348,992","0.24K","4.64%"
"Jul 30, 2019","136,483,008","136,124,000","138,254,000","134,700,000","0.27K","0.26%"
"Jul 29, 2019","136,123,008","136,719,008","139,502,000","135,532,992","0.20K","-0.35%"
"Jul 28, 2019","136,599,008","135,979,008","137,800,000","133,431,000","0.18K","0.46%"
"Jul 27, 2019","135,979,008","140,206,000","143,500,000","134,000,000","0.32K","-2.98%"
"Jul 26, 2019","140,155,008","142,175,008","142,175,008","138,159,008","0.21K","-1.42%"
"Jul 25, 2019","142,175,008","139,804,992","146,999,008","139,764,000","0.27K","1.56%"
"Jul 24, 2019","139,994,000","141,544,992","141,600,000","136,600,000","0.26K","-1.10%"
"Jul 23, 2019","141,544,992","146,252,000","146,536,992","140,876,992","0.25K","-3.22%"
"Jul 22, 2019","146,252,000","149,351,008","150,452,992","143,678,000","0.25K","-2.07%"
"Jul 21, 2019","149,350,000","150,514,000","151,372,000","145,000,992","0.25K","-0.77%"
"Jul 20, 2019","150,503,008","147,200,000","153,743,008","146,212,000","0.25K","2.24%"
"Jul 19, 2019","147,199,008","149,199,008","150,299,008","143,000,000","0.35K","-1.34%"
"Jul 18, 2019","149,199,008","137,510,000","150,600,000","132,300,000","0.50K","8.50%"
"Jul 17, 2019","137,510,000","135,500,992","141,800,000","129,241,000","0.66K","1.49%"
"Jul 16, 2019","135,484,992","155,372,992","157,000,992","135,000,000","0.53K","-12.85%"
"Jul 15, 2019","155,464,000","147,802,000","156,878,000","142,000,000","0.69K","5.18%"
"Jul 14, 2019","147,802,000","165,000,000","166,008,000","147,008,992","0.47K","-10.42%"
"Jul 13, 2019","165,000,000","169,452,000","170,000,000","160,128,992","0.24K","-2.63%"
"Jul 12, 2019","169,452,000","164,790,000","171,834,000","162,500,000","0.28K","2.83%"
"Jul 11, 2019","164,790,000","174,499,008","174,650,000","160,520,000","0.47K","-5.65%"
"Jul 10, 2019","174,650,000","176,700,000","183,748,992","170,208,000","0.67K","-1.19%"
"Jul 09, 2019","176,755,008","172,511,008","177,764,992","171,400,000","0.49K","2.46%"
"Jul 08, 2019","172,511,008","163,248,992","174,044,000","161,750,000","0.41K","5.67%"
"Jul 07, 2019","163,248,992","162,782,000","164,696,000","160,550,000","0.24K","0.29%"
"Jul 06, 2019","162,782,000","159,400,992","167,500,992","159,400,992","0.31K","2.12%"
"Jul 05, 2019","159,400,992","160,899,008","164,499,008","156,500,000","0.36K","-0.93%"
"Jul 04, 2019","160,899,008","169,611,008","170,404,000","160,000,000","0.48K","-5.05%"
"Jul 03, 2019","169,456,000","156,075,008","170,000,000","155,508,992","0.67K","8.57%"
"Jul 02, 2019","156,075,008","154,750,000","156,504,000","141,220,000","0.76K","0.86%"
"Jul 01, 2019","154,750,000","158,492,000","164,723,008","145,880,000","0.62K","-2.40%"
"Jun 30, 2019","158,559,008","172,302,000","174,798,000","158,500,992","0.48K","-7.98%"
"Jun 29, 2019","172,300,000","179,300,000","179,300,000","165,870,000","0.44K","-3.90%"
"Jun 28, 2019","179,300,000","162,303,008","180,526,000","155,008,992","0.89K","10.47%"
"Jun 27, 2019","162,303,008","191,812,992","196,380,000","150,002,000","1.34K","-15.25%"
"Jun 26, 2019","191,500,992","169,296,992","199,800,000","168,900,000","1.22K","13.12%"
"Jun 25, 2019","169,296,992","157,500,000","169,399,008","157,500,000","0.44K","7.49%"
"Jun 24, 2019","157,500,000","154,368,000","158,495,008","151,600,000","0.25K","2.05%"
"Jun 23, 2019","154,339,008","153,548,992","158,999,008","150,000,000","0.26K","0.51%"
"Jun 22, 2019","153,548,992","144,498,000","160,000,000","143,311,008","0.81K","6.26%"
"Jun 21, 2019","144,498,000","136,006,000","144,500,000","136,002,000","0.44K","6.24%"
"Jun 20, 2019","136,006,000","132,249,000","136,500,000","131,971,000","0.30K","2.84%"
"Jun 19, 2019","132,248,000","129,533,000","133,165,000","129,204,000","0.26K","2.10%"
"Jun 18, 2019","129,532,000","131,565,000","131,880,000","128,002,000","0.27K","-1.54%"
"Jun 17, 2019","131,564,000","128,001,000","132,500,000","127,899,000","0.34K","2.78%"
"Jun 16, 2019","128,000,000","125,000,000","131,125,000","124,575,000","0.47K","2.40%"
"Jun 15, 2019","124,999,000","123,827,000","125,500,000","122,811,000","0.20K","0.95%"
"Jun 14, 2019","123,827,000","117,663,000","124,499,000","117,129,000","0.34K","5.24%"
"Jun 13, 2019","117,663,000","117,261,000","119,000,000","116,527,000","0.16K","0.34%"
"Jun 12, 2019","117,261,000","115,255,000","118,032,000","114,115,000","0.25K","1.74%"
"Jun 11, 2019","115,255,000","117,307,000","118,106,000","113,385,000","0.20K","-1.70%"
"Jun 10, 2019","117,250,000","112,931,000","117,752,000","112,214,000","0.23K","3.82%"
"Jun 09, 2019","112,932,000","114,542,000","115,500,000","112,213,000","0.16K","-1.41%"
"Jun 08, 2019","114,542,000","116,291,000","116,500,000","113,354,000","0.15K","-1.50%"
"Jun 07, 2019","116,291,000","116,651,000","117,642,000","115,099,000","0.21K","-0.31%"
"Jun 06, 2019","116,650,000","117,143,000","117,318,000","112,500,000","0.17K","-0.42%"
"Jun 05, 2019","117,144,000","114,589,000","117,952,000","114,225,000","0.17K","2.23%"
"Jun 04, 2019","114,589,000","120,896,000","120,932,000","113,358,000","0.39K","-5.25%"
"Jun 03, 2019","120,939,000","125,892,000","125,893,000","120,001,000","0.25K","-3.94%"
"Jun 02, 2019","125,893,000","124,362,000","127,000,000","124,343,000","0.21K","1.23%"
"Jun 01, 2019","124,363,000","125,017,000","125,200,000","123,800,000","0.15K","-0.52%"
"May 31, 2019","125,016,000","123,250,000","125,128,000","120,198,000","0.40K","1.43%"
"May 30, 2019","123,250,000","125,511,000","130,200,000","120,000,000","0.57K","-1.80%"
"May 29, 2019","125,510,000","125,259,000","126,511,000","123,574,000","0.36K","0.20%"
"May 28, 2019","125,259,000","125,100,000","126,000,000","124,267,000","0.34K","0.13%"
"May 27, 2019","125,100,000","124,040,000","126,989,000","123,500,000","0.52K","0.85%"
"May 26, 2019","124,040,000","116,257,000","124,599,000","115,201,000","0.43K","6.69%"
"May 25, 2019","116,257,000","115,538,000","116,985,000","115,304,000","0.15K","0.62%"
"May 24, 2019","115,537,000","116,007,000","117,524,000","114,422,000","0.35K","-0.41%"
"May 23, 2019","116,011,000","114,492,000","116,900,000","112,350,000","0.44K","1.32%"
"May 22, 2019","114,494,000","117,108,000","117,975,000","114,395,000","0.39K","-2.23%"
"May 21, 2019","117,108,000","117,300,000","118,600,000","115,500,000","0.36K","-0.16%"
"May 20, 2019","117,300,000","118,552,000","119,000,000","113,189,000","0.57K","-1.06%"
"May 19, 2019","118,552,000","109,104,000","119,489,000","109,104,000","0.55K","8.66%"
"May 18, 2019","109,104,000","109,000,000","110,689,000","107,280,000","0.22K","0.10%"
"May 17, 2019","109,000,000","115,951,000","117,150,000","102,999,000","0.80K","-5.99%"
"May 16, 2019","115,951,000","118,246,000","119,500,000","115,000,000","0.69K","-1.94%"
"May 15, 2019","118,245,000","117,609,000","119,318,000","115,500,000","0.61K","0.54%"
"May 14, 2019","117,609,000","112,900,000","120,100,000","112,798,000","0.89K","4.17%"
"May 13, 2019","112,900,000","101,313,000","115,596,000","100,350,000","0.93K","11.44%"
"May 12, 2019","101,309,000","104,290,000","108,550,000","99,400,000","0.80K","-2.86%"
"May 11, 2019","104,290,000","92,752,000","106,760,000","92,720,000","0.72K","12.44%"
"May 10, 2019","92,752,000","88,292,000","93,987,000","88,000,000","0.49K","5.05%"
"May 09, 2019","88,292,000","85,177,000","88,493,000","85,177,000","0.34K","3.66%"
"May 08, 2019","85,177,000","83,840,000","85,232,000","83,252,000","0.34K","1.59%"
"May 07, 2019","83,840,000","82,306,000","85,490,000","82,254,000","0.45K","1.86%"
"May 06, 2019","82,306,000","81,305,000","82,750,000","80,000,000","0.34K","1.23%"
"May 05, 2019","81,305,000","81,549,000","81,750,000","80,500,000","0.18K","-0.30%"
"May 04, 2019","81,549,000","80,203,000","82,101,000","79,000,000","0.29K","1.68%"
"May 03, 2019","80,203,000","77,611,000","82,795,000","77,401,000","0.55K","3.34%"
"May 02, 2019","77,611,000","76,668,000","77,770,000","76,500,000","0.30K","1.23%"
"May 01, 2019","76,668,000","75,912,000","76,830,000","75,911,000","0.28K","1.00%"
"Apr 30, 2019","75,912,000","75,606,000","76,554,000","75,273,000","0.35K","0.40%"
"Apr 29, 2019","75,606,000","75,623,000","76,387,000","75,237,000","0.42K","-0.20%"
"Apr 28, 2019","75,761,000","76,087,000","76,705,000","75,500,000","0.14K","-0.43%"
"Apr 27, 2019","76,087,000","75,857,000","76,500,000","75,344,000","0.19K","0.12%"
"Apr 26, 2019","75,999,000","75,696,000","77,801,000","74,851,000","0.45K","0.40%"
"Apr 25, 2019","75,696,000","79,880,000","80,632,000","74,807,000","0.67K","-5.11%"
"Apr 24, 2019","79,770,000","79,951,000","81,392,000","79,101,000","0.47K","-0.29%"
"Apr 23, 2019","80,000,000","77,329,000","80,814,000","77,159,000","0.58K","3.45%"
"Apr 22, 2019","77,329,000","76,401,000","78,000,000","75,600,000","0.44K","1.22%"
"Apr 21, 2019","76,400,000","76,422,000","76,550,000","75,500,000","0.23K","-0.03%"
"Apr 20, 2019","76,422,000","75,775,000","76,500,000","75,670,000","0.15K","0.89%"
"Apr 19, 2019","75,751,000","75,307,000","76,155,000","74,652,000","0.17K","0.59%"
"Apr 18, 2019","75,306,000","74,507,000","75,687,000","74,449,000","0.23K","1.07%"
"Apr 17, 2019","74,507,000","74,281,000","74,800,000","73,851,000","0.20K","0.30%"
"Apr 16, 2019","74,284,000","72,805,000","74,558,000","72,370,000","0.28K","2.03%"
"Apr 15, 2019","72,804,000","74,089,000","74,500,000","71,901,000","0.30K","-1.73%"
"Apr 14, 2019","74,089,000","73,244,000","74,200,000","72,392,000","0.13K","1.15%"
"Apr 13, 2019","73,244,000","73,285,000","74,054,000","72,929,000","0.17K","-0.06%"
"Apr 12, 2019","73,285,000","72,851,000","73,647,000","71,160,000","0.29K","0.60%"
"Apr 11, 2019","72,851,000","76,199,000","76,400,000","72,001,000","0.71K","-4.40%"
"Apr 10, 2019","76,200,000","74,765,000","76,988,000","74,667,000","0.49K","1.92%"
"Apr 09, 2019","74,765,000","76,527,000","76,528,000","74,589,000","0.48K","-2.30%"
"Apr 08, 2019","76,527,000","74,296,000","76,794,000","73,961,000","0.64K","3.00%"
"Apr 07, 2019","74,296,000","72,410,000","74,888,000","72,238,000","0.34K","2.62%"
"Apr 06, 2019","72,401,000","71,693,000","74,323,000","70,902,000","0.33K","0.99%"
"Apr 05, 2019","71,693,000","70,046,000","71,915,000","69,800,000","0.31K","2.35%"
"Apr 04, 2019","70,046,000","69,847,000","71,296,000","68,950,000","0.39K","0.28%"
"Apr 03, 2019","69,847,000","68,770,000","73,737,000","67,258,000","0.54K","1.66%"
"Apr 02, 2019","68,709,000","59,734,000","71,499,000","59,702,000","0.98K","15.03%"
"Apr 01, 2019","59,732,000","58,775,000","59,791,000","58,750,000","0.30K","1.48%"
"Mar 31, 2019","58,860,000","58,707,000","58,967,000","58,653,000","0.11K","0.26%"
"Mar 30, 2019","58,707,000","58,499,000","58,957,000","58,008,000","0.24K","0.36%"
"Mar 29, 2019","58,498,000","57,771,000","58,942,000","57,770,000","0.28K","1.26%"
"Mar 28, 2019","57,770,000","57,700,000","57,954,000","57,406,000","0.26K","0.12%"
"Mar 27, 2019","57,699,000","56,720,000","58,000,000","56,653,000","0.38K","1.76%"
"Mar 26, 2019","56,699,000","56,620,000","57,079,000","56,350,000","0.31K","0.15%"
"Mar 25, 2019","56,615,000","57,301,000","57,750,000","56,009,000","0.45K","-1.20%"
"Mar 24, 2019","57,300,000","57,489,000","57,594,000","57,257,000","0.10K","-0.33%"
"Mar 23, 2019","57,489,000","57,779,000","58,000,000","57,354,000","0.14K","-0.50%"
"Mar 22, 2019","57,779,000","57,398,000","57,975,000","57,208,000","0.26K","0.66%"
"Mar 21, 2019","57,398,000","57,957,000","58,165,000","57,123,000","0.28K","-0.96%"
"Mar 20, 2019","57,957,000","57,714,000","58,025,000","57,200,000","0.31K","0.42%"
"Mar 19, 2019","57,714,000","57,437,000","57,779,000","57,111,000","0.31K","0.52%"
"Mar 18, 2019","57,418,000","56,977,000","57,881,000","56,805,000","0.38K","0.77%"
"Mar 17, 2019","56,977,000","57,166,000","57,238,000","56,536,000","0.12K","-0.33%"
"Mar 16, 2019","57,165,000","56,253,000","58,064,000","56,253,000","0.22K","1.62%"
"Mar 15, 2019","56,253,000","55,935,000","56,437,000","55,790,000","0.26K","0.63%"
"Mar 14, 2019","55,899,000","55,625,000","56,264,000","55,535,000","0.32K","0.49%"
"Mar 13, 2019","55,625,000","55,808,000","56,000,000","55,398,000","0.24K","-0.33%"
"Mar 12, 2019","55,809,000","55,932,000","56,095,000","55,100,000","0.29K","-0.22%"
"Mar 11, 2019","55,932,000","56,548,000","56,698,000","55,602,000","0.33K","-1.09%"
"Mar 10, 2019","56,548,000","56,171,000","56,618,000","55,824,000","0.18K","0.70%"
"Mar 09, 2019","56,153,000","55,199,000","56,456,000","55,117,000","0.20K","1.73%"
"Mar 08, 2019","55,199,000","55,128,000","55,894,000","55,001,000","0.36K","0.13%"
"Mar 07, 2019","55,127,000","55,002,000","55,400,000","54,903,000","0.27K","0.32%"
"Mar 06, 2019","54,952,000","55,197,000","55,499,000","54,557,000","0.26K","-0.43%"
"Mar 05, 2019","55,190,000","53,466,000","55,449,000","53,300,000","0.38K","3.22%"
"Mar 04, 2019","53,466,000","54,168,000","54,624,000","53,000,000","0.50K","-1.29%"
"Mar 03, 2019","54,167,000","54,792,000","54,830,000","54,005,000","0.20K","-1.14%"
"Mar 02, 2019","54,791,000","54,755,000","54,880,000","54,202,000","0.31K","0.06%"
"Mar 01, 2019","54,756,000","54,558,000","55,156,000","54,455,000","0.34K","0.36%"
"Feb 28, 2019","54,558,000","54,593,000","55,700,000","54,451,000","0.39K","-0.06%"
"Feb 27, 2019","54,593,000","54,671,000","55,058,000","53,159,000","0.49K","-0.14%"
"Feb 26, 2019","54,670,000","54,781,000","58,500,000","54,018,000","0.54K","-0.20%"
"Feb 25, 2019","54,780,000","53,662,000","55,949,000","53,521,000","0.49K","2.08%"
"Feb 24, 2019","53,663,000","58,501,000","59,433,000","53,152,000","0.52K","-8.27%"
"Feb 23, 2019","58,502,000","55,992,000","58,823,000","55,751,000","0.32K","4.48%"
"Feb 22, 2019","55,992,000","54,749,000","56,000,000","54,657,000","0.29K","2.36%"
"Feb 21, 2019","54,699,000","54,550,000","55,129,000","54,200,000","0.26K","0.27%"
"Feb 20, 2019","54,550,000","53,701,000","54,700,000","53,108,000","0.36K","1.58%"
"Feb 19, 2019","53,699,000","54,091,000","54,800,000","53,431,000","0.45K","-0.72%"
"Feb 18, 2019","54,091,000","51,532,000","54,999,000","51,501,000","0.62K","4.97%"
"Feb 17, 2019","51,532,000","50,750,000","51,850,000","50,750,000","0.24K","1.44%"
"Feb 16, 2019","50,800,000","50,746,000","51,172,000","50,700,000","0.16K","0.12%"
"Feb 15, 2019","50,741,000","50,623,000","51,644,000","50,524,000","0.45K","0.23%"
"Feb 14, 2019","50,623,000","51,086,000","51,203,000","50,433,000","0.38K","-0.60%"
"Feb 13, 2019","50,929,000","50,374,000","51,398,000","50,300,000","0.31K","1.10%"
"Feb 12, 2019","50,374,000","50,552,000","50,872,000","50,019,000","0.39K","-0.35%"
"Feb 11, 2019","50,552,000","50,100,000","52,430,000","49,590,000","0.30K","1.06%"
"Feb 10, 2019","50,022,000","49,710,000","50,200,000","49,061,000","0.26K","0.63%"
"Feb 09, 2019","49,710,000","50,501,000","50,799,000","49,567,000","0.20K","-1.47%"
"Feb 08, 2019","50,454,000","48,059,000","51,000,000","47,690,000","0.50K","4.98%"
"Feb 07, 2019","48,059,000","48,209,000","48,696,000","48,005,000","0.34K","-0.31%"
"Feb 06, 2019","48,209,000","48,922,000","49,000,000","48,045,000","0.47K","-1.35%"
"Feb 05, 2019","48,869,000","48,749,000","49,204,000","48,700,000","0.28K","0.25%"
"Feb 04, 2019","48,749,000","48,801,000","49,078,000","48,500,000","0.26K","-0.11%"
"Feb 03, 2019","48,801,000","49,414,000","49,520,000","48,505,000","0.18K","-1.24%"
"Feb 02, 2019","49,414,000","49,007,000","49,416,000","48,656,000","0.20K","0.83%"
"Feb 01, 2019","49,007,000","48,580,000","49,109,000","48,092,000","0.29K","0.87%"
"Jan 31, 2019","48,582,000","48,851,000","49,318,000","48,146,000","0.35K","-0.55%"
"Jan 30, 2019","48,851,000","48,378,000","49,246,000","48,005,000","0.47K","0.98%"
"Jan 29, 2019","48,378,000","48,730,000","48,900,000","47,508,000","0.39K","-0.53%"
"Jan 28, 2019","48,634,000","50,401,000","50,448,000","48,251,000","0.62K","-3.60%"
"Jan 27, 2019","50,448,000","50,550,000","50,844,000","50,050,000","0.22K","-0.20%"
"Jan 26, 2019","50,550,000","50,507,000","51,300,000","50,418,000","0.18K","0.09%"
"Jan 25, 2019","50,507,000","50,882,000","51,080,000","50,148,000","0.28K","-0.73%"
"Jan 24, 2019","50,880,000","50,662,000","51,100,000","50,307,000","0.35K","0.43%"
"Jan 23, 2019","50,662,000","51,064,000","51,364,000","50,464,000","0.26K","-0.84%"
"Jan 22, 2019","51,093,000","50,887,000","51,518,000","49,850,000","0.32K","0.40%"
"Jan 21, 2019","50,887,000","50,801,000","51,255,000","50,492,000","0.31K","0.17%"
"Jan 20, 2019","50,801,000","52,684,000","52,829,000","50,378,000","0.32K","-3.57%"
"Jan 19, 2019","52,684,000","51,734,000","53,215,000","51,646,000","0.25K","1.84%"
"Jan 18, 2019","51,734,000","51,919,000","52,120,000","51,400,000","0.33K","-0.36%"
"Jan 17, 2019","51,919,000","51,576,000","52,100,000","51,301,000","0.37K","0.76%"
"Jan 16, 2019","51,527,000","51,121,000","52,188,000","51,031,000","0.25K","0.79%"
"Jan 15, 2019","51,122,000","52,335,000","52,480,000","50,900,000","0.29K","-2.32%"
"Jan 14, 2019","52,335,000","51,200,000","52,998,000","50,700,000","0.42K","2.22%"
"Jan 13, 2019","51,200,000","52,805,000","52,858,000","50,637,000","0.32K","-3.04%"
"Jan 12, 2019","52,805,000","53,190,000","53,276,000","52,569,000","0.28K","-0.72%"
"Jan 11, 2019","53,190,000","52,405,000","53,789,000","51,667,000","0.48K","1.50%"
"Jan 10, 2019","52,405,000","57,376,000","57,610,000","51,596,000","0.63K","-8.66%"
"Jan 09, 2019","57,376,000","57,519,000","58,000,000","57,088,000","0.26K","-0.25%"
"Jan 08, 2019","57,519,000","57,315,000","58,500,000","56,700,000","0.36K","0.36%"
"Jan 07, 2019","57,315,000","57,968,000","58,300,000","56,604,000","0.40K","-1.13%"
"Jan 06, 2019","57,968,000","55,557,000","58,855,000","55,201,000","0.36K","4.34%"
"Jan 05, 2019","55,557,000","55,894,000","56,400,000","55,439,000","0.20K","-0.60%"
"Jan 04, 2019","55,894,000","55,601,000","56,403,000","54,750,000","0.39K","0.50%"
"Jan 03, 2019","55,616,000","57,254,000","57,255,000","55,201,000","0.50K","-2.86%"
"Jan 02, 2019","57,254,000","56,900,000","57,400,000","56,327,000","0.38K","0.67%"
"Jan 01, 2019","56,875,000","54,953,000","57,112,000","54,406,000","0.19K","3.50%"
"Dec 31, 2018","54,953,000","56,482,000","56,673,000","54,300,000","0.35K","-2.71%"
"Dec 30, 2018","56,482,000","55,029,000","57,199,000","54,550,000","0.19K","2.65%"
"Dec 29, 2018","55,024,000","57,620,000","58,093,000","54,913,000","0.35K","-4.50%"
"Dec 28, 2018","57,615,000","53,686,000","58,500,000","53,528,000","0.43K","7.32%"
"Dec 27, 2018","53,686,000","56,781,000","56,880,000","53,376,000","0.39K","-5.45%"
"Dec 26, 2018","56,781,000","56,121,000","57,444,000","55,050,000","0.45K","1.18%"
"Dec 25, 2018","56,121,000","58,706,000","58,827,000","54,760,000","0.43K","-4.40%"
"Dec 24, 2018","58,706,000","57,945,000","61,058,000","57,900,000","0.70K","1.31%"
"Dec 23, 2018","57,945,000","58,400,000","59,315,000","57,198,000","0.27K","-0.77%"
"Dec 22, 2018","58,396,000","56,700,000","58,612,000","55,864,000","0.24K","2.99%"
"Dec 21, 2018","56,700,000","58,904,000","59,650,000","55,701,000","0.51K","-3.74%"
"Dec 20, 2018","58,903,000","53,736,000","59,800,000","53,180,000","0.70K","9.62%"
"Dec 19, 2018","53,736,000","53,360,000","56,990,000","52,771,000","0.85K","0.70%"
"Dec 18, 2018","53,360,000","51,319,000","53,599,000","50,225,000","0.45K","3.98%"
"Dec 17, 2018","51,319,000","47,274,000","52,665,000","47,170,000","0.56K","8.56%"
"Dec 16, 2018","47,274,000","47,169,000","48,049,000","47,109,000","0.15K","0.22%"
"Dec 15, 2018","47,169,000","47,431,000","47,850,000","46,353,000","0.19K","-0.55%"
"Dec 14, 2018","47,431,000","48,196,000","48,870,000","46,563,000","0.40K","-1.59%"
"Dec 13, 2018","48,197,000","50,641,000","50,761,000","47,931,000","0.43K","-4.83%"
"Dec 12, 2018","50,641,000","50,010,000","51,249,000","49,737,000","0.32K","0.88%"
"Dec 11, 2018","50,200,000","50,481,000","51,009,000","49,406,000","0.31K","-0.56%"
"Dec 10, 2018","50,481,000","51,868,000","52,709,000","49,900,000","0.30K","-2.67%"
"Dec 09, 2018","51,868,000","50,087,000","53,499,000","49,835,000","0.27K","3.56%"
"Dec 08, 2018","50,086,000","50,009,000","51,453,000","48,111,000","0.30K","0.15%"
"Dec 07, 2018","50,009,000","51,245,000","51,824,000","47,931,000","0.53K","-2.41%"
"Dec 06, 2018","51,246,000","54,728,000","56,667,000","51,001,000","0.56K","-5.95%"
"Dec 05, 2018","54,489,000","57,070,000","57,500,000","54,205,000","0.52K","-4.52%"
"Dec 04, 2018","57,070,000","56,495,000","59,009,000","55,650,000","0.41K","1.02%"
"Dec 03, 2018","56,495,000","60,001,000","60,391,000","56,436,000","0.50K","-5.84%"
"Dec 02, 2018","60,001,000","60,510,000","61,749,000","59,396,000","0.21K","-0.84%"
"Dec 01, 2018","60,509,000","58,850,000","62,000,000","58,000,000","0.38K","2.82%"
"Nov 30, 2018","58,850,000","62,350,000","62,650,000","58,258,000","0.65K","-5.61%"
"Nov 29, 2018","62,350,000","61,348,000","63,432,000","59,222,000","0.50K","1.63%"
"Nov 28, 2018","61,348,000","56,465,000","63,185,000","56,465,000","0.62K","8.65%"
"Nov 27, 2018","56,465,000","56,067,000","57,199,000","54,008,000","0.60K","0.71%"
"Nov 26, 2018","56,067,000","58,393,000","59,643,000","52,987,000","0.47K","-3.98%"
"Nov 25, 2018","58,393,000","59,896,000","60,514,000","41,000,000","0.87K","-2.51%"
"Nov 24, 2018","59,897,000","63,589,000","64,233,000","58,750,000","0.30K","-5.53%"
"Nov 23, 2018","63,400,000","63,326,000","64,098,000","60,888,000","0.44K","0.11%"
"Nov 22, 2018","63,329,000","67,473,000","67,800,000","63,329,000","0.25K","-6.15%"
"Nov 21, 2018","67,476,000","63,598,000","67,990,000","62,000,000","0.44K","6.11%"
"Nov 20, 2018","63,590,000","71,500,000","73,193,000","58,030,000","0.70K","-11.07%"
"Nov 19, 2018","71,509,000","83,099,000","83,150,000","70,645,000","0.46K","-13.89%"
"Nov 18, 2018","83,046,000","82,597,000","83,688,000","82,597,000","0.14K","0.54%"
"Nov 17, 2018","82,597,000","83,494,000","83,545,000","82,260,000","0.12K","-1.07%"
"Nov 16, 2018","83,494,000","84,981,000","85,263,000","82,102,000","0.26K","-1.75%"
"Nov 15, 2018","84,981,000","85,886,000","89,999,000","79,505,000","0.39K","-1.05%"
"Nov 14, 2018","85,886,000","94,250,000","94,500,000","82,500,000","0.35K","-8.87%"
"Nov 13, 2018","94,250,000","94,764,000","94,789,000","94,122,000","0.12K","-0.54%"
"Nov 12, 2018","94,764,000","94,379,000","95,128,000","94,223,000","0.15K","0.41%"
"Nov 11, 2018","94,379,000","94,654,000","94,968,000","93,701,000","0.10K","-0.29%"
"Nov 10, 2018","94,654,000","94,308,000","95,100,000","94,300,000","0.11K","0.37%"
"Nov 09, 2018","94,308,000","95,002,000","95,615,000","94,150,000","0.15K","-0.73%"
"Nov 08, 2018","95,000,000","95,949,000","96,457,000","94,528,000","0.18K","-0.99%"
"Nov 07, 2018","95,949,000","95,795,000","96,861,000","95,496,000","0.21K","0.16%"
"Nov 06, 2018","95,795,000","96,001,000","96,254,000","95,302,000","0.16K","-0.21%"
"Nov 05, 2018","96,001,000","96,657,000","96,989,000","95,840,000","0.18K","-0.56%"
"Nov 04, 2018","96,538,000","95,850,000","97,125,000","95,655,000","0.14K","0.72%"
"Nov 03, 2018","95,852,000","96,148,000","96,314,000","95,695,000","0.09K","-0.31%"
"Nov 02, 2018","96,149,000","96,795,000","97,439,000","95,893,000","0.16K","-0.62%"
"Nov 01, 2018","96,749,000","97,072,000","97,198,000","96,100,000","0.16K","-0.33%"
"Oct 31, 2018","97,072,000","96,851,000","97,550,000","96,050,000","0.14K","0.23%"
"Oct 30, 2018","96,851,000","96,379,000","97,005,000","96,006,000","0.13K","0.49%"
"Oct 29, 2018","96,379,000","97,635,000","98,086,000","96,000,000","0.26K","-1.29%"
"Oct 28, 2018","97,635,000","97,748,000","97,849,000","97,550,000","0.06K","-0.12%"
"Oct 27, 2018","97,748,000","97,735,000","98,000,000","97,679,000","0.06K","-0.13%"
"Oct 26, 2018","97,880,000","97,680,000","98,194,000","97,353,000","0.12K","0.20%"
"Oct 25, 2018","97,681,000","97,783,000","97,989,000","97,455,000","0.14K","-0.10%"
"Oct 24, 2018","97,782,000","97,281,000","97,998,000","97,255,000","0.14K","0.52%"
"Oct 23, 2018","97,281,000","97,800,000","98,072,000","97,270,000","0.17K","-0.53%"
"Oct 22, 2018","97,801,000","97,809,000","98,095,000","97,450,000","0.19K","-0.01%"
"Oct 21, 2018","97,809,000","97,906,000","98,403,000","97,803,000","0.09K","-0.10%"
"Oct 20, 2018","97,906,000","97,909,000","98,495,000","97,592,000","0.15K","-0.00%"
"Oct 19, 2018","97,909,000","97,217,000","98,100,000","97,202,000","0.15K","0.71%"
"Oct 18, 2018","97,217,000","98,091,000","98,292,000","97,202,000","0.22K","-0.89%"
"Oct 17, 2018","98,091,000","98,047,000","98,400,000","97,579,000","0.17K","-0.11%"
"Oct 16, 2018","98,200,000","98,501,000","99,132,000","97,198,000","0.21K","-0.31%"
"Oct 15, 2018","98,501,000","96,701,000","103,000,000","96,206,000","0.56K","1.86%"
"Oct 14, 2018","96,701,000","96,999,000","97,642,000","96,629,000","0.11K","-0.31%"
"Oct 13, 2018","96,999,000","96,798,000","97,097,000","96,505,000","0.10K","0.21%"
"Oct 12, 2018","96,798,000","96,677,000","97,599,000","96,000,000","0.18K","0.13%"
"Oct 11, 2018","96,677,000","99,800,000","99,822,000","95,500,000","0.38K","-3.13%"
"Oct 10, 2018","99,800,000","100,398,000","100,545,000","98,500,000","0.14K","-0.60%"
"Oct 09, 2018","100,398,000","100,820,000","101,136,000","100,002,000","0.11K","-0.42%"
"Oct 08, 2018","100,820,000","99,617,000","101,399,000","99,557,000","0.18K","1.21%"
"Oct 07, 2018","99,617,000","99,807,000","99,998,000","99,358,000","0.08K","-0.19%"
"Oct 06, 2018","99,807,000","100,181,000","100,500,000","99,414,000","0.12K","-0.37%"
"Oct 05, 2018","100,181,000","99,355,000","100,181,000","99,007,000","0.14K","0.83%"
"Oct 04, 2018","99,355,000","98,131,000","99,777,000","98,131,000","0.17K","1.25%"
"Oct 03, 2018","98,130,000","98,744,000","98,770,000","97,574,000","0.19K","-0.52%"
"Oct 02, 2018","98,642,000","98,586,000","99,501,000","98,300,000","0.19K","0.06%"
"Oct 01, 2018","98,586,000","98,539,000","99,050,000","98,000,000","0.20K","0.05%"
"Sep 30, 2018","98,539,000","98,180,000","99,123,000","97,656,000","0.18K","0.37%"
"Sep 29, 2018","98,180,000","98,295,000","98,488,000","96,013,000","0.37K","-0.12%"
"Sep 28, 2018","98,295,000","98,059,000","98,363,000","98,059,000","0.16K","0.24%"
"Sep 27, 2018","98,060,000","96,453,000","99,117,000","96,138,000","0.24K","1.67%"
"Sep 26, 2018","96,453,000","96,344,000","97,600,000","95,800,000","0.20K","0.11%"
"Sep 25, 2018","96,344,000","96,654,000","96,900,000","95,601,000","0.16K","-0.32%"
"Sep 24, 2018","96,654,000","96,117,000","97,088,000","95,719,000","0.23K","0.56%"
"Sep 23, 2018","96,117,000","96,701,000","96,999,000","95,500,000","0.13K","-0.60%"
"Sep 22, 2018","96,701,000","97,628,000","98,422,000","95,619,000","0.16K","-0.95%"
"Sep 21, 2018","97,628,000","96,370,000","98,718,000","96,022,000","0.31K","1.31%"
"Sep 20, 2018","96,370,000","95,450,000","96,893,000","95,100,000","0.20K","0.96%"
"Sep 19, 2018","95,450,000","95,336,000","97,297,000","92,620,000","0.26K","0.12%"
"Sep 18, 2018","95,336,000","94,401,000","96,079,000","94,051,000","0.19K","0.92%"
"Sep 17, 2018","94,471,000","96,452,000","97,079,000","93,608,000","0.23K","-2.05%"
"Sep 16, 2018","96,452,000","96,775,000","96,798,000","95,443,000","0.10K","-0.33%"
"Sep 15, 2018","96,775,000","96,096,000","97,140,000","95,959,000","0.08K","0.71%"
"Sep 14, 2018","96,096,000","96,307,000","97,312,000","95,000,000","0.19K","-0.22%"
"Sep 13, 2018","96,307,000","95,161,000","97,386,000","95,161,000","0.18K","1.20%"
"Sep 12, 2018","95,161,000","95,781,000","95,820,000","94,200,000","0.22K","-0.57%"
"Sep 11, 2018","95,708,000","96,000,000","97,000,000","94,450,000","0.25K","-0.30%"
"Sep 10, 2018","95,999,000","95,039,000","96,768,000","94,615,000","0.25K","1.01%"
"Sep 09, 2018","95,039,000","94,665,000","97,777,000","94,012,000","0.15K","0.40%"
"Sep 08, 2018","94,665,000","97,472,000","98,400,000","93,600,000","0.22K","-2.65%"
"Sep 07, 2018","97,243,000","98,379,000","98,883,000","96,700,000","0.31K","-1.15%"
"Sep 06, 2018","98,379,000","100,001,000","100,133,000","94,501,000","0.41K","-1.62%"
"Sep 05, 2018","100,000,000","108,999,000","109,800,000","100,000,000","0.46K","-8.26%"
"Sep 04, 2018","109,000,000","106,610,000","109,627,000","106,298,000","0.22K","2.24%"
"Sep 03, 2018","106,610,000","106,210,000","107,194,000","105,270,000","0.20K","0.38%"
"Sep 02, 2018","106,210,000","105,050,000","106,695,000","104,496,000","0.20K","1.10%"
"Sep 01, 2018","105,052,000","102,858,000","105,781,000","102,737,000","0.30K","2.01%"
"Aug 31, 2018","102,979,000","102,315,000","103,579,000","101,622,000","0.25K","0.65%"
"Aug 30, 2018","102,315,000","102,632,000","102,794,000","100,077,000","0.26K","-0.31%"
"Aug 29, 2018","102,632,000","102,501,000","103,745,000","101,371,000","0.22K","0.09%"
"Aug 28, 2018","102,536,000","100,000,000","102,999,000","99,601,000","0.32K","2.58%"
"Aug 27, 2018","99,960,000","97,747,000","99,999,000","97,174,000","0.19K","2.26%"
"Aug 26, 2018","97,747,000","97,902,000","98,500,000","96,100,000","0.15K","-0.16%"
"Aug 25, 2018","97,901,000","97,172,000","98,274,000","97,045,000","0.20K","0.88%"
"Aug 24, 2018","97,047,000","96,585,000","97,836,000","94,889,000","0.32K","0.46%"
"Aug 23, 2018","96,600,000","94,287,000","97,002,000","94,264,000","0.18K","2.45%"
"Aug 22, 2018","94,287,000","94,824,000","99,800,000","93,700,000","0.36K","-0.57%"
"Aug 21, 2018","94,824,000","92,975,000","95,458,000","92,966,000","0.23K","1.99%"
"Aug 20, 2018","92,975,000","94,444,000","95,000,000","92,489,000","0.25K","-1.56%"
"Aug 19, 2018","94,444,000","93,650,000","95,111,000","92,798,000","0.14K","0.85%"
"Aug 18, 2018","93,649,000","95,156,000","95,792,000","92,279,000","0.28K","-1.58%"
"Aug 17, 2018","95,156,000","92,735,000","95,495,000","92,733,000","0.23K","2.61%"
"Aug 16, 2018","92,733,000","91,952,000","94,990,000","91,400,000","0.23K","0.85%"
"Aug 15, 2018","91,952,000","91,820,000","96,499,000","91,410,000","0.37K","0.14%"
"Aug 14, 2018","91,820,000","93,500,000","93,500,000","88,388,000","0.41K","-1.79%"
"Aug 13, 2018","93,493,000","93,742,000","97,000,000","91,866,000","0.24K","-0.27%"
"Aug 12, 2018","93,742,000","92,632,000","94,508,000","91,462,000","0.12K","1.14%"
"Aug 11, 2018","92,683,000","91,515,000","95,849,000","90,000,000","0.21K","1.28%"
"Aug 10, 2018","91,516,000","96,250,000","96,802,000","89,900,000","0.29K","-4.96%"
"Aug 09, 2018","96,293,000","92,041,000","97,112,000","91,500,000","0.23K","4.62%"
"Aug 08, 2018","92,041,000","98,901,000","99,155,000","90,750,000","0.38K","-6.94%"
"Aug 07, 2018","98,901,000","102,049,000","104,122,000","98,312,000","0.25K","-3.08%"
"Aug 06, 2018","102,049,000","103,302,000","105,418,000","100,999,000","0.21K","-1.21%"
"Aug 05, 2018","103,303,000","102,998,000","104,295,000","101,741,000","0.13K","0.30%"
"Aug 04, 2018","102,998,000","108,978,000","109,941,000","102,209,000","0.20K","-5.49%"
"Aug 03, 2018","108,977,000","110,719,000","110,893,000","107,200,000","0.25K","-1.73%"
"Aug 02, 2018","110,894,000","111,699,000","112,688,000","109,577,000","0.23K","-0.72%"
"Aug 01, 2018","111,700,000","113,588,000","113,999,000","109,930,000","0.33K","-1.66%"
"Jul 31, 2018","113,588,000","118,516,000","118,517,000","112,800,000","0.31K","-4.16%"
"Jul 30, 2018","118,516,000","119,470,000","119,804,000","114,804,000","0.24K","-0.80%"
"Jul 29, 2018","119,470,000","119,299,000","120,000,000","118,476,000","0.10K","0.14%"
"Jul 28, 2018","119,299,000","118,499,000","119,498,000","117,800,000","0.10K","0.68%"
"Jul 27, 2018","118,499,000","115,393,000","120,401,000","113,856,000","0.28K","2.69%"
"Jul 26, 2018","115,393,000","118,001,000","120,351,000","114,227,000","0.29K","-2.21%"
"Jul 25, 2018","118,000,000","123,267,000","123,551,000","117,082,000","0.44K","-4.34%"
"Jul 24, 2018","123,353,000","112,977,000","123,676,000","112,723,000","0.63K","9.18%"
"Jul 23, 2018","112,977,000","108,461,000","113,491,000","108,211,000","0.34K","4.16%"
"Jul 22, 2018","108,461,000","107,634,000","109,999,000","107,118,000","0.20K","0.77%"
"Jul 21, 2018","107,634,000","107,248,000","107,999,000","105,572,000","0.20K","0.17%"
"Jul 20, 2018","107,449,000","104,892,000","109,958,000","104,029,000","0.41K","2.34%"
"Jul 19, 2018","104,994,000","103,311,000","105,301,000","101,140,000","0.41K","1.63%"
"Jul 18, 2018","103,311,000","102,921,000","105,507,000","102,494,000","0.54K","0.38%"
"Jul 17, 2018","102,920,000","96,052,000","104,995,000","95,203,000","0.64K","7.15%"
"Jul 16, 2018","96,052,000","92,233,000","96,074,000","91,802,000","0.41K","4.14%"
"Jul 15, 2018","92,233,000","90,799,000","92,892,000","90,799,000","0.14K","1.60%"
"Jul 14, 2018","90,780,000","90,755,000","91,548,000","90,541,000","0.11K","0.03%"
"Jul 13, 2018","90,755,000","90,922,000","92,036,000","89,923,000","0.18K","-0.18%"
"Jul 12, 2018","90,922,000","93,701,000","93,949,000","89,503,000","0.37K","-2.97%"
"Jul 11, 2018","93,701,000","92,001,000","94,123,000","92,000,000","0.24K","1.85%"
"Jul 10, 2018","92,001,000","96,575,000","96,850,000","92,000,000","0.35K","-4.74%"
"Jul 09, 2018","96,575,000","97,452,000","97,998,000","96,500,000","0.30K","-0.90%"
"Jul 08, 2018","97,452,000","97,681,000","98,410,000","96,910,000","0.23K","-0.23%"
"Jul 07, 2018","97,679,000","95,809,000","98,105,000","95,000,000","0.20K","1.96%"
"Jul 06, 2018","95,801,000","95,728,000","96,601,000","94,712,000","0.20K","0.08%"
"Jul 05, 2018","95,728,000","95,758,000","97,200,000","94,701,000","0.22K","-0.03%"
"Jul 04, 2018","95,758,000","95,278,000","97,955,000","93,796,000","0.25K","0.50%"
"Jul 03, 2018","95,278,000","94,888,000","96,474,000","94,819,000","0.20K","0.41%"
"Jul 02, 2018","94,887,000","90,697,000","95,600,000","90,053,000","0.29K","4.83%"
"Jul 01, 2018","90,515,000","91,284,000","91,600,000","89,542,000","0.16K","-0.84%"
"Jun 30, 2018","91,284,000","89,694,000","94,427,000","89,693,000","0.30K","1.77%"
"Jun 29, 2018","89,695,000","85,330,000","91,046,000","84,500,000","0.31K","5.10%"
"Jun 28, 2018","85,343,000","88,538,000","89,487,000","85,250,000","0.32K","-3.61%"
"Jun 27, 2018","88,538,000","87,777,000","88,837,000","86,823,000","0.16K","0.86%"
"Jun 26, 2018","87,781,000","89,814,000","90,527,000","87,597,000","0.21K","-2.26%"
"Jun 25, 2018","89,814,000","88,069,000","91,064,000","87,676,000","0.26K","1.98%"
"Jun 24, 2018","88,069,000","88,776,000","89,590,000","83,250,000","0.35K","-0.80%"
"Jun 23, 2018","88,776,000","87,214,000","89,646,000","86,294,000","0.21K","1.79%"
"Jun 22, 2018","87,214,000","95,782,000","96,200,000","86,300,000","0.45K","-8.95%"
"Jun 21, 2018","95,782,000","96,300,000","97,432,000","95,750,000","0.22K","-0.54%"
"Jun 20, 2018","96,300,000","96,144,000","96,890,000","94,083,000","0.23K","0.16%"
"Jun 19, 2018","96,145,000","96,500,000","97,131,000","95,502,000","0.18K","-0.37%"
"Jun 18, 2018","96,500,000","93,850,000","97,699,000","93,100,000","0.23K","2.82%"
"Jun 17, 2018","93,850,000","94,606,000","95,200,000","93,700,000","0.10K","-0.80%"
"Jun 16, 2018","94,606,000","93,737,000","95,395,000","93,000,000","0.14K","0.93%"
"Jun 15, 2018","93,737,000","96,424,000","96,770,000","93,498,000","0.21K","-2.79%"
"Jun 14, 2018","96,424,000","91,287,000","97,330,000","91,008,000","0.36K","5.62%"
"Jun 13, 2018","91,289,000","94,779,000","95,614,000","90,319,000","0.37K","-3.68%"
"Jun 12, 2018","94,779,000","99,462,000","99,699,000","93,011,000","0.38K","-4.59%"
"Jun 11, 2018","99,338,000","100,000,000","101,918,000","96,582,000","0.46K","-0.66%"
"Jun 10, 2018","100,000,000","107,197,000","107,200,000","99,411,000","0.48K","-6.72%"
"Jun 09, 2018","107,200,000","107,041,000","107,801,000","106,727,000","0.14K","0.15%"
"Jun 08, 2018","107,041,000","107,350,000","107,748,000","105,805,000","0.25K","-0.29%"
"Jun 07, 2018","107,350,000","107,453,000","108,598,000","106,883,000","0.18K","-0.10%"
"Jun 06, 2018","107,453,000","107,096,000","108,125,000","105,652,000","0.24K","0.33%"
"Jun 05, 2018","107,095,000","106,567,000","107,888,000","105,300,000","0.40K","0.50%"
"Jun 04, 2018","106,566,000","107,510,000","107,905,000","105,149,000","0.33K","-0.88%"
"Jun 03, 2018","107,510,000","106,102,000","108,457,000","105,736,000","0.28K","1.33%"
"Jun 02, 2018","106,102,000","105,691,000","107,011,000","104,868,000","0.25K","0.39%"
"Jun 01, 2018","105,690,000","105,052,000","106,839,000","104,156,000","0.26K","0.61%"
"May 31, 2018","105,052,000","104,498,000","107,439,000","103,040,000","0.58K","0.53%"
"May 30, 2018","104,497,000","105,190,000","106,999,000","102,853,000","0.28K","-0.66%"
"May 29, 2018","105,190,000","102,209,000","106,499,000","101,516,000","0.28K","2.92%"
"May 28, 2018","102,209,000","106,168,000","106,297,000","101,997,000","0.41K","-3.73%"
"May 27, 2018","106,168,000","106,284,000","106,543,000","105,000,000","0.19K","-0.11%"
"May 26, 2018","106,285,000","107,445,000","109,004,000","106,088,000","0.17K","-1.04%"
"May 25, 2018","107,400,000","109,206,000","109,998,000","106,011,000","0.21K","-1.65%"
"May 24, 2018","109,206,000","110,080,000","112,736,000","106,274,000","0.31K","-0.79%"
"May 23, 2018","110,080,000","117,225,000","117,225,000","109,268,000","0.36K","-6.09%"
"May 22, 2018","117,224,000","120,578,000","120,579,000","117,000,000","0.20K","-2.78%"
"May 21, 2018","120,578,000","120,399,000","121,502,000","119,507,000","0.22K","0.15%"
"May 20, 2018","120,398,000","118,395,000","121,000,000","117,435,000","0.14K","1.69%"
"May 19, 2018","118,395,000","118,762,000","120,079,000","117,503,000","0.14K","-0.31%"
"May 18, 2018","118,763,000","116,300,000","120,000,000","114,300,000","0.23K","2.12%"
"May 17, 2018","116,300,000","121,000,000","121,135,000","115,891,000","0.25K","-3.88%"
"May 16, 2018","121,000,000","122,376,000","122,719,000","118,002,000","0.33K","-1.13%"
"May 15, 2018","122,377,000","123,838,000","125,840,000","121,592,000","0.29K","-0.63%"
"May 14, 2018","123,147,000","124,705,000","125,996,000","119,761,000","0.40K","-1.25%"
"May 13, 2018","124,701,000","121,899,000","125,214,000","120,501,000","0.22K","2.62%"
"May 12, 2018","121,516,000","121,000,000","123,979,000","117,700,000","0.29K","0.42%"
"May 11, 2018","121,006,000","130,150,000","130,154,000","120,918,000","0.46K","-7.03%"
"May 10, 2018","130,154,000","132,853,000","134,001,000","129,883,000","0.22K","-2.03%"
"May 09, 2018","132,853,000","132,259,000","133,519,000","129,418,000","0.22K","0.45%"
"May 08, 2018","132,259,000","132,503,000","134,500,000","130,048,000","0.27K","-0.18%"
"May 07, 2018","132,503,000","135,100,992","135,423,008","130,800,000","0.31K","-1.92%"
"May 06, 2018","135,102,000","136,687,008","137,828,000","133,605,000","0.28K","-1.22%"
"May 05, 2018","136,771,008","134,215,000","137,920,992","134,215,000","0.33K","1.90%"
"May 04, 2018","134,217,000","133,122,000","134,998,000","130,700,000","0.41K","0.77%"
"May 03, 2018","133,196,000","127,178,000","133,255,000","126,501,000","0.55K","4.73%"
"May 02, 2018","127,177,000","125,624,000","127,588,000","124,920,000","0.30K","1.24%"
"May 01, 2018","125,624,000","128,700,000","128,700,000","123,301,000","0.35K","-2.39%"
"Apr 30, 2018","128,700,000","128,412,000","129,150,000","127,197,000","0.36K","0.23%"
"Apr 29, 2018","128,411,000","127,551,000","129,000,000","125,920,000","0.36K","0.67%"
"Apr 28, 2018","127,551,000","124,019,000","128,685,000","123,510,000","0.35K","2.85%"
"Apr 27, 2018","124,019,000","128,602,000","129,220,000","123,953,000","0.38K","-3.56%"
"Apr 26, 2018","128,602,000","124,792,000","129,250,000","121,303,000","0.46K","3.05%"
"Apr 25, 2018","124,792,000","132,997,000","134,743,008","123,245,000","0.74K","-6.17%"
"Apr 24, 2018","132,997,000","123,760,000","133,452,000","123,657,000","0.66K","7.46%"
"Apr 23, 2018","123,760,000","121,848,000","123,800,000","121,566,000","0.29K","1.57%"
"Apr 22, 2018","121,848,000","122,999,000","123,825,000","121,205,000","0.29K","-0.94%"
"Apr 21, 2018","122,999,000","122,501,000","125,179,000","118,500,000","0.53K","0.41%"
"Apr 20, 2018","122,501,000","115,600,000","122,800,000","115,599,000","0.65K","5.97%"
"Apr 19, 2018","115,600,000","112,509,000","115,710,000","112,499,000","0.47K","2.75%"
"Apr 18, 2018","112,509,000","109,884,000","112,700,000","109,715,000","0.31K","2.39%"
"Apr 17, 2018","109,884,000","108,202,000","111,580,000","108,202,000","0.36K","1.55%"
"Apr 16, 2018","108,202,000","108,747,000","109,643,000","106,501,000","0.58K","-0.47%"
"Apr 15, 2018","108,710,000","106,011,000","109,643,000","105,700,000","0.34K","2.55%"
"Apr 14, 2018","106,011,000","104,770,000","107,500,000","104,451,000","0.32K","1.18%"
"Apr 13, 2018","104,770,000","105,990,000","108,936,000","104,000,000","0.77K","-1.15%"
"Apr 12, 2018","105,990,000","96,100,000","106,030,000","94,000,000","1.02K","10.36%"
"Apr 11, 2018","96,039,000","95,479,000","96,500,000","95,151,000","0.27K","0.59%"
"Apr 10, 2018","95,479,000","95,226,000","96,000,000","94,200,000","0.28K","0.27%"
"Apr 09, 2018","95,226,000","97,580,000","100,000,000","93,402,000","0.54K","-2.41%"
"Apr 08, 2018","97,580,000","96,997,000","98,661,000","96,502,000","0.19K","0.60%"
"Apr 07, 2018","96,997,000","93,470,000","98,465,000","93,280,000","0.29K","3.77%"
"Apr 06, 2018","93,470,000","95,185,000","95,977,000","92,407,000","0.45K","-1.80%"
"Apr 05, 2018","95,185,000","96,043,000","97,705,000","93,456,000","0.52K","-0.89%"
"Apr 04, 2018","96,043,000","103,962,000","104,100,000","94,688,000","0.49K","-7.62%"
"Apr 03, 2018","103,962,000","98,681,000","104,755,000","98,315,000","0.47K","5.35%"
"Apr 02, 2018","98,681,000","95,806,000","99,800,000","95,100,000","0.41K","3.00%"
"Apr 01, 2018","95,805,000","98,173,000","99,406,000","91,263,000","0.42K","-2.41%"
"Mar 31, 2018","98,173,000","97,231,000","100,934,000","96,003,000","0.32K","0.97%"
"Mar 30, 2018","97,231,000","100,012,000","103,773,000","93,758,000","0.63K","-2.78%"
"Mar 29, 2018","100,012,000","111,199,000","111,498,000","98,003,000","0.47K","-10.06%"
"Mar 28, 2018","111,200,000","110,499,000","113,743,000","110,002,000","0.26K","0.63%"
"Mar 27, 2018","110,499,000","115,597,000","116,500,000","110,301,000","0.35K","-4.41%"
"Mar 26, 2018","115,597,000","120,990,000","121,185,000","112,000,000","0.46K","-4.46%"
"Mar 25, 2018","120,990,000","121,000,000","122,810,000","119,550,000","0.28K","0.08%"
"Mar 24, 2018","120,888,000","125,126,000","125,998,000","120,774,000","0.30K","-3.39%"
"Mar 23, 2018","125,126,000","123,602,000","125,126,000","118,360,000","0.33K","1.23%"
"Mar 22, 2018","123,602,000","125,298,000","127,500,000","120,300,000","0.40K","-1.35%"
"Mar 21, 2018","125,298,000","124,502,000","128,898,000","123,600,000","0.52K","0.64%"
"Mar 20, 2018","124,502,000","120,000,000","125,676,000","117,500,000","0.69K","3.75%"
"Mar 19, 2018","120,000,000","114,700,000","120,502,000","112,200,000","0.60K","4.62%"
"Mar 18, 2018","114,700,000","111,270,000","115,000,000","102,555,000","0.54K","3.08%"
"Mar 17, 2018","111,270,000","116,000,000","116,494,000","108,500,000","0.36K","-4.08%"
"Mar 16, 2018","116,000,000","116,493,000","119,500,000","112,000,000","0.39K","-0.42%"
"Mar 15, 2018","116,493,000","116,415,000","118,418,000","107,406,000","0.88K","0.07%"
"Mar 14, 2018","116,415,000","128,900,000","131,000,000","115,200,000","0.91K","-9.63%"
"Mar 13, 2018","128,817,000","129,002,000","132,750,000","126,449,000","0.47K","-0.14%"
"Mar 12, 2018","129,002,000","132,651,000","137,100,000","125,365,000","0.67K","-2.75%"
"Mar 11, 2018","132,651,000","126,412,000","135,031,008","123,123,000","0.59K","4.94%"
"Mar 10, 2018","126,412,000","131,702,000","134,262,000","125,203,000","0.40K","-4.02%"
"Mar 09, 2018","131,702,000","132,113,000","133,894,000","120,133,000","0.80K","-0.31%"
"Mar 08, 2018","132,113,000","141,000,992","144,632,992","132,111,000","0.62K","-6.30%"
"Mar 07, 2018","141,000,992","149,300,000","151,900,000","136,498,000","0.61K","-5.56%"
"Mar 06, 2018","149,300,000","158,200,000","158,200,000","147,876,000","0.42K","-5.63%"
"Mar 05, 2018","158,200,000","156,980,000","159,720,992","155,616,992","0.37K","0.78%"
"Mar 04, 2018","156,980,000","156,479,008","157,400,000","153,500,000","0.28K","0.32%"
"Mar 03, 2018","156,479,008","152,732,992","157,604,000","152,732,992","0.45K","2.45%"
"Mar 02, 2018","152,732,992","150,504,992","154,500,000","150,100,992","0.50K","1.48%"
"Mar 01, 2018","150,504,992","146,598,000","151,995,008","145,056,000","0.37K","2.67%"
"Feb 28, 2018","146,598,000","148,619,008","153,532,000","145,996,992","0.47K","-1.36%"
"Feb 27, 2018","148,619,008","144,380,992","151,250,000","141,791,008","0.53K","2.94%"
"Feb 26, 2018","144,380,992","138,248,992","145,658,000","135,200,000","0.51K","4.44%"
"Feb 25, 2018","138,248,992","141,547,008","142,492,000","135,300,000","0.32K","-2.33%"
"Feb 24, 2018","141,547,008","145,451,008","148,966,000","139,000,000","0.45K","-2.68%"
"Feb 23, 2018","145,451,008","144,398,000","147,907,008","137,800,000","0.63K","0.89%"
"Feb 22, 2018","144,163,008","149,998,000","155,155,008","140,298,000","0.76K","-3.89%"
"Feb 21, 2018","149,998,000","156,800,000","158,988,000","145,600,000","0.94K","-4.34%"
"Feb 20, 2018","156,800,000","152,699,008","162,032,000","152,550,000","1.02K","2.69%"
"Feb 19, 2018","152,699,008","146,502,000","153,500,000","145,500,992","0.55K","4.48%"
"Feb 18, 2018","146,150,000","152,100,000","156,714,000","141,122,000","0.94K","-3.91%"
"Feb 17, 2018","152,100,000","139,446,000","152,204,992","138,499,008","0.78K","9.07%"
"Feb 16, 2018","139,446,000","137,998,000","140,792,992","135,010,000","0.46K","1.05%"
"Feb 15, 2018","137,998,000","132,658,000","139,398,000","131,300,000","0.96K","4.03%"
"Feb 14, 2018","132,658,000","119,338,000","132,700,000","119,337,000","0.66K","11.16%"
"Feb 13, 2018","119,338,000","122,195,000","122,412,000","117,501,000","0.50K","-2.34%"
"Feb 12, 2018","122,195,000","112,290,000","122,602,000","112,289,000","0.66K","8.82%"
"Feb 11, 2018","112,290,000","118,999,000","119,999,000","110,199,000","0.45K","-5.64%"
"Feb 10, 2018","118,999,000","117,900,000","124,780,000","115,250,000","0.86K","0.93%"
"Feb 09, 2018","117,900,000","115,001,000","117,999,000","111,001,000","0.70K","2.52%"
"Feb 08, 2018","115,001,000","106,675,000","118,208,000","105,449,000","0.98K","7.81%"
"Feb 07, 2018","106,675,000","106,990,000","118,502,000","99,667,000","1.19K","-0.29%"
"Feb 06, 2018","106,990,000","97,002,000","108,108,000","81,100,000","2.10K","10.30%"
"Feb 05, 2018","97,002,000","115,887,000","116,888,000","95,501,000","1.09K","-16.30%"
"Feb 04, 2018","115,887,000","124,666,000","125,755,000","112,888,000","0.48K","-7.04%"
"Feb 03, 2018","124,666,000","122,000,000","127,032,000","112,500,000","0.67K","2.19%"
"Feb 02, 2018","122,000,000","126,021,000","130,000,000","106,003,000","1.49K","-3.19%"
"Feb 01, 2018","126,021,000","140,500,000","142,000,000","122,000,000","0.84K","-10.31%"
"Jan 31, 2018","140,500,000","140,998,000","145,750,000","135,106,000","0.51K","-0.35%"
"Jan 30, 2018","140,998,000","151,500,000","153,998,000","139,940,000","0.64K","-6.93%"
"Jan 29, 2018","151,500,000","157,580,000","157,800,000","149,938,000","0.44K","-3.86%"
"Jan 28, 2018","157,580,000","153,396,000","159,992,000","152,560,000","0.50K","2.73%"
"Jan 27, 2018","153,396,000","151,800,000","155,200,000","149,750,000","0.40K","1.05%"
"Jan 26, 2018","151,800,000","154,015,008","157,443,008","144,732,992","0.63K","-1.44%"
"Jan 25, 2018","154,015,008","154,100,992","158,620,000","150,600,992","0.55K","-0.06%"
"Jan 24, 2018","154,100,992","149,000,000","156,750,000","146,020,992","0.65K","3.42%"
"Jan 23, 2018","149,000,000","155,800,000","157,500,000","142,054,000","0.81K","-4.36%"
"Jan 22, 2018","155,800,000","165,455,008","168,500,000","146,090,000","0.75K","-5.84%"
"Jan 21, 2018","165,455,008","178,600,000","179,300,992","160,515,008","0.83K","-7.36%"
"Jan 20, 2018","178,600,000","163,484,992","179,880,000","162,667,008","0.96K","9.25%"
"Jan 19, 2018","163,484,992","160,604,992","166,000,000","152,707,008","0.76K","1.79%"
"Jan 18, 2018","160,604,992","154,000,000","178,576,000","148,256,992","1.37K","4.29%"
"Jan 17, 2018","154,000,000","146,371,008","158,666,000","125,003,000","1.81K","5.44%"
"Jan 16, 2018","146,052,000","203,398,000","203,399,008","134,000,096","1.67K","-28.19%"
"Jan 15, 2018","203,399,008","195,599,008","208,000,000","193,000,000","0.64K","3.99%"
"Jan 14, 2018","195,599,008","209,900,000","209,900,000","180,059,008","0.89K","-6.84%"
"Jan 13, 2018","209,968,992","215,255,008","218,196,000","205,098,000","0.61K","-2.77%"
"Jan 12, 2018","215,940,000","214,555,008","222,003,008","212,562,000","0.56K","0.65%"
"Jan 11, 2018","214,555,008","226,691,008","228,339,008","212,500,000","0.76K","-5.37%"
"Jan 10, 2018","226,740,000","236,488,992","236,488,992","212,000,000","1.04K","-4.12%"
"Jan 09, 2018","236,492,000","238,260,000","243,948,992","234,519,008","0.48K","-0.46%"
"Jan 08, 2018","237,575,008","245,366,000","249,000,000","230,000,000","0.79K","-3.42%"
"Jan 07, 2018","245,980,000","249,399,008","250,199,008","242,756,000","0.51K","-1.33%"
"Jan 06, 2018","249,300,992","253,998,000","254,442,000","238,500,000","0.72K","-1.85%"
"Jan 05, 2018","253,998,000","225,099,008","255,000,000","222,351,008","1.20K","12.84%"
"Jan 04, 2018","225,098,000","225,300,000","228,516,000","220,000,992","0.88K","0.04%"
"Jan 03, 2018","225,010,000","226,500,000","229,898,000","220,000,992","0.61K","-0.66%"
"Jan 02, 2018","226,500,000","215,048,992","234,739,008","214,198,000","0.73K","5.32%"
"Jan 01, 2018","215,050,000","222,550,000","223,667,008","215,000,000","0.32K","-3.39%"
"Dec 31, 2017","222,592,992","213,319,008","226,506,000","212,004,000","0.45K","4.35%"
"Dec 30, 2017","213,319,008","225,000,992","226,500,992","202,600,000","0.88K","-5.19%"
"Dec 29, 2017","225,000,000","243,003,008","244,896,992","224,026,000","0.62K","-7.41%"
"Dec 28, 2017","242,999,008","257,994,000","260,495,008","235,000,000","0.78K","-5.81%"
"Dec 27, 2017","258,000,000","252,170,000","264,000,000","252,162,000","0.67K","2.08%"
"Dec 26, 2017","252,748,000","237,350,000","264,988,992","236,880,992","1.33K","6.63%"
"Dec 25, 2017","237,032,000","234,499,008","240,310,000","233,136,992","0.51K","1.08%"
"Dec 24, 2017","234,499,008","236,695,008","239,400,000","230,000,000","0.52K","-0.93%"
"Dec 23, 2017","236,695,008","224,050,000","242,000,000","223,242,000","0.74K","5.64%"
"Dec 22, 2017","224,050,000","244,004,992","244,872,992","205,999,008","1.43K","-8.36%"
"Dec 21, 2017","244,499,008","241,496,992","249,999,008","238,011,008","0.76K","1.43%"
"Dec 20, 2017","241,062,000","251,999,008","259,259,008","235,000,000","0.97K","-4.34%"
"Dec 19, 2017","251,999,008","259,800,000","260,998,000","250,188,992","0.64K","-3.00%"
"Dec 18, 2017","259,800,992","263,432,000","263,760,992","255,000,992","0.59K","-1.38%"
"Dec 17, 2017","263,434,000","266,800,992","269,999,008","259,000,000","0.63K","-1.26%"
"Dec 16, 2017","266,800,992","248,152,992","269,500,000","246,908,000","0.71K","7.11%"
"Dec 15, 2017","249,100,000","236,007,008","256,300,000","235,352,992","1.09K","5.55%"
"Dec 14, 2017","236,007,008","240,802,000","244,836,000","235,000,000","0.77K","-1.99%"
"Dec 13, 2017","240,804,992","247,000,000","250,100,000","235,304,000","0.65K","-2.51%"
"Dec 12, 2017","246,999,008","250,560,992","254,889,696","245,143,696","0.57K","-1.42%"
"Dec 11, 2017","250,561,296","242,750,000","258,900,000","241,596,304","0.73K","3.43%"
"Dec 10, 2017","242,260,400","238,805,904","260,739,008","201,001,792","1.88K","1.70%"
"Dec 09, 2017","238,210,000","254,700,000","265,000,000","210,000,608","1.12K","-6.47%"
"Dec 08, 2017","254,700,704","291,999,904","294,999,296","230,000,000","1.98K","-12.77%"
"Dec 07, 2017","292,000,000","218,752,304","295,900,000","209,000,000","2.19K","33.53%"
"Dec 06, 2017","218,681,104","169,300,000","219,890,592","169,299,808","1.27K","29.17%"
"Dec 05, 2017","169,300,000","162,500,000","169,800,000","161,704,992","0.82K","4.31%"
"Dec 04, 2017","162,301,408","160,997,792","162,403,296","159,000,800","0.52K","0.87%"
"Dec 03, 2017","160,900,304","157,800,192","163,000,000","155,517,296","0.80K","1.96%"
"Dec 02, 2017","157,800,192","156,104,000","159,400,000","155,500,000","0.65K","1.09%"
"Dec 01, 2017","156,100,400","150,999,904","156,499,504","142,599,104","0.75K","3.38%"
"Nov 30, 2017","150,999,104","149,988,000","159,800,000","138,100,800","1.59K","1.41%"
"Nov 29, 2017","148,900,000","144,939,904","163,770,096","144,786,096","2.14K","2.73%"
"Nov 28, 2017","144,939,504","134,849,904","145,401,104","134,849,904","0.97K","7.48%"
"Nov 27, 2017","134,849,904","128,889,904","134,990,000","128,598,800","0.92K","4.70%"
"Nov 26, 2017","128,800,000","118,000,000","129,699,000","117,999,904","0.83K","9.15%"
"Nov 25, 2017","118,000,000","111,200,000","118,000,000","111,050,000","0.63K","6.12%"
"Nov 24, 2017","111,199,904","108,750,000","115,610,496","107,875,000","1.19K","2.25%"
"Nov 23, 2017","108,750,096","109,000,704","109,599,000","108,000,000","0.79K","-0.23%"
"Nov 22, 2017","109,000,704","107,649,904","110,000,000","107,536,000","0.66K","1.25%"
"Nov 21, 2017","107,649,904","108,400,096","108,998,496","104,800,000","0.83K","-0.69%"
"Nov 20, 2017","108,400,096","106,000,000","108,998,000","105,334,704","0.77K","2.46%"
"Nov 19, 2017","105,799,904","104,009,904","106,092,304","102,500,000","0.49K","1.72%"
"Nov 18, 2017","104,009,904","103,987,504","104,370,000","99,069,400","0.65K","0.02%"
"Nov 17, 2017","103,987,504","105,358,304","108,000,000","101,800,000","1.42K","-1.49%"
"Nov 16, 2017","105,556,496","99,141,600","105,765,200","98,501,000","1.41K","6.47%"
"Nov 15, 2017","99,141,600","92,400,600","99,999,200","92,383,296","1.20K","7.24%"
"Nov 14, 2017","92,449,904","91,400,896","93,300,000","91,100,000","0.50K","1.15%"
"Nov 13, 2017","91,400,496","84,598,400","94,800,000","82,732,800","1.27K","8.81%"
"Nov 12, 2017","84,000,496","88,009,104","94,999,904","74,000,096","2.16K","-4.56%"
"Nov 11, 2017","88,009,504","91,060,000","95,749,000","86,102,600","0.99K","-3.29%"
"Nov 10, 2017","91,000,096","98,549,000","99,760,896","91,000,000","1.10K","-7.66%"
"Nov 09, 2017","98,549,000","100,000,000","100,000,000","98,488,000","0.66K","-2.67%"
"Nov 08, 2017","101,248,200","98,499,904","104,749,696","98,392,096","0.91K","2.79%"
"Nov 07, 2017","98,499,904","98,099,000","99,999,000","97,099,696","0.46K","0.51%"
"Nov 06, 2017","98,000,200","100,200,096","101,000,096","98,000,000","0.59K","-2.20%"
"Nov 05, 2017","100,200,096","99,417,400","101,925,000","98,750,000","0.44K","0.79%"
"Nov 04, 2017","99,417,400","98,297,000","99,999,904","96,300,000","0.55K","1.14%"
"Nov 03, 2017","98,297,000","96,201,104","100,000,000","96,000,000","0.78K","2.18%"
"Nov 02, 2017","96,201,104","91,498,896","99,976,496","91,498,896","1.20K","5.16%"
"Nov 01, 2017","91,480,000","86,403,696","91,500,000","85,962,096","0.72K","5.88%"
"Oct 31, 2017","86,403,696","83,099,296","86,599,904","82,750,000","0.64K","3.98%"
"Oct 30, 2017","83,099,296","82,200,096","83,917,504","82,000,096","0.61K","0.63%"
"Oct 29, 2017","82,576,704","79,610,000","83,138,400","79,450,096","0.57K","3.73%"
"Oct 28, 2017","79,610,096","80,100,000","80,600,000","79,239,104","0.28K","-0.60%"
"Oct 27, 2017","80,089,200","80,999,600","81,539,200","79,500,000","0.51K","-1.12%"
"Oct 26, 2017","80,999,600","79,400,896","81,799,296","78,650,096","0.51K","1.90%"
"Oct 25, 2017","79,490,000","77,190,200","79,490,096","74,500,000","0.63K","2.98%"
"Oct 24, 2017","77,191,696","81,900,400","82,249,000","77,050,000","0.90K","-5.75%"
"Oct 23, 2017","81,900,400","81,548,600","82,460,000","79,499,000","0.91K","0.43%"
"Oct 22, 2017","81,548,496","81,677,600","82,221,904","78,576,496","0.53K","-0.16%"
"Oct 21, 2017","81,677,600","79,846,400","83,486,000","79,599,000","0.67K","2.29%"
"Oct 20, 2017","79,846,400","75,445,504","80,000,000","75,365,000","0.66K","5.84%"
"Oct 19, 2017","75,441,696","74,410,400","75,899,000","73,818,000","0.55K","1.39%"
"Oct 18, 2017","74,410,400","74,560,704","74,674,800","70,100,304","0.90K","-0.20%"
"Oct 17, 2017","74,560,704","74,976,800","74,984,200","73,501,000","0.48K","-0.55%"
"Oct 16, 2017","74,976,800","73,949,504","74,998,896","73,708,200","0.49K","1.39%"
"Oct 15, 2017","73,949,504","74,900,000","75,400,000","71,690,400","0.58K","-1.27%"
"Oct 14, 2017","74,900,000","73,399,504","74,995,104","72,500,000","0.49K","2.04%"
"Oct 13, 2017","73,399,600","70,000,000","75,500,000","69,999,904","1.38K","4.86%"
"Oct 12, 2017","69,999,904","64,260,800","70,399,000","64,260,800","1.09K","8.93%"
"Oct 11, 2017","64,260,800","63,495,000","64,680,400","63,001,100","0.46K","1.21%"
"Oct 10, 2017","63,495,000","63,298,400","64,875,000","63,000,100","0.57K","0.31%"
"Oct 09, 2017","63,298,400","61,110,200","63,950,000","60,600,000","0.72K","3.58%"
"Oct 08, 2017","61,110,200","59,550,000","61,149,000","59,205,700","0.54K","2.62%"
"Oct 07, 2017","59,551,400","58,948,900","59,737,500","58,390,800","0.35K","1.02%"
"Oct 06, 2017","58,948,900","58,249,300","59,426,900","58,100,000","0.42K","1.27%"
"Oct 05, 2017","58,210,000","57,699,900","58,600,000","56,064,000","0.62K","0.88%"
"Oct 04, 2017","57,699,900","58,681,500","58,872,800","57,500,800","0.53K","-1.67%"
"Oct 03, 2017","58,681,500","59,228,800","59,700,700","57,700,200","0.49K","-0.92%"
"Oct 02, 2017","59,228,800","58,499,900","59,950,000","58,391,400","0.66K","1.25%"
"Oct 01, 2017","58,499,900","57,801,700","58,500,000","57,000,000","0.32K","1.21%"
"Sep 30, 2017","57,801,700","55,991,800","58,100,000","55,800,000","0.45K","3.23%"
"Sep 29, 2017","55,992,800","55,749,900","56,700,000","54,000,000","0.53K","0.44%"
"Sep 28, 2017","55,749,900","55,580,300","57,199,500","54,996,500","0.68K","0.31%"
"Sep 27, 2017","55,580,300","51,801,400","55,800,000","51,800,000","0.65K","7.30%"
"Sep 26, 2017","51,800,000","51,476,000","52,630,900","50,901,100","0.46K","0.65%"
"Sep 25, 2017","51,466,000","49,885,100","52,000,000","49,700,000","0.53K","3.17%"
"Sep 24, 2017","49,885,100","50,469,900","50,700,000","49,600,000","0.18K","-1.16%"
"Sep 23, 2017","50,469,900","49,300,000","50,998,000","48,600,000","0.28K","2.37%"
"Sep 22, 2017","49,300,000","48,100,100","50,000,000","48,100,000","0.42K","2.49%"
"Sep 21, 2017","48,100,200","50,613,900","51,296,800","47,856,000","0.43K","-4.97%"
"Sep 20, 2017","50,613,900","50,700,000","51,600,100","50,104,800","0.40K","-0.17%"
"Sep 19, 2017","50,700,000","51,310,000","51,600,000","49,311,300","0.61K","-1.19%"
"Sep 18, 2017","51,310,000","47,849,100","51,800,100","47,605,300","0.80K","7.23%"
"Sep 17, 2017","47,849,100","47,821,300","48,699,000","46,209,900","0.36K","0.06%"
"Sep 16, 2017","47,821,300","47,315,000","49,990,000","45,828,700","0.62K","1.07%"
"Sep 15, 2017","47,315,000","40,506,100","48,600,000","37,300,200","1.63K","16.81%"
"Sep 14, 2017","40,506,000","51,011,100","51,600,000","40,500,600","1.02K","-20.59%"
"Sep 13, 2017","51,011,200","54,900,900","54,901,000","50,000,000","0.83K","-7.08%"
"Sep 12, 2017","54,900,900","55,705,900","57,000,000","54,000,000","0.55K","-1.61%"
"Sep 11, 2017","55,799,900","56,275,900","58,450,000","55,000,000","0.53K","-0.85%"
"Sep 10, 2017","56,275,900","57,174,900","57,399,900","54,050,000","0.40K","-1.57%"
"Sep 09, 2017","57,174,900","57,899,900","58,100,200","56,500,300","0.19K","-1.25%"
"Sep 08, 2017","57,900,000","59,686,300","60,000,000","55,628,600","0.60K","-2.99%"
"Sep 07, 2017","59,686,300","60,200,500","60,480,500","59,001,000","0.55K","-0.85%"
"Sep 06, 2017","60,200,500","59,800,000","61,000,000","59,499,900","0.55K","0.53%"
"Sep 05, 2017","59,880,900","58,398,500","61,000,000","54,240,700","0.74K","2.80%"
"Sep 04, 2017","58,250,100","61,791,800","62,000,000","56,400,100","0.60K","-5.73%"
"Sep 03, 2017","61,791,800","61,749,600","63,091,700","60,000,000","0.38K","0.07%"
"Sep 02, 2017","61,749,600","63,999,700","64,957,200","60,549,900","0.69K","-3.51%"
"Sep 01, 2017","63,999,000","62,407,000","63,999,000","62,251,900","0.45K","2.55%"