7/17/2014,606
7/18/2014,606
7/19/2014,622.73
7/20/2014,622.73
7/21/2014,622.73
7/22/2014,622.73
7/23/2014,622.73
7/24/2014,622.73
7/25/2014,622.73
7/26/2014,622.73
7/27/2014,622.73
7/28/2014,622.73
7/29/2014,622.73
7/30/2014,622.73
7/31/2014,622.73
8/1/2014,622.73
8/2/2014,622.73
8/3/2014,622.73
8/4/2014,622.73
8/5/2014,622.73
8/6/2014,622.73
8/7/2014,622.73
8/8/2014,622.73
8/9/2014,622.73
8/10/2014,622.73
8/11/2014,622.73
8/12/2014,570
8/13/2014,570
8/14/2014,570
8/15/2014,500
8/16/2014,500
8/17/2014,500
8/18/2014,500
8/19/2014,500
8/20/2014,500
8/21/2014,500
8/22/2014,500
8/23/2014,500
8/24/2014,500
8/25/2014,500
8/26/2014,500
8/27/2014,500
8/28/2014,500
8/29/2014,500
8/30/2014,500
8/31/2014,500
9/1/2014,500
9/2/2014,500
9/3/2014,500
9/4/2014,500
9/5/2014,500
9/6/2014,500
9/7/2014,500
9/8/2014,500
9/9/2014,500
9/10/2014,500
9/11/2014,500
9/12/2014,500
9/13/2014,500
9/14/2014,500
9/15/2014,500
9/16/2014,500
9/17/2014,500
9/18/2014,500
9/19/2014,500
9/20/2014,500
9/21/2014,500
9/22/2014,500
9/23/2014,500
9/24/2014,500
9/25/2014,500
9/26/2014,392.07
9/27/2014,401.8
9/28/2014,401.8
9/29/2014,401.8
9/30/2014,401.8
10/1/2014,390.99
10/2/2014,390.99
10/3/2014,390.99
10/4/2014,390.99
10/5/2014,390.99
10/6/2014,390.99
10/7/2014,390.99
10/8/2014,390.99
10/9/2014,390.99
10/10/2014,390.99
10/11/2014,390.99
10/12/2014,353.56
10/13/2014,353.56
10/14/2014,353.56
10/15/2014,353.56
10/16/2014,353.56
10/17/2014,353.56
10/18/2014,380.8
10/19/2014,380.8
10/20/2014,380.8
10/21/2014,383.8
10/22/2014,383.8
10/23/2014,372.49
10/24/2014,372.49
10/25/2014,346.21
10/26/2014,356.84
10/27/2014,356.84
10/28/2014,356.84
10/29/2014,345.6
10/30/2014,346.7
10/31/2014,346.7
11/1/2014,335.5
11/2/2014,335.5
11/3/2014,329.97
11/4/2014,329.97
11/5/2014,329.97
11/6/2014,329.97
11/7/2014,329.97
11/8/2014,329.97
11/9/2014,329.97
11/10/2014,329.97
11/11/2014,365.85
11/12/2014,365.85
11/13/2014,365.85
11/14/2014,365.85
11/15/2014,365.85
11/16/2014,365.85
11/17/2014,365.85
11/18/2014,388.36
11/19/2014,388.36
11/20/2014,388.36
11/21/2014,388.36
11/22/2014,388.36
11/23/2014,388.36
11/24/2014,388.36
11/25/2014,388.36
11/26/2014,379.69
11/27/2014,379.69
11/28/2014,379.69
11/29/2014,379.69
11/30/2014,379.69
12/1/2014,379.69
12/2/2014,379.69
12/3/2014,379.69
12/4/2014,379.69
12/5/2014,379.69
12/6/2014,379.69
12/7/2014,379.69
12/8/2014,379.69
12/9/2014,379.69
12/10/2014,379.69
12/11/2014,358.19
12/12/2014,358.19
12/13/2014,358.19
12/14/2014,358.19
12/15/2014,352.96
12/16/2014,352.96
12/17/2014,352.96
12/18/2014,352.96
12/19/2014,352.96
12/20/2014,352.96
12/21/2014,352.96
12/22/2014,314.06
12/23/2014,322.42
12/24/2014,336.85
12/25/2014,304.77
12/26/2014,304.77
12/27/2014,304.77
12/28/2014,319.83
12/29/2014,299.52
12/30/2014,299.52
12/31/2014,299.52
1/1/2015,299.52
1/2/2015,299.52
1/3/2015,299.52
1/4/2015,299.52
1/5/2015,299.52
1/6/2015,299.52
1/7/2015,279
1/8/2015,279
1/9/2015,279
1/10/2015,279
1/11/2015,279
1/12/2015,279
1/13/2015,279
1/14/2015,279
1/15/2015,279
1/16/2015,211.17
1/17/2015,211.17
1/18/2015,211.17
1/19/2015,211.17
1/20/2015,206.19
1/21/2015,220
1/22/2015,227.17
1/23/2015,225.48
1/24/2015,225.48
1/25/2015,225.48
1/26/2015,225.48
1/27/2015,225.48
1/28/2015,225.48
1/29/2015,225.48
1/30/2015,225.48
1/31/2015,225.48
2/1/2015,225.48
2/2/2015,225.48
2/3/2015,225.48
2/4/2015,225.48
2/5/2015,217.83
2/6/2015,217.83
2/7/2015,217.83
2/8/2015,217.83
2/9/2015,225.13
2/10/2015,225.13
2/11/2015,225.13
2/12/2015,225.13
2/13/2015,225.13
2/14/2015,225.13
2/15/2015,225.13
2/16/2015,225.13
2/17/2015,225.13
2/18/2015,225.13
2/19/2015,225.13
2/20/2015,225.13
2/21/2015,225.13
2/22/2015,225.13
2/23/2015,225.13
2/24/2015,225.13
2/25/2015,225.13
2/26/2015,236.06
2/27/2015,236.06
2/28/2015,236.06
3/1/2015,236.06
3/2/2015,236.06
3/3/2015,278
3/4/2015,278
3/5/2015,271.3
3/6/2015,274.35
3/7/2015,274.35
3/8/2015,271.16
3/9/2015,282.69
3/10/2015,290
3/11/2015,289.79
3/12/2015,292.41
3/13/2015,287.83
3/14/2015,287.83
3/15/2015,287.83
3/16/2015,289.98
3/17/2015,289.98
3/18/2015,264.33
3/19/2015,259.55
3/20/2015,261.77
3/21/2015,261.07
3/22/2015,261.07
3/23/2015,267.02
3/24/2015,241.65
3/25/2015,245.27
3/26/2015,250.96
3/27/2015,250.96
3/28/2015,252.93
3/29/2015,247.87
3/30/2015,237.98
3/31/2015,240.11
4/1/2015,244.35
4/2/2015,248.63
4/3/2015,248.63
4/4/2015,248.63
4/5/2015,255.5
4/6/2015,259.63
4/7/2015,255.44
4/8/2015,246.97
4/9/2015,244.59
4/10/2015,237.78
4/11/2015,239.97
4/12/2015,239.21
4/13/2015,228
4/14/2015,222.79
4/15/2015,212.91
4/16/2015,221.68
4/17/2015,225.72
4/18/2015,223.82
4/19/2015,226.48
4/20/2015,227.39
4/21/2015,234.85
4/22/2015,230.75
4/23/2015,233.25
4/24/2015,231.19
4/25/2015,230.49
4/26/2015,221.36
4/27/2015,220.6
4/28/2015,221.3
4/29/2015,224.58
4/30/2015,225.04
5/1/2015,235.02
5/2/2015,240.21
5/3/2015,240.51
5/4/2015,240.51
5/5/2015,240.51
5/6/2015,228.26
5/7/2015,237.47
5/8/2015,242.56
5/9/2015,243.09
5/10/2015,241.75
5/11/2015,239.63
5/12/2015,239.3
5/13/2015,241.79
5/14/2015,236.38
5/15/2015,237.89
5/16/2015,237.99
5/17/2015,236.1
5/18/2015,238.63
5/19/2015,238.72
5/20/2015,234.03
5/21/2015,235.5
5/22/2015,238.8
5/23/2015,238.27
5/24/2015,238
5/25/2015,236.6
5/26/2015,235.83
5/27/2015,237.13
5/28/2015,235
5/29/2015,235.35
5/30/2015,234.56
5/31/2015,231.6
6/1/2015,229.51
6/2/2015,228.46
6/3/2015,224.93
6/4/2015,226.81
6/5/2015,224.84
6/6/2015,226.76
6/7/2015,227
6/8/2015,229.75
6/9/2015,231.05
6/10/2015,228.89
6/11/2015,231.81
6/12/2015,231.71
6/13/2015,231.71
6/14/2015,234.37
6/15/2015,237.75
6/16/2015,240.48
6/17/2015,254.93
6/18/2015,249.3
6/19/2015,244.97
6/20/2015,243.95
6/21/2015,243.48
6/22/2015,247.34
6/23/2015,244.98
6/24/2015,241.52
6/25/2015,243.17
6/26/2015,242.08
6/27/2015,244.63
6/28/2015,248.9
6/29/2015,250.2
6/30/2015,263.4
7/1/2015,258.57
7/2/2015,254.93
7/3/2015,254.87
7/4/2015,257.69
7/5/2015,268.69
7/6/2015,273.38
7/7/2015,267.61
7/8/2015,271.5
7/9/2015,271.5
7/10/2015,288.3
7/11/2015,292.5
7/12/2015,308.39
7/13/2015,287.88
7/14/2015,287.88
7/15/2015,291.13
7/16/2015,278.47
7/17/2015,274.88
7/18/2015,277
7/19/2015,277
7/20/2015,279.29
7/21/2015,279.85
7/22/2015,279.85
7/23/2015,279.85
7/24/2015,285.5
7/25/2015,290.49
7/26/2015,290.49
7/27/2015,290.49
7/28/2015,295.14
7/29/2015,289.66
7/30/2015,289.66
7/31/2015,285.54
8/1/2015,279.92
8/2/2015,279.1
8/3/2015,279.1
8/4/2015,283.64
8/5/2015,283.64
8/6/2015,283.64
8/7/2015,283.64
8/8/2015,283.64
8/9/2015,265.02
8/10/2015,265.65
8/11/2015,265.65
8/12/2015,270.24
8/13/2015,265.88
8/14/2015,266.52
8/15/2015,264.04
8/16/2015,259.34
8/17/2015,258.36
8/18/2015,247.61
8/19/2015,232.55
8/20/2015,234.05
8/21/2015,232.7
8/22/2015,230.9
8/23/2015,232.33
8/24/2015,216.5
8/25/2015,210.13
8/26/2015,227.16
8/27/2015,229.62
8/28/2015,235.73
8/29/2015,232.1
8/30/2015,229.1
8/31/2015,231.57
9/1/2015,228.64
9/2/2015,231.41
9/3/2015,228.39
9/4/2015,232.83
9/5/2015,237.77
9/6/2015,243.56
9/7/2015,240.9
9/8/2015,243.83
9/9/2015,240.78
9/10/2015,241.89
9/11/2015,239.8
9/12/2015,235.44
9/13/2015,232
9/14/2015,229.27
9/15/2015,230
9/16/2015,227.87
9/17/2015,231.79
9/18/2015,234.52
9/19/2015,232.58
9/20/2015,229.5
9/21/2015,228.38
9/22/2015,230.3
9/23/2015,231.45
9/24/2015,235.09
9/25/2015,236.69
9/26/2015,236.69
9/27/2015,233.18
9/28/2015,239.09
9/29/2015,236
9/30/2015,237.4
10/1/2015,238
10/2/2015,237.89
10/3/2015,239.3
10/4/2015,239.3
10/5/2015,237.05
10/6/2015,246.97
10/7/2015,245.06
10/8/2015,245.06
10/9/2015,244.5
10/10/2015,244.55
10/11/2015,247.69
10/12/2015,246.43
10/13/2015,250.77
10/14/2015,254.12
10/15/2015,254.01
10/16/2015,266
10/17/2015,268.25
10/18/2015,261.79
10/19/2015,263.72
10/20/2015,269.02
10/21/2015,268.1
10/22/2015,271.52
10/23/2015,277.57
10/24/2015,283.64
10/25/2015,288.7
10/26/2015,286.36
10/27/2015,297.59
10/28/2015,300.79
10/29/2015,310.3
10/30/2015,325.52
10/31/2015,310.57
11/1/2015,324.8
11/2/2015,364.74
11/3/2015,401
11/4/2015,408.8
11/5/2015,391.54
11/6/2015,373.49
11/7/2015,393.66
11/8/2015,377.24
11/9/2015,388.2
11/10/2015,332.9
11/11/2015,310.79
11/12/2015,330.37
11/13/2015,340.83
11/14/2015,336.65
11/15/2015,322.65
11/16/2015,330.67
11/17/2015,339.63
11/18/2015,335.9
11/19/2015,329.1
11/20/2015,322.92
11/21/2015,325.42
11/22/2015,324
11/23/2015,325
11/24/2015,322.12
11/25/2015,328.97
11/26/2015,354.01
11/27/2015,353.06
11/28/2015,358.19
11/29/2015,372.2
11/30/2015,377.82
12/1/2015,362
12/2/2015,358.02
12/3/2015,358.68
12/4/2015,362.06
12/5/2015,390.5
12/6/2015,397.8
12/7/2015,397.89
12/8/2015,398.64
12/9/2015,418.6
12/10/2015,417.08
12/11/2015,450.75
12/12/2015,436.82
12/13/2015,435.39
12/14/2015,442.63
12/15/2015,466.01
12/16/2015,453.1
12/17/2015,456
12/18/2015,464.05
12/19/2015,460.49
12/20/2015,443.37
12/21/2015,439.43
12/22/2015,436.2
12/23/2015,442.29
12/24/2015,456.19
12/25/2015,456.01
12/26/2015,416
12/27/2015,424.5
12/28/2015,419.73
12/29/2015,429.82
12/30/2015,425
12/31/2015,428.76
1/1/2016,434.49
1/2/2016,434
1/3/2016,428.55
1/4/2016,432.77
1/5/2016,431.82
1/6/2016,430.8
1/7/2016,458.02
1/8/2016,452.53
1/9/2016,452.5
1/10/2016,447.41
1/11/2016,447.8
1/12/2016,446.48
1/13/2016,431.1
1/14/2016,429.61
1/15/2016,375.78
1/16/2016,387.79
1/17/2016,389.19
1/18/2016,388.39
1/19/2016,383.22
1/20/2016,427.02
1/21/2016,414.08
1/22/2016,387.13
1/23/2016,393
1/24/2016,408.95
1/25/2016,398.58
1/26/2016,399.23
1/27/2016,400.05
1/28/2016,384
1/29/2016,378.41
1/30/2016,381.29
1/31/2016,380.12
2/1/2016,376.81
2/2/2016,378.43
2/3/2016,372.48
2/4/2016,396.5
2/5/2016,391.72
2/6/2016,378.23
2/7/2016,378.8
2/8/2016,375.5
2/9/2016,378.48
2/10/2016,387.03
2/11/2016,378.49
2/12/2016,386.02
2/13/2016,391.7
2/14/2016,404
2/15/2016,402
2/16/2016,407.41
2/17/2016,419
2/18/2016,422.92
2/19/2016,418.39
2/20/2016,443.14
2/21/2016,440.51
2/22/2016,439.66
2/23/2016,421.61
2/24/2016,424.87
2/25/2016,425.01
2/26/2016,429.73
2/27/2016,432.69
2/28/2016,434.32
2/29/2016,439.42
3/1/2016,433.71
3/2/2016,425.19
3/3/2016,421.28
3/4/2016,409.28
3/5/2016,397.44
3/6/2016,403.78
3/7/2016,412.93
3/8/2016,411.81
3/9/2016,412.32
3/10/2016,416.2
3/11/2016,421.74
3/12/2016,409.27
3/13/2016,412.33
3/14/2016,415.8
3/15/2016,415.42
3/16/2016,417.88
3/17/2016,418.58
3/18/2016,404.32
3/19/2016,405.15
3/20/2016,411.34
3/21/2016,411.9
3/22/2016,416.9
3/23/2016,419.13
3/24/2016,417.7
3/25/2016,418.32
3/26/2016,418.63
3/27/2016,427.4
3/28/2016,426.07
3/29/2016,418
3/30/2016,415.79
3/31/2016,419.61
4/1/2016,419.18
4/2/2016,422.13
4/3/2016,422.81
4/4/2016,422.11
4/5/2016,425.59
4/6/2016,425.15
4/7/2016,424.17
4/8/2016,422.68
4/9/2016,419.99
4/10/2016,422.79
4/11/2016,425.21
4/12/2016,428
4/13/2016,426.36
4/14/2016,427.5
4/15/2016,433.71
4/16/2016,434.4
4/17/2016,429.68
4/18/2016,431.3
4/19/2016,440.27
4/20/2016,445.58
4/21/2016,452.99
4/22/2016,450
4/23/2016,453.22
4/24/2016,462.1
4/25/2016,465.88
4/26/2016,468.26
4/27/2016,450.5
4/28/2016,448.42
4/29/2016,455.17
4/30/2016,447.93
5/1/2016,449.54
5/2/2016,445.18
5/3/2016,449.66
5/4/2016,446.28
5/5/2016,448.81
5/6/2016,461.96
5/7/2016,460.71
5/8/2016,458.71
5/9/2016,461.49
5/10/2016,448.91
5/11/2016,451.41
5/12/2016,454.55
5/13/2016,454.78
5/14/2016,454.5
5/15/2016,457.46
5/16/2016,452.97
5/17/2016,453.29
5/18/2016,452.9
5/19/2016,441.2
5/20/2016,438.71
5/21/2016,439.82
5/22/2016,438.83
5/23/2016,442.23
5/24/2016,445.87
5/25/2016,447.88
5/26/2016,453.7
5/27/2016,472.98
5/28/2016,533.93
5/29/2016,526
5/30/2016,534
5/31/2016,530.7
6/1/2016,540.39
6/2/2016,541.85
6/3/2016,570.08
6/4/2016,576
6/5/2016,578.65
6/6/2016,587.64
6/7/2016,575.75
6/8/2016,580.3
6/9/2016,576.97
6/10/2016,578.2
6/11/2016,597.9
6/12/2016,670.1
6/13/2016,703.96
6/14/2016,686.22
6/15/2016,694.18
6/16/2016,778.3
6/17/2016,746.99
6/18/2016,757.72
6/19/2016,764.62
6/20/2016,736.44
6/21/2016,671.22
6/22/2016,594.12
6/23/2016,624.59
6/24/2016,654.97
6/25/2016,667.01
6/26/2016,628.01
6/27/2016,648.33
6/28/2016,649.01
6/29/2016,639.38
6/30/2016,671.6
7/1/2016,676.65
7/2/2016,702
7/3/2016,662
7/4/2016,678.85
7/5/2016,665.03
7/6/2016,676
7/7/2016,639.89
7/8/2016,665
7/9/2016,651.01
7/10/2016,650.3
7/11/2016,649.88
7/12/2016,677.18
7/13/2016,662.98
7/14/2016,661.13
7/15/2016,666.08
7/16/2016,664.85
7/17/2016,679.96
7/18/2016,674.35
7/19/2016,675.2
7/20/2016,667.22
7/21/2016,664.98
7/22/2016,645.42
7/23/2016,655.61
7/24/2016,661.56
7/25/2016,654.7
7/26/2016,654.55
7/27/2016,655.33
7/28/2016,653.69
7/29/2016,658.3
7/30/2016,655.19
7/31/2016,622.5
8/1/2016,609.06
8/2/2016,506.69
8/3/2016,570.73
8/4/2016,576.19
8/5/2016,579.19
8/6/2016,588.04
8/7/2016,591.58
8/8/2016,590.6
8/9/2016,592.92
8/10/2016,602.23
8/11/2016,594.41
8/12/2016,588.4
8/13/2016,589.86
8/14/2016,573.59
8/15/2016,567.92
8/16/2016,579.47
8/17/2016,576.88
8/18/2016,578.45
8/19/2016,580.53
8/20/2016,579.64
8/21/2016,581.24
8/22/2016,589.4
8/23/2016,582.84
8/24/2016,579.43
8/25/2016,577.76
8/26/2016,578.69
8/27/2016,571.26
8/28/2016,571.29
8/29/2016,574.5
8/30/2016,579.03
8/31/2016,573.24
9/1/2016,572.52
9/2/2016,572.66
9/3/2016,598.19
9/4/2016,603.36
9/5/2016,607.12
9/6/2016,608.44
9/7/2016,614.25
9/8/2016,623.89
9/9/2016,624.49
9/10/2016,627
9/11/2016,608.12
9/12/2016,606.67
9/13/2016,610.47
9/14/2016,611.99
9/15/2016,611.5
9/16/2016,610.44
9/17/2016,609.5
9/18/2016,612.51
9/19/2016,606.69
9/20/2016,608.26
9/21/2016,599.5
9/22/2016,599.03
9/23/2016,604.92
9/24/2016,602.64
9/25/2016,598.7
9/26/2016,607.29
9/27/2016,607.08
9/28/2016,606.22
9/29/2016,604.15
9/30/2016,608.09
10/1/2016,615.15
10/2/2016,611.11
10/3/2016,612.75
10/4/2016,610.42
10/5/2016,613.01
10/6/2016,613.65
10/7/2016,618.8
10/8/2016,619.87
10/9/2016,614.14
10/10/2016,616.84
10/11/2016,640.35
10/12/2016,638.17
10/13/2016,638
10/14/2016,641.65
10/15/2016,638.77
10/16/2016,640.77
10/17/2016,639.61
10/18/2016,639.57
10/19/2016,630
10/20/2016,632.4
10/21/2016,634.1
10/22/2016,654.9
10/23/2016,659.6
10/24/2016,659.09
10/25/2016,669
10/26/2016,680.2
10/27/2016,687.2
10/28/2016,699.55
10/29/2016,726.85
10/30/2016,710.75
10/31/2016,710.8
11/1/2016,740.16
11/2/2016,738.4
11/3/2016,698.9
11/4/2016,710.7
11/5/2016,714.55
11/6/2016,717.9
11/7/2016,714.3
11/8/2016,721.8
11/9/2016,731.8
11/10/2016,725.7
11/11/2016,723.61
11/12/2016,712.47
11/13/2016,709.2
11/14/2016,710.63
11/15/2016,717.8
11/16/2016,751.6
11/17/2016,748.8
11/18/2016,758.7
11/19/2016,764.6
11/20/2016,735.8
11/21/2016,747.8
11/22/2016,758.08
11/23/2016,753.51
11/24/2016,751
11/25/2016,750.79
11/26/2016,748.9
11/27/2016,746.2
11/28/2016,746.6
11/29/2016,751.9
11/30/2016,754.65
12/1/2016,757.2
12/2/2016,799.4
12/3/2016,784.8
12/4/2016,789.4
12/5/2016,771.3
12/6/2016,785.8
12/7/2016,778.3
12/8/2016,783.1
12/9/2016,783.5
12/10/2016,784.7
12/11/2016,787.1
12/12/2016,791.21
12/13/2016,791
12/14/2016,778.42
12/15/2016,777.7
12/16/2016,784
12/17/2016,789
12/18/2016,785.94
12/19/2016,790.7
12/20/2016,798.85
12/21/2016,819
12/22/2016,858.9
12/23/2016,915
12/24/2016,892.7
12/25/2016,895
12/26/2016,901.3
12/27/2016,923.5
12/28/2016,968.6
12/29/2016,970.2
12/30/2016,957.2
12/31/2016,960.1
1/1/2017,1000.33
1/2/2017,1019.3
1/3/2017,1033.4
1/4/2017,1127.7
1/5/2017,1000.1
1/6/2017,888.7
1/7/2017,897.6
1/8/2017,907.2
1/9/2017,901.6
1/10/2017,906.1
1/11/2017,774
1/12/2017,804.5
1/13/2017,818.9
1/14/2017,812.7
1/15/2017,817.13
1/16/2017,822.9
1/17/2017,910.1
1/18/2017,867.3
1/19/2017,892.9
1/20/2017,893
1/21/2017,918.3
1/22/2017,923
1/23/2017,925
1/24/2017,898.4
1/25/2017,895
1/26/2017,917.6
1/27/2017,915.1
1/28/2017,919.1
1/29/2017,919
1/30/2017,920.4
1/31/2017,966.6
2/1/2017,984.4
2/2/2017,1004.4
2/3/2017,1018.4
2/4/2017,1034.8
2/5/2017,1023.6
2/6/2017,1029.1
2/7/2017,1052
2/8/2017,1067.2
2/9/2017,979
2/10/2017,989.5
2/11/2017,1005.7
2/12/2017,998.4
2/13/2017,998.1
2/14/2017,1013.19
2/15/2017,1014.3
2/16/2017,1039.2
2/17/2017,1058.8
2/18/2017,1062.1
2/19/2017,1057.2
2/20/2017,1085.7
2/21/2017,1133.6
2/22/2017,1128.5
2/23/2017,1176.2
2/24/2017,1187.5
2/25/2017,1157
2/26/2017,1187.4
2/27/2017,1194
2/28/2017,1191.9
3/1/2017,1229.7
3/2/2017,1261.3
3/3/2017,1290.19
3/4/2017,1270.7
3/5/2017,1277
3/6/2017,1277.6
3/7/2017,1232.3
3/8/2017,1167.4
3/9/2017,1197
3/10/2017,1119.23
3/11/2017,1182.5
3/12/2017,1228.3
3/13/2017,1242.2
3/14/2017,1248.4
3/15/2017,1261.3
3/16/2017,1186.5
3/17/2017,1088.8
3/18/2017,967.69
3/19/2017,1047.2
3/20/2017,1057.4
3/21/2017,1124.3
3/22/2017,1048.2
3/23/2017,1037.8
3/24/2017,937.6
3/25/2017,973.48
3/26/2017,969.56
3/27/2017,1041.5
3/28/2017,1046.7
3/29/2017,1042.89
3/30/2017,1037.6
3/31/2017,1079.5
4/1/2017,1088.9
4/2/2017,1103.3
4/3/2017,1145.15
4/4/2017,1142.9
4/5/2017,1134.72
4/6/2017,1191.94
4/7/2017,1192.39
4/8/2017,1184.5
4/9/2017,1209.27
4/10/2017,1206.6
4/11/2017,1223
4/12/2017,1211
4/13/2017,1174
4/14/2017,1188.7
4/15/2017,1186.2
4/16/2017,1188.77
4/17/2017,1198.6
4/18/2017,1203.21
4/19/2017,1208.69
4/20/2017,1234.79
4/21/2017,1247.82
4/22/2017,1247.26
4/23/2017,1249.99
4/24/2017,1254.51
4/25/2017,1282.24
4/26/2017,1296.51
4/27/2017,1329.8
4/28/2017,1321.5
4/29/2017,1322.71
4/30/2017,1340.7
5/1/2017,1396.3
5/2/2017,1424.2
5/3/2017,1476.95
5/4/2017,1510
5/5/2017,1495.17
5/6/2017,1525.07
5/7/2017,1538.08
5/8/2017,1647.13
5/9/2017,1714.01
5/10/2017,1770.94
5/11/2017,1827.01
5/12/2017,1695.05
5/13/2017,1786.69
5/14/2017,1808.43
5/15/2017,1741.69
5/16/2017,1744.97
5/17/2017,1816.96
5/18/2017,1890
5/19/2017,2054.17
5/20/2017,2043.59
5/21/2017,2022.12
5/22/2017,2143.25
5/23/2017,2259.99
5/24/2017,2477.44
5/25/2017,2293
5/26/2017,2155
5/27/2017,2089.05
5/28/2017,2240.01
5/29/2017,2459.6
5/30/2017,2380.04
5/31/2017,2350
6/1/2017,2450
6/2/2017,2579.78
6/3/2017,2568.68
6/4/2017,2501
6/5/2017,2899.99
6/6/2017,2830.5
6/7/2017,2675
6/8/2017,2718.74
6/9/2017,2785.35
6/10/2017,2812.95
6/11/2017,2950
6/12/2017,2670
6/13/2017,2749.47
6/14/2017,2449.3
6/15/2017,2347.4
6/16/2017,2500
6/17/2017,2749.95
6/18/2017,2535.26
6/19/2017,2750
6/20/2017,2760.02
6/21/2017,2397.11
6/22/2017,2718.44
6/23/2017,2673.31
6/24/2017,2700
6/25/2017,2700
6/26/2017,2700
6/27/2017,2700
6/28/2017,2700
6/29/2017,2700
6/30/2017,2700
7/1/2017,2700
7/2/2017,2700
7/3/2017,2700
7/4/2017,2700
7/5/2017,2700
7/6/2017,2700
7/7/2017,2700
7/8/2017,2700
7/9/2017,2700
7/10/2017,2700
7/11/2017,2700
7/12/2017,2700
7/13/2017,2700
7/14/2017,2700
7/15/2017,2700
7/16/2017,2700
7/17/2017,2700
7/18/2017,2700
7/19/2017,2700
7/20/2017,2700
7/21/2017,2648.53
7/22/2017,2813.75
7/23/2017,2788.32
7/24/2017,2763.12
7/25/2017,2681.68
7/26/2017,2681.68
7/27/2017,2681.68
7/28/2017,2681.68
7/29/2017,2681.68
7/30/2017,2681.68
7/31/2017,2681.68
8/1/2017,2720.45
8/2/2017,2680.01
8/3/2017,2741.12
8/4/2017,2863.96
8/5/2017,3272.27
8/6/2017,3235.09
8/7/2017,3394.19
8/8/2017,3461.1
8/9/2017,3358.3
8/10/2017,3391.06
8/11/2017,3645.51
8/12/2017,3875.62
8/13/2017,4149.83
8/14/2017,4287.63
8/15/2017,4164.54
8/16/2017,4371.32
8/17/2017,4261.53
8/18/2017,4156.63
8/19/2017,4157.02
8/20/2017,4065.78
8/21/2017,3990
8/22/2017,4092.46
8/23/2017,4144.04
8/24/2017,4278.4
8/25/2017,4351.25
8/26/2017,4367.72
8/27/2017,4359
8/28/2017,4397.8
8/29/2017,4570
8/30/2017,4533.27
8/31/2017,4745.92
9/1/2017,4905.4
9/2/2017,4566.14
9/3/2017,4638.59
9/4/2017,4343.04
9/5/2017,4455.69
9/6/2017,4602.26
9/7/2017,4599.01
9/8/2017,4356
9/9/2017,4316.99
9/10/2017,4240.8
9/11/2017,4209.61
9/12/2017,4174.25
9/13/2017,3876.7
9/14/2017,3050.68
9/15/2017,3698.51
9/16/2017,3679.96
9/17/2017,3686.99
9/18/2017,4056.94
9/19/2017,3916.34
9/20/2017,3852
9/21/2017,3627.19
9/22/2017,3613.26
9/23/2017,3789.29
9/24/2017,3690.31
9/25/2017,3909.16
9/26/2017,3882.8
9/27/2017,4174.25
9/28/2017,4158.78
9/29/2017,4130.44
9/30/2017,4318.92
10/1/2017,4359.17
10/2/2017,4384.38
10/3/2017,4307.42
10/4/2017,4210.4
10/5/2017,4312.62
10/6/2017,4360.26
10/7/2017,4416.94
10/8/2017,4577.22
10/9/2017,4750.57
10/10/2017,4769.95
10/11/2017,4807
10/12/2017,5460.23
10/13/2017,5656.02
10/14/2017,5824.39
10/15/2017,5711.5
10/16/2017,5717.19
10/17/2017,5586.63
10/18/2017,5569.58
10/19/2017,5681.46
10/20/2017,5973.55
10/21/2017,6019.22
10/22/2017,5974.48
10/23/2017,5830.9
10/24/2017,5527.81
10/25/2017,5693.02
10/26/2017,5882.78
10/27/2017,5883.3
10/28/2017,5695.52
10/29/2017,6120.31
10/30/2017,6080.7
10/31/2017,6410.81
11/1/2017,6739.32
11/2/2017,7075.08
11/3/2017,7223
11/4/2017,7427.56
11/5/2017,7403.99
11/6/2017,7074.29
11/7/2017,7165.75
11/8/2017,7455
11/9/2017,7175.73
11/10/2017,6589.23
11/11/2017,6362.52
11/12/2017,5858.67
11/13/2017,6585.22
11/14/2017,6646.99
11/15/2017,7311.84
11/16/2017,7754.15
11/17/2017,7739
11/18/2017,7768.32
11/19/2017,8020
11/20/2017,8244.51
11/21/2017,8139.27
11/22/2017,8251.91
11/23/2017,8043.47
11/24/2017,8211.45
11/25/2017,8765.26
11/26/2017,8851.85
11/27/2017,9763
11/28/2017,10163.96
11/29/2017,9800
11/30/2017,10431.83
12/1/2017,11048.23
12/2/2017,10993
12/3/2017,11387.53
12/4/2017,11609.54
12/5/2017,11772.96
12/6/2017,13900.37
12/7/2017,19653.47
12/8/2017,16615.72
12/9/2017,15422.4
12/10/2017,15309.09
12/11/2017,16965.66
12/12/2017,17184.59
12/13/2017,16847.92
12/14/2017,16990
12/15/2017,17943.11
12/16/2017,19542.57
12/17/2017,19518.66
12/18/2017,19273.86
12/19/2017,18551
12/20/2017,17122.95
12/21/2017,16926.59
12/22/2017,16600.32
12/23/2017,15203.67
12/24/2017,14400.84
12/25/2017,13912.25
12/26/2017,16187.38
12/27/2017,15836.78
12/28/2017,14990.84
12/29/2017,15228.64
12/30/2017,13233.09
12/31/2017,14720.03
1/1/2018,14253.06
1/2/2018,15194.42
1/3/2018,15407.08
1/4/2018,15972.43
1/5/2018,17501.57
1/6/2018,17478.5
1/7/2018,16904.47
1/8/2018,16127
1/9/2018,15888.87
1/10/2018,16044.17
1/11/2018,14475.06
1/12/2018,14802.1
1/13/2018,15290.02
1/14/2018,14820.79
1/15/2018,14790.41
1/16/2018,11728.48
1/17/2018,11508.3
1/18/2018,11581
1/19/2018,11810.41
1/20/2018,13099.74
1/21/2018,11769.13
1/22/2018,10960.99
1/23/2018,10882.04
1/24/2018,11365.12
1/25/2018,11219.1
1/26/2018,11073.02
1/27/2018,11432.33
1/28/2018,11694.42
1/29/2018,11125.83
1/30/2018,9967.85
1/31/2018,10099.08
2/1/2018,9020.93
2/2/2018,8821.91
2/3/2018,9175
2/4/2018,8162.31
2/5/2018,6885.5
2/6/2018,7715.31
2/7/2018,7567.69
2/8/2018,8263.59
2/9/2018,8704.97
2/10/2018,8605.6
2/11/2018,8111.2
2/12/2018,8929.06
2/13/2018,8546.52
2/14/2018,9464.84
2/15/2018,10024.45
2/16/2018,10226.16
2/17/2018,11072.48
2/18/2018,10372.08
2/19/2018,11141.86
2/20/2018,11198.71
2/21/2018,10468.08
2/22/2018,9854.29
2/23/2018,10150.85
2/24/2018,9684.6
2/25/2018,9601.9
2/26/2018,10301.31
2/27/2018,10543.41
2/28/2018,10326.78
3/1/2018,10896.24
3/2/2018,11039.13
3/3/2018,11486.36
3/4/2018,11498.34
3/5/2018,11460
3/6/2018,10747.23
3/7/2018,9888.23
3/8/2018,9294.7
3/9/2018,9247.66
3/10/2018,8801.91
3/11/2018,9519.68
3/12/2018,9102.29
3/13/2018,9132.86
3/14/2018,8220
3/15/2018,8257.36
3/16/2018,8275.15
3/17/2018,7892
3/18/2018,8187.73
3/19/2018,8599.76
3/20/2018,8896.53
3/21/2018,8896.1
3/22/2018,8728.48
3/23/2018,8893.02
3/24/2018,8533.09
3/25/2018,8487.31
3/26/2018,8135.49
3/27/2018,7806.67
3/28/2018,7929.95
3/29/2018,7075.82
3/30/2018,6866.97
3/31/2018,6970.92
4/1/2018,6858.81
4/2/2018,7080
4/3/2018,7467.91
4/4/2018,6792.1
4/5/2018,6816
4/6/2018,6656.02
4/7/2018,6888.86
4/8/2018,7029.1
4/9/2018,6807.68
4/10/2018,6830.05
4/11/2018,6871.02
4/12/2018,7915.04
4/13/2018,7875.76
4/14/2018,8000.44
4/15/2018,8374.4
4/16/2018,8076.65
4/17/2018,7905.08
4/18/2018,8175.24
4/19/2018,8286.2
4/20/2018,8884.21
4/21/2018,8947.89
4/22/2018,8833.92
4/23/2018,8935.76
4/24/2018,9720
4/25/2018,8836.82
4/26/2018,9210.73
4/27/2018,8909.52
4/28/2018,9241.73
4/29/2018,9349.4
4/30/2018,9264.99
5/1/2018,9074.07
5/2/2018,9218.19
5/3/2018,9711.13
5/4/2018,9690.01
5/5/2018,9847.99
5/6/2018,9643.77
5/7/2018,9360.63
5/8/2018,9171.08
5/9/2018,9285.57
5/10/2018,9002.16
5/11/2018,8343.17
5/12/2018,8462.46
5/13/2018,8706.07
5/14/2018,8704.15
5/15/2018,8482.72
5/16/2018,8352.03
5/17/2018,8045.6
5/18/2018,8278.95
5/19/2018,8255.58
5/20/2018,8517.34
5/21/2018,8401.83
5/22/2018,8113.37
5/23/2018,7576.19
5/24/2018,7596.58
5/25/2018,7531.09
5/26/2018,7383.32
5/27/2018,7385.51
5/28/2018,7112.43
5/29/2018,7486
5/30/2018,7424.57
5/31/2018,7481.92
6/1/2018,7527.74
6/2/2018,7610.8
6/3/2018,7699.23
6/4/2018,7489.78
6/5/2018,7618.23
6/6/2018,7696.35
6/7/2018,7692.53
6/8/2018,7650.39
6/9/2018,7514.54
6/10/2018,6750.17
6/11/2018,6905.01
6/12/2018,6579.9
6/13/2018,6350.4
6/14/2018,6663.72
6/15/2018,6430.79
6/16/2018,6500.01
6/17/2018,6480
6/18/2018,6675.48
6/19/2018,6726.99
6/20/2018,6728.51
6/21/2018,6747.78
6/22/2018,6063.26
6/23/2018,6156
6/24/2018,6188.26
6/25/2018,6242
6/26/2018,6087.42
6/27/2018,6120.8
6/28/2018,5861.93
6/29/2018,6179.22
6/30/2018,6364.6
7/1/2018,6347.71
7/2/2018,6618.18
7/3/2018,6498.77
7/4/2018,6579.32
7/5/2018,6551.6
7/6/2018,6600.68
7/7/2018,6771.71
7/8/2018,6702.01
7/9/2018,6634.5
7/10/2018,6314.89
7/11/2018,6371.97
7/12/2018,6303.88
7/13/2018,6220.84
7/14/2018,6224.52
7/15/2018,6358.73
7/16/2018,6790
7/17/2018,7245.78
7/18/2018,7318.95
7/19/2018,7385.19
7/20/2018,7320.21
7/21/2018,7369.54
7/22/2018,7388.61
7/23/2018,7732.3
7/24/2018,8380.04
7/25/2018,8150.96
7/26/2018,7921.87
7/27/2018,8117.21
7/28/2018,8199.19
7/29/2018,8166.35
7/30/2018,8140.01
7/31/2018,7720.34
8/1/2018,7585.1
8/2/2018,7600.62
8/3/2018,7371.59
8/4/2018,6998
8/5/2018,7085
8/6/2018,6936.62
8/7/2018,6719.17
8/8/2018,6253.55
8/9/2018,6529.01
8/10/2018,6143.15
8/11/2018,6250
8/12/2018,6396.8
8/13/2018,6366.33
8/14/2018,6176.16
8/15/2018,6293.27
8/16/2018,6341.29
8/17/2018,6590.16
8/18/2018,6420.01
8/19/2018,6508.71
8/20/2018,6331.93
8/21/2018,6500
8/22/2018,6347.63
8/23/2018,6529.98
8/24/2018,6706.48
8/25/2018,6739.46
8/26/2018,6636.11
8/27/2018,6912.27
8/28/2018,7095.73
8/29/2018,7023.6
8/30/2018,7020.41
8/31/2018,7010
9/1/2018,7249.26
9/2/2018,7306.06
9/3/2018,7233.26
9/4/2018,7475
9/5/2018,6675.24
9/6/2018,6512.32
9/7/2018,6388.39
9/8/2018,6207.36
9/9/2018,6218.25
9/10/2018,6296.75
9/11/2018,6277.39
9/12/2018,6321.82
9/13/2018,6476.71
9/14/2018,6471.57
9/15/2018,6514.77
9/16/2018,6491.89
9/17/2018,6235.74
9/18/2018,6332.22
9/19/2018,6338.37
9/20/2018,6485.75
9/21/2018,6739.58
9/22/2018,6696.8
9/23/2018,6699.84
9/24/2018,6573.28
9/25/2018,6430.54
9/26/2018,6461.54
9/27/2018,6658.2
9/28/2018,6615.37
9/29/2018,6594.82
9/30/2018,6587.06
10/1/2018,6563.74
10/2/2018,6493.05
10/3/2018,6461.43
10/4/2018,6555.97
10/5/2018,6589.71
10/6/2018,6562.59
10/7/2018,6570.18
10/8/2018,6608.46
10/9/2018,6594.33
10/10/2018,6544.8
10/11/2018,6142.5
10/12/2018,6198.83
10/13/2018,6204.77
10/14/2018,6192.97
10/15/2018,6443.62
10/16/2018,6467.87
10/17/2018,6444.58
10/18/2018,6401.16
10/19/2018,6390.48
10/20/2018,6408.63
10/21/2018,6418.12
10/22/2018,6403.37
10/23/2018,6387.7
10/24/2018,6410.32
10/25/2018,6405.15
10/26/2018,6407.46
10/27/2018,6404
10/28/2018,6416.96
10/29/2018,6262.26
10/30/2018,6268.16
10/31/2018,6305.99
11/1/2018,6336.04
11/2/2018,6340.73
11/3/2018,6334.8
11/4/2018,6426.33
11/5/2018,6399.93
11/6/2018,6442.97
11/7/2018,6496.64
11/8/2018,6394.03
11/9/2018,6351.47
11/10/2018,6356.48
11/11/2018,6373.68
11/12/2018,6346.5
11/13/2018,6269.09
11/14/2018,5615.42
11/15/2018,5586.29
11/16/2018,5527.96
11/17/2018,5515.75
11/18/2018,5566.68
11/19/2018,4743.16
11/20/2018,4350.03
11/21/2018,4539.14
11/22/2018,4285.42
11/23/2018,4310
11/24/2018,3800.44
11/25/2018,3948.21
11/26/2018,3751.06
11/27/2018,3782.94
11/28/2018,4225.68
11/29/2018,4257.88
11/30/2018,3980.39
12/1/2018,4148.42
12/2/2018,4098.08
12/3/2018,3839.8
12/4/2018,3910.95
12/5/2018,3814.07
12/6/2018,3814.07
12/7/2018,3814.07
12/8/2018,3814.07
12/9/2018,3814.07
12/10/2018,3814.07
12/11/2018,3814.07
12/12/2018,3814.07
12/13/2018,3814.07
12/14/2018,3814.07
12/15/2018,3814.07
12/16/2018,3814.07
12/17/2018,3814.07
12/18/2018,3814.07
12/19/2018,3814.07
12/20/2018,3814.07
12/21/2018,3814.07
12/22/2018,3814.07
12/23/2018,3814.07
12/24/2018,3814.07
12/25/2018,3814.07
12/26/2018,3814.07
12/27/2018,3814.07
12/28/2018,3814.07
12/29/2018,3814.07
12/30/2018,3814.07
12/31/2018,3814.07
1/1/2019,3814.07
1/2/2019,3814.07
1/3/2019,3814.07
1/4/2019,3814.07
1/5/2019,3814.07
1/6/2019,3814.07
1/7/2019,3814.07
1/8/2019,3814.07
1/9/2019,3814.07
1/10/2019,3814.07
1/11/2019,3814.07
1/12/2019,3814.07
1/13/2019,3814.07
1/14/2019,3814.07
1/15/2019,3814.07
1/16/2019,3814.07
1/17/2019,3814.07
1/18/2019,3814.07
1/19/2019,3814.07
1/20/2019,3814.07
1/21/2019,3814.07
1/22/2019,3814.07
1/23/2019,3814.07
1/24/2019,3814.07
1/25/2019,3814.07
1/26/2019,3814.07
1/27/2019,3814.07
1/28/2019,3814.07
1/29/2019,3814.07
1/30/2019,3814.07
1/31/2019,3814.07
2/1/2019,3814.07
2/2/2019,3814.07
2/3/2019,3814.07
2/4/2019,3814.07
2/5/2019,3814.07
2/6/2019,3814.07
2/7/2019,3814.07
2/8/2019,3814.07
2/9/2019,3814.07
2/10/2019,3814.07
2/11/2019,3814.07
2/12/2019,3814.07
2/13/2019,3814.07
2/14/2019,3814.07
2/15/2019,3814.07
2/16/2019,3814.07
2/17/2019,3814.07
2/18/2019,3814.07
2/19/2019,3814.07
2/20/2019,3814.07
2/21/2019,3814.07
2/22/2019,3814.07
2/23/2019,3814.07
2/24/2019,3814.07
2/25/2019,3814.07
2/26/2019,3814.07
2/27/2019,3814.07
2/28/2019,3814.07
3/1/2019,3814.07
3/2/2019,3814.07
3/3/2019,3814.07
3/4/2019,3814.07
3/5/2019,3814.07
3/6/2019,3814.07
3/7/2019,3814.07
3/8/2019,3814.07
3/9/2019,3814.07
3/10/2019,3814.07
3/11/2019,3814.07
3/12/2019,3814.07
3/13/2019,3814.07
3/14/2019,3814.07
3/15/2019,3814.07
3/16/2019,3814.07
3/17/2019,3814.07
3/18/2019,3814.07
3/19/2019,3814.07
3/20/2019,3814.07
3/21/2019,3814.07
3/22/2019,3814.07
3/23/2019,3814.07
3/24/2019,3814.07
3/25/2019,3814.07
3/26/2019,3814.07
3/27/2019,3814.07
3/28/2019,3814.07
3/29/2019,3814.07
3/30/2019,3814.07
3/31/2019,3814.07
4/1/2019,3814.07
4/2/2019,3814.07
4/3/2019,3814.07
4/4/2019,3814.07
4/5/2019,3814.07
4/6/2019,3814.07
4/7/2019,3814.07
4/8/2019,3814.07
4/9/2019,3814.07
4/10/2019,3814.07
4/11/2019,3814.07
4/12/2019,3814.07
4/13/2019,3814.07
4/14/2019,3814.07
4/15/2019,3814.07
4/16/2019,3814.07
4/17/2019,3814.07
4/18/2019,3814.07
4/19/2019,3814.07
4/20/2019,3814.07
4/21/2019,3814.07
4/22/2019,3814.07
4/23/2019,3814.07
4/24/2019,3814.07
4/25/2019,3814.07
4/26/2019,3814.07
4/27/2019,3814.07
4/28/2019,3814.07
4/29/2019,3814.07
4/30/2019,3814.07
5/1/2019,3814.07
5/2/2019,3814.07
5/3/2019,3814.07
5/4/2019,3814.07
5/5/2019,3814.07
5/6/2019,3814.07
5/7/2019,3814.07
5/8/2019,3814.07
5/9/2019,3814.07
5/10/2019,3814.07
5/11/2019,3814.07
5/12/2019,3814.07
5/13/2019,3814.07
5/14/2019,3814.07
5/15/2019,3814.07
5/16/2019,3814.07
5/17/2019,3814.07
5/18/2019,3814.07
5/19/2019,3814.07
5/20/2019,3814.07
5/21/2019,3814.07
5/22/2019,3814.07
5/23/2019,3814.07
5/24/2019,3814.07
5/25/2019,3814.07
5/26/2019,3814.07
5/27/2019,3814.07
5/28/2019,3814.07
5/29/2019,3814.07
5/30/2019,3814.07
5/31/2019,3814.07
6/1/2019,3814.07
6/2/2019,3814.07
6/3/2019,3814.07
6/4/2019,3814.07
6/5/2019,3814.07
6/6/2019,3814.07
6/7/2019,3814.07
6/8/2019,3814.07
6/9/2019,3814.07
6/10/2019,3814.07
6/11/2019,3814.07
6/12/2019,3814.07
6/13/2019,3814.07
6/14/2019,3814.07
6/15/2019,3814.07
6/16/2019,3814.07
6/17/2019,3814.07
6/18/2019,3814.07
6/19/2019,3814.07
6/20/2019,3814.07
6/21/2019,3814.07
6/22/2019,3814.07
6/23/2019,3814.07
6/24/2019,3814.07
6/25/2019,3814.07
6/26/2019,3814.07
6/27/2019,3814.07
6/28/2019,3814.07
6/29/2019,3814.07
6/30/2019,3814.07
7/1/2019,3814.07
7/2/2019,3814.07
7/3/2019,3814.07
7/4/2019,3814.07
7/5/2019,3814.07
7/6/2019,3814.07
7/7/2019,3814.07
7/8/2019,3814.07
7/9/2019,3814.07
7/10/2019,3814.07
7/11/2019,3814.07
7/12/2019,3814.07
7/13/2019,3814.07
7/14/2019,3814.07
7/15/2019,3814.07
7/16/2019,3814.07
7/17/2019,3814.07
7/18/2019,3814.07
7/19/2019,3814.07
7/20/2019,3814.07
7/21/2019,3814.07
7/22/2019,3814.07
7/23/2019,3814.07
7/24/2019,3814.07
7/25/2019,3814.07
7/26/2019,3814.07
7/27/2019,3814.07
7/28/2019,3814.07
7/29/2019,3814.07
7/30/2019,3814.07
7/31/2019,3814.07
8/1/2019,3814.07
8/2/2019,3814.07
8/3/2019,3814.07
8/4/2019,3814.07
8/5/2019,3814.07
8/6/2019,3814.07
8/7/2019,3814.07
8/8/2019,3814.07
8/9/2019,3814.07
8/10/2019,3814.07
8/11/2019,3814.07
8/12/2019,3814.07
8/13/2019,3814.07
8/14/2019,3814.07
8/15/2019,3814.07
8/16/2019,3814.07
8/17/2019,3814.07
8/18/2019,3814.07
8/19/2019,3814.07
8/20/2019,3814.07
8/21/2019,3814.07
8/22/2019,3814.07
8/23/2019,3814.07
8/24/2019,3814.07
8/25/2019,3814.07
8/26/2019,3814.07
8/27/2019,3814.07
8/28/2019,3814.07
8/29/2019,3814.07
8/30/2019,3814.07
8/31/2019,3814.07
9/1/2019,3814.07
9/2/2019,3814.07
9/3/2019,3814.07
9/4/2019,3814.07
9/5/2019,3814.07
9/6/2019,3814.07
9/7/2019,3814.07
9/8/2019,3814.07
9/9/2019,3814.07
9/10/2019,3814.07
9/11/2019,3814.07
9/12/2019,3814.07
9/13/2019,3814.07
9/14/2019,3814.07
9/15/2019,3814.07
9/16/2019,3814.07
9/17/2019,3814.07
9/18/2019,3814.07
9/19/2019,3814.07
9/20/2019,3814.07
9/21/2019,3814.07
9/22/2019,3814.07
9/23/2019,3814.07
9/24/2019,3814.07
9/25/2019,3814.07
9/26/2019,3814.07
9/27/2019,3814.07
9/28/2019,3814.07
9/29/2019,3814.07
9/30/2019,3814.07
10/1/2019,3814.07
10/2/2019,3814.07
10/3/2019,3814.07
10/4/2019,3814.07
10/5/2019,3814.07
10/6/2019,3814.07
10/7/2019,3814.07
10/8/2019,3814.07
10/9/2019,3814.07
10/10/2019,3814.07
10/11/2019,3814.07
10/12/2019,3814.07
10/13/2019,3814.07
10/14/2019,3814.07
10/15/2019,3814.07
10/16/2019,3814.07
10/17/2019,3814.07
10/18/2019,3814.07
10/19/2019,3814.07
10/20/2019,3814.07
10/21/2019,3814.07
10/22/2019,3814.07
10/23/2019,3814.07
10/24/2019,3814.07
10/25/2019,3814.07
10/26/2019,3814.07
10/27/2019,3814.07
10/28/2019,3814.07
10/29/2019,3814.07
10/30/2019,3814.07
10/31/2019,3814.07
11/1/2019,3814.07
11/2/2019,3814.07
11/3/2019,3814.07
11/4/2019,3814.07
11/5/2019,3814.07
11/6/2019,3814.07
11/7/2019,3814.07
11/8/2019,3814.07
11/9/2019,3814.07
11/10/2019,3814.07
11/11/2019,3814.07
11/12/2019,3814.07
11/13/2019,3814.07
11/14/2019,3814.07
11/15/2019,3814.07
11/16/2019,3814.07
11/17/2019,3814.07
11/18/2019,3814.07
11/19/2019,3814.07
11/20/2019,3814.07
11/21/2019,3814.07
11/22/2019,3814.07
11/23/2019,3814.07
11/24/2019,3814.07
11/25/2019,3814.07
11/26/2019,3814.07
11/27/2019,3814.07
11/28/2019,3814.07
